algorithm_status,b4_1_redline_summary_json,best_reduced_cost,bpc_tree_optimal,certificate_leak,certificate_scope,cold_start_resume_previous_sec,cold_start_stage_sum_sec,cold_start_total_sec,column_provenance,config_hash,exact_certificate,external_probe_used,fail_reason,final_judge_formulation_profile,final_judge_profile,final_judge_threads,global_remaining_rc_lb,instance_index,instance_key,instance_path,labeling_final_judge_adaptive_harvest_schedule,labeling_final_judge_exact_harvest_target,labeling_final_judge_max_exact_tasks,labeling_final_judge_mode,labeling_max_selected_containment,labeling_max_selected_jaccard,labeling_strong_replacement_threshold,labeling_support_aware_harvest_enabled,labeling_support_continuation_max_neighbors,labeling_support_continuation_max_seed_sets,labeling_support_continuation_protected_seed_count,labeling_support_continuation_seed_enabled,labeling_support_overlap_threshold,labeling_weak_replacement_cap,labeling_worker_max_task_cap,large_task_direct_worker_enabled,large_task_direct_worker_max_candidate_sets,large_task_direct_worker_max_tasks,large_task_direct_worker_neighborhood_width,large_task_direct_worker_time_cap_sec,manual_columns_used,manual_rc_fail,mature_pool_used,model_id,no_cheat_pass,note,official_dual_source,per_instance_override_used,pricing_proof_kind,pricing_proof_sec,pricing_rc_fail,pricing_state,profile,root_cg_sec,root_engine,root_partition_active_sortie_bound_pruned_region_count,root_partition_active_sortie_global_max,root_partition_active_sortie_global_max_source,root_partition_auxiliary_exact_region_count,root_partition_certified_no_negative,root_partition_coarse_covered_region_count,root_partition_coarse_incomplete_region_count,root_partition_coarse_region_count,root_partition_expected_region_count,root_partition_feedback_added_column_count,root_partition_feedback_round_count,root_partition_feedback_sec,root_partition_post_final_feedback_added_column_count,root_partition_post_final_feedback_best_true_rc,root_partition_post_final_feedback_candidate_count,root_partition_post_final_feedback_eligible_count,root_partition_post_final_feedback_enabled,root_partition_post_final_feedback_mutates_certificate,root_partition_post_final_feedback_output_probe,root_partition_post_final_feedback_rejected_column_count,root_partition_post_final_feedback_resume_counts_prior_time,root_partition_post_final_feedback_selected_column_count,root_partition_proof_enabled,root_partition_sec,root_pool_active_column_count,root_pool_algorithm_status,root_pool_certificate_scope,root_pool_certified,root_pool_env_labeling_final_judge,root_pool_env_labeling_final_judge_exact_harvest_target,root_pool_env_labeling_final_judge_max_tasks,root_pool_exact_negative_harvest_candidate_count,root_pool_exact_negative_harvest_selected_count,root_pool_exact_negative_harvest_selected_new_task_set_count,root_pool_exact_negative_harvest_selected_replacement_task_set_count,root_pool_exact_negative_harvest_selection_policy,root_pool_exact_negative_harvest_target,root_pool_final_judge_history_round_count,root_pool_final_judge_history_wall_time,root_pool_labeling_final_judge_auto_mode,root_pool_labeling_final_judge_auto_selected,root_pool_labeling_final_judge_auto_skip_reason,root_pool_labeling_final_judge_enabled,root_pool_labeling_final_judge_exact_harvest_target,root_pool_labeling_final_judge_exact_harvest_target_source,root_pool_large_task_direct_worker_can_certify_no_negative,root_pool_large_task_direct_worker_candidate_round_count,root_pool_large_task_direct_worker_certificate_leak_count,root_pool_large_task_direct_worker_column_count,root_pool_large_task_direct_worker_seed_count,root_pool_large_task_direct_worker_true_negative_count,root_pool_latest_probe_json,root_pool_official_dual_source,root_pool_post_final_judge_harvest_added_to_master_count,root_pool_post_final_judge_harvest_candidate_negative_count,root_pool_post_final_judge_harvest_rejected_duplicate_count,root_pool_post_final_judge_harvest_rejected_not_addable_count,root_pool_post_final_judge_harvest_selected_count,root_pool_post_final_judge_harvest_selected_new_task_set_count,root_pool_post_final_judge_harvest_selected_replacement_task_set_count,root_pool_pricing_state,root_pool_stage_count,root_pool_stage_subprocess_timeout_with_progress_count,root_pool_support_continuation_active_protected_seed_count,root_pool_support_continuation_active_seed_count,root_pool_support_continuation_can_certify_no_negative,root_pool_support_continuation_certificate_leak_count,root_pool_support_continuation_max_neighbors,root_pool_support_continuation_max_seed_sets,root_pool_support_continuation_protected_seed_count,root_pool_support_continuation_seed_count,root_pool_support_continuation_seed_policy,root_pool_tail_dual_certificate_leak_count,root_pool_tail_dual_no_column_can_certify,root_pool_true_dual_rc_recompute_missing_count,root_pool_true_dual_rc_recomputed,root_pool_wall_sec,root_pool_worker_can_certify_no_negative,root_pool_worker_certificate_leak_count,root_pool_worker_dual_only,root_pool_worker_harvest_candidate_negative_count,root_pool_worker_harvest_rejected_duplicate_count,root_pool_worker_harvest_rejected_not_addable_count,root_pool_worker_harvest_selected_count,root_pool_worker_harvest_selected_new_task_set_count,root_pool_worker_harvest_selected_replacement_task_set_count,root_pool_worker_root_lp_bound_official,root_pool_worker_uses_true_dual_bpc_certificate,row_budget_exhausted,row_limit_sec,row_terminal,same_run_checkpoint_resume_allowed,same_run_checkpoint_resume_eligible,same_run_checkpoint_resume_used,scale,schema_version,seed_mode,seed_sec,seed_sec_instrumented,source_probe_json,tail_dual_certificate_leak,tail_dual_no_column_can_certify,tail_dual_stabilization_alpha,tail_dual_stabilization_enabled,tail_dual_stabilization_window,threads,tree_closure_labeling_final_judge_enabled,tree_closure_labeling_final_judge_exact_harvest_target,tree_closure_labeling_final_judge_max_exact_tasks,tree_closure_labeling_final_judge_mode,tree_closure_tail_dual_stabilization_enabled,tree_closure_worker_pricer_kind,tree_columns_added,tree_loaded_column_count,tree_result_json,tree_round_count,tree_sec,true_dual_rc_recompute_missing,true_dual_rc_recomputed,under_300,under_500,under_acceptance_limit,worker_can_certify_no_negative,worker_certificate_leak,worker_dual_only,worker_pricer_kind,worker_root_lp_bound_official,worker_uses_true_dual_bpc_certificate
BPC_OPTIMAL,/home/kai/work/GAT_BPC_moonTerk/runs/p0v4_v5_scale5_paired_nonregression_bound_20260731/block03_P0V4/scale_005/proofs/scale_005/instance_001/b4_1_summary.json,,True,0,BPC_TREE_OPTIMAL,0.0,0.318921,0.46053,instance_json_fixed_seed_same_run_checkpoint_and_partition_feedback,09f58e9678d38e09,True,False,,,,,-1e-06,1,instance_001,/home/kai/work/GAT_BPC_moonTerk/data/instances/lunar_ice_sp50_005/instance_001_logical_graph.json,,8,5,on,0.8,0.5,-0.0001,True,4,240,8,True,0.6,8,5,False,240,12,5,25.0,False,0,False,NATIVE_LIVE_SRI_P0V3_MEMORY_COMPACT_CANDIDATE_V3_S5_native_rcspp_inprocess,True,,current_true_rmp_dual,False,EXHAUSTIVE_NO_NEGATIVE,0.009679,0,CERTIFIED_NO_NEGATIVE,V4SH,0.130444,b2b_r3_worker,0,0,,0,False,0,0,0,0,0,0,0.0,0,,0,0,False,False,,0,False,0,False,,22,BPC_GAP_AVAILABLE,BPC_NODE_LP_CERTIFIED,True,1,8,5,0,0,0,0,,0,4,0.017347,False,False,,True,8,explicit_parameter,False,0,0,0,0,0,/home/kai/work/GAT_BPC_moonTerk/runs/p0v4_v5_scale5_paired_nonregression_bound_20260731/block03_P0V4/scale_005/pools/scale_005/instance_001/stage_001/probe.json,,17,17,0,0,17,16,1,CERTIFIED_NO_NEGATIVE,1,0,0,0,False,0,0,0,0,0,,0,False,0,False,0.25101,False,0,False,0,0,0,0,0,0,False,False,False,3600.0,True,True,False,False,5,lunar_ice_bpc.b4_2_cold_exact_row.v1,b0_incumbent_plus_singletons,0.0,False,/home/kai/work/GAT_BPC_moonTerk/runs/p0v4_v5_scale5_paired_nonregression_bound_20260731/block03_P0V4/scale_005/pools/scale_005/instance_001/stage_001/probe.json,0,False,0.7,True,5,4,True,8,5,on,True,relaxed_labeling,0,22,/home/kai/work/GAT_BPC_moonTerk/runs/p0v4_v5_scale5_paired_nonregression_bound_20260731/block03_P0V4/scale_005/proofs/scale_005/instance_001/tree_closure_results/tree_closure_001.json,1,0.188477,0,True,True,True,True,False,0,True,relaxed_labeling,False,False
BPC_OPTIMAL,/home/kai/work/GAT_BPC_moonTerk/runs/p0v4_v5_scale5_paired_nonregression_bound_20260731/block03_P0V4/scale_005/proofs/scale_005/instance_002/b4_1_summary.json,,True,0,BPC_TREE_OPTIMAL,0.0,0.2863,0.429355,instance_json_fixed_seed_same_run_checkpoint_and_partition_feedback,09f58e9678d38e09,True,False,,,,,-1e-06,2,instance_002,/home/kai/work/GAT_BPC_moonTerk/data/instances/lunar_ice_sp50_005/instance_002_logical_graph.json,,8,5,on,0.8,0.5,-0.0001,True,4,240,8,True,0.6,8,5,False,240,12,5,25.0,False,0,False,NATIVE_LIVE_SRI_P0V3_MEMORY_COMPACT_CANDIDATE_V3_S5_native_rcspp_inprocess,True,,current_true_rmp_dual,False,EXHAUSTIVE_NO_NEGATIVE,0.012412,0,CERTIFIED_NO_NEGATIVE,V4SH,0.126411,b2b_r3_worker,0,0,,0,False,0,0,0,0,0,0,0.0,0,,0,0,False,False,,0,False,0,False,,21,BPC_GAP_AVAILABLE,BPC_NODE_LP_CERTIFIED,True,1,8,5,0,0,0,0,,0,3,0.020101,False,False,,True,8,explicit_parameter,False,0,0,0,0,0,/home/kai/work/GAT_BPC_moonTerk/runs/p0v4_v5_scale5_paired_nonregression_bound_20260731/block03_P0V4/scale_005/pools/scale_005/instance_002/stage_001/probe.json,,16,16,0,0,16,15,1,CERTIFIED_NO_NEGATIVE,1,0,0,0,False,0,0,0,0,0,,0,False,0,False,0.249257,False,0,False,0,0,0,0,0,0,False,False,False,3600.0,True,True,False,False,5,lunar_ice_bpc.b4_2_cold_exact_row.v1,b0_incumbent_plus_singletons,0.0,False,/home/kai/work/GAT_BPC_moonTerk/runs/p0v4_v5_scale5_paired_nonregression_bound_20260731/block03_P0V4/scale_005/pools/scale_005/instance_002/stage_001/probe.json,0,False,0.7,True,5,4,True,8,5,on,True,relaxed_labeling,0,21,/home/kai/work/GAT_BPC_moonTerk/runs/p0v4_v5_scale5_paired_nonregression_bound_20260731/block03_P0V4/scale_005/proofs/scale_005/instance_002/tree_closure_results/tree_closure_001.json,1,0.159889,0,True,True,True,True,False,0,True,relaxed_labeling,False,False
BPC_OPTIMAL,/home/kai/work/GAT_BPC_moonTerk/runs/p0v4_v5_scale5_paired_nonregression_bound_20260731/block03_P0V4/scale_005/proofs/scale_005/instance_003/b4_1_summary.json,,True,0,BPC_TREE_OPTIMAL,0.0,0.311511,0.451603,instance_json_fixed_seed_same_run_checkpoint_and_partition_feedback,09f58e9678d38e09,True,False,,,,,-1e-06,3,instance_003,/home/kai/work/GAT_BPC_moonTerk/data/instances/lunar_ice_sp50_005/instance_003_logical_graph.json,,8,5,on,0.8,0.5,-0.0001,True,4,240,8,True,0.6,8,5,False,240,12,5,25.0,False,0,False,NATIVE_LIVE_SRI_P0V3_MEMORY_COMPACT_CANDIDATE_V3_S5_native_rcspp_inprocess,True,,current_true_rmp_dual,False,EXHAUSTIVE_NO_NEGATIVE,0.012856,0,CERTIFIED_NO_NEGATIVE,V4SH,0.12408,b2b_r3_worker,0,0,,0,False,0,0,0,0,0,0,0.0,0,,0,0,False,False,,0,False,0,False,,26,BPC_GAP_AVAILABLE,BPC_NODE_LP_CERTIFIED,True,1,8,5,0,0,0,0,,0,5,0.031234,False,False,,True,8,explicit_parameter,False,0,0,0,0,0,/home/kai/work/GAT_BPC_moonTerk/runs/p0v4_v5_scale5_paired_nonregression_bound_20260731/block03_P0V4/scale_005/pools/scale_005/instance_003/stage_001/probe.json,,21,21,0,0,21,20,1,CERTIFIED_NO_NEGATIVE,1,0,0,0,False,0,0,0,0,0,,0,False,0,False,0.243764,False,0,False,0,0,0,0,0,0,False,False,False,3600.0,True,True,False,False,5,lunar_ice_bpc.b4_2_cold_exact_row.v1,b0_incumbent_plus_singletons,0.0,False,/home/kai/work/GAT_BPC_moonTerk/runs/p0v4_v5_scale5_paired_nonregression_bound_20260731/block03_P0V4/scale_005/pools/scale_005/instance_003/stage_001/probe.json,0,False,0.7,True,5,4,True,8,5,on,True,relaxed_labeling,0,26,/home/kai/work/GAT_BPC_moonTerk/runs/p0v4_v5_scale5_paired_nonregression_bound_20260731/block03_P0V4/scale_005/proofs/scale_005/instance_003/tree_closure_results/tree_closure_001.json,1,0.187431,0,True,True,True,True,False,0,True,relaxed_labeling,False,False
BPC_OPTIMAL,/home/kai/work/GAT_BPC_moonTerk/runs/p0v4_v5_scale5_paired_nonregression_bound_20260731/block03_P0V4/scale_005/proofs/scale_005/instance_004/b4_1_summary.json,,True,0,BPC_TREE_OPTIMAL,0.0,0.297807,0.439082,instance_json_fixed_seed_same_run_checkpoint_and_partition_feedback,09f58e9678d38e09,True,False,,,,,-1e-06,4,instance_004,/home/kai/work/GAT_BPC_moonTerk/data/instances/lunar_ice_sp50_005/instance_004_logical_graph.json,,8,5,on,0.8,0.5,-0.0001,True,4,240,8,True,0.6,8,5,False,240,12,5,25.0,False,0,False,NATIVE_LIVE_SRI_P0V3_MEMORY_COMPACT_CANDIDATE_V3_S5_native_rcspp_inprocess,True,,current_true_rmp_dual,False,EXHAUSTIVE_NO_NEGATIVE,0.013967,0,CERTIFIED_NO_NEGATIVE,V4SH,0.114809,b2b_r3_worker,0,0,,0,False,0,0,0,0,0,0,0.0,0,,0,0,False,False,,0,False,0,False,,21,BPC_GAP_AVAILABLE,BPC_NODE_LP_CERTIFIED,True,1,8,5,0,0,0,0,,0,5,0.032725,False,False,,True,8,explicit_parameter,False,0,0,0,0,0,/home/kai/work/GAT_BPC_moonTerk/runs/p0v4_v5_scale5_paired_nonregression_bound_20260731/block03_P0V4/scale_005/pools/scale_005/instance_004/stage_001/probe.json,,16,16,0,0,16,15,1,CERTIFIED_NO_NEGATIVE,1,0,0,0,False,0,0,0,0,0,,0,False,0,False,0.235737,False,0,False,0,0,0,0,0,0,False,False,False,3600.0,True,True,False,False,5,lunar_ice_bpc.b4_2_cold_exact_row.v1,b0_incumbent_plus_singletons,0.0,False,/home/kai/work/GAT_BPC_moonTerk/runs/p0v4_v5_scale5_paired_nonregression_bound_20260731/block03_P0V4/scale_005/pools/scale_005/instance_004/stage_001/probe.json,0,False,0.7,True,5,4,True,8,5,on,True,relaxed_labeling,0,21,/home/kai/work/GAT_BPC_moonTerk/runs/p0v4_v5_scale5_paired_nonregression_bound_20260731/block03_P0V4/scale_005/proofs/scale_005/instance_004/tree_closure_results/tree_closure_001.json,1,0.182998,0,True,True,True,True,False,0,True,relaxed_labeling,False,False
BPC_OPTIMAL,/home/kai/work/GAT_BPC_moonTerk/runs/p0v4_v5_scale5_paired_nonregression_bound_20260731/block03_P0V4/scale_005/proofs/scale_005/instance_005/b4_1_summary.json,,True,0,BPC_TREE_OPTIMAL,0.0,0.284204,0.425904,instance_json_fixed_seed_same_run_checkpoint_and_partition_feedback,09f58e9678d38e09,True,False,,,,,-1e-06,5,instance_005,/home/kai/work/GAT_BPC_moonTerk/data/instances/lunar_ice_sp50_005/instance_005_logical_graph.json,,8,5,on,0.8,0.5,-0.0001,True,4,240,8,True,0.6,8,5,False,240,12,5,25.0,False,0,False,NATIVE_LIVE_SRI_P0V3_MEMORY_COMPACT_CANDIDATE_V3_S5_native_rcspp_inprocess,True,,current_true_rmp_dual,False,EXHAUSTIVE_NO_NEGATIVE,0.009522,0,CERTIFIED_NO_NEGATIVE,V4SH,0.118558,b2b_r3_worker,0,0,,0,False,0,0,0,0,0,0,0.0,0,,0,0,False,False,,0,False,0,False,,21,BPC_GAP_AVAILABLE,BPC_NODE_LP_CERTIFIED,True,1,8,5,0,0,0,0,,0,3,0.03082,False,False,,True,8,explicit_parameter,False,0,0,0,0,0,/home/kai/work/GAT_BPC_moonTerk/runs/p0v4_v5_scale5_paired_nonregression_bound_20260731/block03_P0V4/scale_005/pools/scale_005/instance_005/stage_001/probe.json,,16,16,0,0,16,15,1,CERTIFIED_NO_NEGATIVE,1,0,0,0,False,0,0,0,0,0,,0,False,0,False,0.239563,False,0,False,0,0,0,0,0,0,False,False,False,3600.0,True,True,False,False,5,lunar_ice_bpc.b4_2_cold_exact_row.v1,b0_incumbent_plus_singletons,0.0,False,/home/kai/work/GAT_BPC_moonTerk/runs/p0v4_v5_scale5_paired_nonregression_bound_20260731/block03_P0V4/scale_005/pools/scale_005/instance_005/stage_001/probe.json,0,False,0.7,True,5,4,True,8,5,on,True,relaxed_labeling,0,21,/home/kai/work/GAT_BPC_moonTerk/runs/p0v4_v5_scale5_paired_nonregression_bound_20260731/block03_P0V4/scale_005/proofs/scale_005/instance_005/tree_closure_results/tree_closure_001.json,1,0.165646,0,True,True,True,True,False,0,True,relaxed_labeling,False,False
BPC_OPTIMAL,/home/kai/work/GAT_BPC_moonTerk/runs/p0v4_v5_scale5_paired_nonregression_bound_20260731/block03_P0V4/scale_005/proofs/scale_005/instance_006/b4_1_summary.json,,True,0,BPC_TREE_OPTIMAL,0.0,0.273889,0.417458,instance_json_fixed_seed_same_run_checkpoint_and_partition_feedback,09f58e9678d38e09,True,False,,,,,-1e-06,6,instance_006,/home/kai/work/GAT_BPC_moonTerk/data/instances/lunar_ice_sp50_005/instance_006_logical_graph.json,,8,5,on,0.8,0.5,-0.0001,True,4,240,8,True,0.6,8,5,False,240,12,5,25.0,False,0,False,NATIVE_LIVE_SRI_P0V3_MEMORY_COMPACT_CANDIDATE_V3_S5_native_rcspp_inprocess,True,,current_true_rmp_dual,False,EXHAUSTIVE_NO_NEGATIVE,0.016184,0,CERTIFIED_NO_NEGATIVE,V4SH,0.092098,b2b_r3_worker,0,0,,0,False,0,0,0,0,0,0,0.0,0,,0,0,False,False,,0,False,0,False,,24,BPC_GAP_AVAILABLE,BPC_NODE_LP_CERTIFIED,True,1,8,5,0,0,0,0,,0,4,0.024136,False,False,,True,8,explicit_parameter,False,0,0,0,0,0,/home/kai/work/GAT_BPC_moonTerk/runs/p0v4_v5_scale5_paired_nonregression_bound_20260731/block03_P0V4/scale_005/pools/scale_005/instance_006/stage_001/probe.json,,19,19,0,0,19,18,1,CERTIFIED_NO_NEGATIVE,1,0,0,0,False,0,0,0,0,0,,0,False,0,False,0.215183,False,0,False,0,0,0,0,0,0,False,False,False,3600.0,True,True,False,False,5,lunar_ice_bpc.b4_2_cold_exact_row.v1,b0_incumbent_plus_singletons,0.0,False,/home/kai/work/GAT_BPC_moonTerk/runs/p0v4_v5_scale5_paired_nonregression_bound_20260731/block03_P0V4/scale_005/pools/scale_005/instance_006/stage_001/probe.json,0,False,0.7,True,5,4,True,8,5,on,True,relaxed_labeling,0,24,/home/kai/work/GAT_BPC_moonTerk/runs/p0v4_v5_scale5_paired_nonregression_bound_20260731/block03_P0V4/scale_005/proofs/scale_005/instance_006/tree_closure_results/tree_closure_001.json,1,0.181791,0,True,True,True,True,False,0,True,relaxed_labeling,False,False
BPC_OPTIMAL,/home/kai/work/GAT_BPC_moonTerk/runs/p0v4_v5_scale5_paired_nonregression_bound_20260731/block03_P0V4/scale_005/proofs/scale_005/instance_007/b4_1_summary.json,,True,0,BPC_TREE_OPTIMAL,0.0,0.291513,0.437382,instance_json_fixed_seed_same_run_checkpoint_and_partition_feedback,09f58e9678d38e09,True,False,,,,,-1e-06,7,instance_007,/home/kai/work/GAT_BPC_moonTerk/data/instances/lunar_ice_sp50_005/instance_007_logical_graph.json,,8,5,on,0.8,0.5,-0.0001,True,4,240,8,True,0.6,8,5,False,240,12,5,25.0,False,0,False,NATIVE_LIVE_SRI_P0V3_MEMORY_COMPACT_CANDIDATE_V3_S5_native_rcspp_inprocess,True,,current_true_rmp_dual,False,EXHAUSTIVE_NO_NEGATIVE,0.011389,0,CERTIFIED_NO_NEGATIVE,V4SH,0.085308,b2b_r3_worker,0,0,,0,False,0,0,0,0,0,0,0.0,0,,0,0,False,False,,0,False,0,False,,21,BPC_GAP_AVAILABLE,BPC_NODE_LP_CERTIFIED,True,1,8,5,0,0,0,0,,0,3,0.02301,False,False,,True,8,explicit_parameter,False,0,0,0,0,0,/home/kai/work/GAT_BPC_moonTerk/runs/p0v4_v5_scale5_paired_nonregression_bound_20260731/block03_P0V4/scale_005/pools/scale_005/instance_007/stage_001/probe.json,,16,16,0,0,16,15,1,CERTIFIED_NO_NEGATIVE,1,0,0,0,False,0,0,0,0,0,,0,False,0,False,0.210601,False,0,False,0,0,0,0,0,0,False,False,False,3600.0,True,True,False,False,5,lunar_ice_bpc.b4_2_cold_exact_row.v1,b0_incumbent_plus_singletons,0.0,False,/home/kai/work/GAT_BPC_moonTerk/runs/p0v4_v5_scale5_paired_nonregression_bound_20260731/block03_P0V4/scale_005/pools/scale_005/instance_007/stage_001/probe.json,0,False,0.7,True,5,4,True,8,5,on,True,relaxed_labeling,0,21,/home/kai/work/GAT_BPC_moonTerk/runs/p0v4_v5_scale5_paired_nonregression_bound_20260731/block03_P0V4/scale_005/proofs/scale_005/instance_007/tree_closure_results/tree_closure_001.json,1,0.206205,0,True,True,True,True,False,0,True,relaxed_labeling,False,False
BPC_OPTIMAL,/home/kai/work/GAT_BPC_moonTerk/runs/p0v4_v5_scale5_paired_nonregression_bound_20260731/block03_P0V4/scale_005/proofs/scale_005/instance_008/b4_1_summary.json,,True,0,BPC_TREE_OPTIMAL,0.0,0.330721,0.472405,instance_json_fixed_seed_same_run_checkpoint_and_partition_feedback,09f58e9678d38e09,True,False,,,,,-1e-06,8,instance_008,/home/kai/work/GAT_BPC_moonTerk/data/instances/lunar_ice_sp50_005/instance_008_logical_graph.json,,8,5,on,0.8,0.5,-0.0001,True,4,240,8,True,0.6,8,5,False,240,12,5,25.0,False,0,False,NATIVE_LIVE_SRI_P0V3_MEMORY_COMPACT_CANDIDATE_V3_S5_native_rcspp_inprocess,True,,current_true_rmp_dual,False,EXHAUSTIVE_NO_NEGATIVE,0.013403,0,CERTIFIED_NO_NEGATIVE,V4SH,0.137709,b2b_r3_worker,0,0,,0,False,0,0,0,0,0,0,0.0,0,,0,0,False,False,,0,False,0,False,,21,BPC_GAP_AVAILABLE,BPC_NODE_LP_CERTIFIED,True,1,8,5,0,0,0,0,,0,3,0.038346,False,False,,True,8,explicit_parameter,False,0,0,0,0,0,/home/kai/work/GAT_BPC_moonTerk/runs/p0v4_v5_scale5_paired_nonregression_bound_20260731/block03_P0V4/scale_005/pools/scale_005/instance_008/stage_001/probe.json,,16,16,0,0,16,15,1,CERTIFIED_NO_NEGATIVE,1,0,0,0,False,0,0,0,0,0,,0,False,0,False,0.258817,False,0,False,0,0,0,0,0,0,False,False,False,3600.0,True,True,False,False,5,lunar_ice_bpc.b4_2_cold_exact_row.v1,b0_incumbent_plus_singletons,0.0,False,/home/kai/work/GAT_BPC_moonTerk/runs/p0v4_v5_scale5_paired_nonregression_bound_20260731/block03_P0V4/scale_005/pools/scale_005/instance_008/stage_001/probe.json,0,False,0.7,True,5,4,True,8,5,on,True,relaxed_labeling,0,21,/home/kai/work/GAT_BPC_moonTerk/runs/p0v4_v5_scale5_paired_nonregression_bound_20260731/block03_P0V4/scale_005/proofs/scale_005/instance_008/tree_closure_results/tree_closure_001.json,1,0.193012,0,True,True,True,True,False,0,True,relaxed_labeling,False,False
BPC_OPTIMAL,/home/kai/work/GAT_BPC_moonTerk/runs/p0v4_v5_scale5_paired_nonregression_bound_20260731/block03_P0V4/scale_005/proofs/scale_005/instance_009/b4_1_summary.json,,True,0,BPC_TREE_OPTIMAL,0.0,0.331948,0.476021,instance_json_fixed_seed_same_run_checkpoint_and_partition_feedback,09f58e9678d38e09,True,False,,,,,-1e-06,9,instance_009,/home/kai/work/GAT_BPC_moonTerk/data/instances/lunar_ice_sp50_005/instance_009_logical_graph.json,,8,5,on,0.8,0.5,-0.0001,True,4,240,8,True,0.6,8,5,False,240,12,5,25.0,False,0,False,NATIVE_LIVE_SRI_P0V3_MEMORY_COMPACT_CANDIDATE_V3_S5_native_rcspp_inprocess,True,,current_true_rmp_dual,False,EXHAUSTIVE_NO_NEGATIVE,0.011206,0,CERTIFIED_NO_NEGATIVE,V4SH,0.123437,b2b_r3_worker,0,0,,0,False,0,0,0,0,0,0,0.0,0,,0,0,False,False,,0,False,0,False,,27,BPC_GAP_AVAILABLE,BPC_NODE_LP_CERTIFIED,True,1,8,5,0,0,0,0,,0,4,0.023941,False,False,,True,8,explicit_parameter,False,0,0,0,0,0,/home/kai/work/GAT_BPC_moonTerk/runs/p0v4_v5_scale5_paired_nonregression_bound_20260731/block03_P0V4/scale_005/pools/scale_005/instance_009/stage_001/probe.json,,22,22,0,0,22,21,1,CERTIFIED_NO_NEGATIVE,1,0,0,0,False,0,0,0,0,0,,0,False,0,False,0.246596,False,0,False,0,0,0,0,0,0,False,False,False,3600.0,True,True,False,False,5,lunar_ice_bpc.b4_2_cold_exact_row.v1,b0_incumbent_plus_singletons,0.0,False,/home/kai/work/GAT_BPC_moonTerk/runs/p0v4_v5_scale5_paired_nonregression_bound_20260731/block03_P0V4/scale_005/pools/scale_005/instance_009/stage_001/probe.json,0,False,0.7,True,5,4,True,8,5,on,True,relaxed_labeling,0,27,/home/kai/work/GAT_BPC_moonTerk/runs/p0v4_v5_scale5_paired_nonregression_bound_20260731/block03_P0V4/scale_005/proofs/scale_005/instance_009/tree_closure_results/tree_closure_001.json,1,0.208511,0,True,True,True,True,False,0,True,relaxed_labeling,False,False
BPC_OPTIMAL,/home/kai/work/GAT_BPC_moonTerk/runs/p0v4_v5_scale5_paired_nonregression_bound_20260731/block03_P0V4/scale_005/proofs/scale_005/instance_010/b4_1_summary.json,,True,0,BPC_TREE_OPTIMAL,0.0,0.325051,0.467494,instance_json_fixed_seed_same_run_checkpoint_and_partition_feedback,09f58e9678d38e09,True,False,,,,,-1e-06,10,instance_010,/home/kai/work/GAT_BPC_moonTerk/data/instances/lunar_ice_sp50_005/instance_010_logical_graph.json,,8,5,on,0.8,0.5,-0.0001,True,4,240,8,True,0.6,8,5,False,240,12,5,25.0,False,0,False,NATIVE_LIVE_SRI_P0V3_MEMORY_COMPACT_CANDIDATE_V3_S5_native_rcspp_inprocess,True,,current_true_rmp_dual,False,EXHAUSTIVE_NO_NEGATIVE,0.01066,0,CERTIFIED_NO_NEGATIVE,V4SH,0.15668,b2b_r3_worker,0,0,,0,False,0,0,0,0,0,0,0.0,0,,0,0,False,False,,0,False,0,False,,27,BPC_GAP_AVAILABLE,BPC_NODE_LP_CERTIFIED,True,1,8,5,0,0,0,0,,0,4,0.039119,False,False,,True,8,explicit_parameter,False,0,0,0,0,0,/home/kai/work/GAT_BPC_moonTerk/runs/p0v4_v5_scale5_paired_nonregression_bound_20260731/block03_P0V4/scale_005/pools/scale_005/instance_010/stage_001/probe.json,,22,22,0,0,22,21,1,CERTIFIED_NO_NEGATIVE,1,0,0,0,False,0,0,0,0,0,,0,False,0,False,0.27858,False,0,False,0,0,0,0,0,0,False,False,False,3600.0,True,True,False,False,5,lunar_ice_bpc.b4_2_cold_exact_row.v1,b0_incumbent_plus_singletons,0.0,False,/home/kai/work/GAT_BPC_moonTerk/runs/p0v4_v5_scale5_paired_nonregression_bound_20260731/block03_P0V4/scale_005/pools/scale_005/instance_010/stage_001/probe.json,0,False,0.7,True,5,4,True,8,5,on,True,relaxed_labeling,0,27,/home/kai/work/GAT_BPC_moonTerk/runs/p0v4_v5_scale5_paired_nonregression_bound_20260731/block03_P0V4/scale_005/proofs/scale_005/instance_010/tree_closure_results/tree_closure_001.json,1,0.168371,0,True,True,True,True,False,0,True,relaxed_labeling,False,False
BPC_OPTIMAL,/home/kai/work/GAT_BPC_moonTerk/runs/p0v4_v5_scale5_paired_nonregression_bound_20260731/block03_P0V4/scale_005/proofs/scale_005/instance_011/b4_1_summary.json,,True,0,BPC_TREE_OPTIMAL,0.0,0.315168,0.455008,instance_json_fixed_seed_same_run_checkpoint_and_partition_feedback,09f58e9678d38e09,True,False,,,,,-1e-06,11,instance_011,/home/kai/work/GAT_BPC_moonTerk/data/instances/lunar_ice_sp50_005/instance_011_logical_graph.json,,8,5,on,0.8,0.5,-0.0001,True,4,240,8,True,0.6,8,5,False,240,12,5,25.0,False,0,False,NATIVE_LIVE_SRI_P0V3_MEMORY_COMPACT_CANDIDATE_V3_S5_native_rcspp_inprocess,True,,current_true_rmp_dual,False,EXHAUSTIVE_NO_NEGATIVE,0.01688,0,CERTIFIED_NO_NEGATIVE,V4SH,0.117961,b2b_r3_worker,0,0,,0,False,0,0,0,0,0,0,0.0,0,,0,0,False,False,,0,False,0,False,,17,BPC_GAP_AVAILABLE,BPC_NODE_LP_CERTIFIED,True,1,8,5,0,0,0,0,,0,3,0.02779,False,False,,True,8,explicit_parameter,False,0,0,0,0,0,/home/kai/work/GAT_BPC_moonTerk/runs/p0v4_v5_scale5_paired_nonregression_bound_20260731/block03_P0V4/scale_005/pools/scale_005/instance_011/stage_001/probe.json,,12,12,0,0,12,11,1,CERTIFIED_NO_NEGATIVE,1,0,0,0,False,0,0,0,0,0,,0,False,0,False,0.238438,False,0,False,0,0,0,0,0,0,False,False,False,3600.0,True,True,False,False,5,lunar_ice_bpc.b4_2_cold_exact_row.v1,b0_incumbent_plus_singletons,0.0,False,/home/kai/work/GAT_BPC_moonTerk/runs/p0v4_v5_scale5_paired_nonregression_bound_20260731/block03_P0V4/scale_005/pools/scale_005/instance_011/stage_001/probe.json,0,False,0.7,True,5,4,True,8,5,on,True,relaxed_labeling,0,17,/home/kai/work/GAT_BPC_moonTerk/runs/p0v4_v5_scale5_paired_nonregression_bound_20260731/block03_P0V4/scale_005/proofs/scale_005/instance_011/tree_closure_results/tree_closure_001.json,1,0.197207,0,True,True,True,True,False,0,True,relaxed_labeling,False,False
BPC_OPTIMAL,/home/kai/work/GAT_BPC_moonTerk/runs/p0v4_v5_scale5_paired_nonregression_bound_20260731/block03_P0V4/scale_005/proofs/scale_005/instance_012/b4_1_summary.json,,True,0,BPC_TREE_OPTIMAL,0.0,0.340727,0.482394,instance_json_fixed_seed_same_run_checkpoint_and_partition_feedback,09f58e9678d38e09,True,False,,,,,-1e-06,12,instance_012,/home/kai/work/GAT_BPC_moonTerk/data/instances/lunar_ice_sp50_005/instance_012_logical_graph.json,,8,5,on,0.8,0.5,-0.0001,True,4,240,8,True,0.6,8,5,False,240,12,5,25.0,False,0,False,NATIVE_LIVE_SRI_P0V3_MEMORY_COMPACT_CANDIDATE_V3_S5_native_rcspp_inprocess,True,,current_true_rmp_dual,False,EXHAUSTIVE_NO_NEGATIVE,0.008979,0,CERTIFIED_NO_NEGATIVE,V4SH,0.137619,b2b_r3_worker,0,0,,0,False,0,0,0,0,0,0,0.0,0,,0,0,False,False,,0,False,0,False,,24,BPC_GAP_AVAILABLE,BPC_NODE_LP_CERTIFIED,True,1,8,5,0,0,0,0,,0,4,0.02169,False,False,,True,8,explicit_parameter,False,0,0,0,0,0,/home/kai/work/GAT_BPC_moonTerk/runs/p0v4_v5_scale5_paired_nonregression_bound_20260731/block03_P0V4/scale_005/pools/scale_005/instance_012/stage_001/probe.json,,19,19,0,0,19,18,1,CERTIFIED_NO_NEGATIVE,1,0,0,0,False,0,0,0,0,0,,0,False,0,False,0.259068,False,0,False,0,0,0,0,0,0,False,False,False,3600.0,True,True,False,False,5,lunar_ice_bpc.b4_2_cold_exact_row.v1,b0_incumbent_plus_singletons,0.0,False,/home/kai/work/GAT_BPC_moonTerk/runs/p0v4_v5_scale5_paired_nonregression_bound_20260731/block03_P0V4/scale_005/pools/scale_005/instance_012/stage_001/probe.json,0,False,0.7,True,5,4,True,8,5,on,True,relaxed_labeling,0,24,/home/kai/work/GAT_BPC_moonTerk/runs/p0v4_v5_scale5_paired_nonregression_bound_20260731/block03_P0V4/scale_005/proofs/scale_005/instance_012/tree_closure_results/tree_closure_001.json,1,0.203108,0,True,True,True,True,False,0,True,relaxed_labeling,False,False
BPC_OPTIMAL,/home/kai/work/GAT_BPC_moonTerk/runs/p0v4_v5_scale5_paired_nonregression_bound_20260731/block03_P0V4/scale_005/proofs/scale_005/instance_013/b4_1_summary.json,,True,0,BPC_TREE_OPTIMAL,0.0,0.325796,0.466781,instance_json_fixed_seed_same_run_checkpoint_and_partition_feedback,09f58e9678d38e09,True,False,,,,,-1e-06,13,instance_013,/home/kai/work/GAT_BPC_moonTerk/data/instances/lunar_ice_sp50_005/instance_013_logical_graph.json,,8,5,on,0.8,0.5,-0.0001,True,4,240,8,True,0.6,8,5,False,240,12,5,25.0,False,0,False,NATIVE_LIVE_SRI_P0V3_MEMORY_COMPACT_CANDIDATE_V3_S5_native_rcspp_inprocess,True,,current_true_rmp_dual,False,EXHAUSTIVE_NO_NEGATIVE,0.017652,0,CERTIFIED_NO_NEGATIVE,V4SH,0.132294,b2b_r3_worker,0,0,,0,False,0,0,0,0,0,0,0.0,0,,0,0,False,False,,0,False,0,False,,21,BPC_GAP_AVAILABLE,BPC_NODE_LP_CERTIFIED,True,1,8,5,0,0,0,0,,0,3,0.018403,False,False,,True,8,explicit_parameter,False,0,0,0,0,0,/home/kai/work/GAT_BPC_moonTerk/runs/p0v4_v5_scale5_paired_nonregression_bound_20260731/block03_P0V4/scale_005/pools/scale_005/instance_013/stage_001/probe.json,,16,16,0,0,16,15,1,CERTIFIED_NO_NEGATIVE,1,0,0,0,False,0,0,0,0,0,,0,False,0,False,0.253001,False,0,False,0,0,0,0,0,0,False,False,False,3600.0,True,True,False,False,5,lunar_ice_bpc.b4_2_cold_exact_row.v1,b0_incumbent_plus_singletons,0.0,False,/home/kai/work/GAT_BPC_moonTerk/runs/p0v4_v5_scale5_paired_nonregression_bound_20260731/block03_P0V4/scale_005/pools/scale_005/instance_013/stage_001/probe.json,0,False,0.7,True,5,4,True,8,5,on,True,relaxed_labeling,0,21,/home/kai/work/GAT_BPC_moonTerk/runs/p0v4_v5_scale5_paired_nonregression_bound_20260731/block03_P0V4/scale_005/proofs/scale_005/instance_013/tree_closure_results/tree_closure_001.json,1,0.193502,0,True,True,True,True,False,0,True,relaxed_labeling,False,False
BPC_OPTIMAL,/home/kai/work/GAT_BPC_moonTerk/runs/p0v4_v5_scale5_paired_nonregression_bound_20260731/block03_P0V4/scale_005/proofs/scale_005/instance_014/b4_1_summary.json,,True,0,BPC_TREE_OPTIMAL,0.0,0.309818,0.451282,instance_json_fixed_seed_same_run_checkpoint_and_partition_feedback,09f58e9678d38e09,True,False,,,,,-1e-06,14,instance_014,/home/kai/work/GAT_BPC_moonTerk/data/instances/lunar_ice_sp50_005/instance_014_logical_graph.json,,8,5,on,0.8,0.5,-0.0001,True,4,240,8,True,0.6,8,5,False,240,12,5,25.0,False,0,False,NATIVE_LIVE_SRI_P0V3_MEMORY_COMPACT_CANDIDATE_V3_S5_native_rcspp_inprocess,True,,current_true_rmp_dual,False,EXHAUSTIVE_NO_NEGATIVE,0.030368,0,CERTIFIED_NO_NEGATIVE,V4SH,0.122542,b2b_r3_worker,0,0,,0,False,0,0,0,0,0,0,0.0,0,,0,0,False,False,,0,False,0,False,,24,BPC_GAP_AVAILABLE,BPC_NODE_LP_CERTIFIED,True,1,8,5,0,0,0,0,,0,4,0.025156,False,False,,True,8,explicit_parameter,False,0,0,0,0,0,/home/kai/work/GAT_BPC_moonTerk/runs/p0v4_v5_scale5_paired_nonregression_bound_20260731/block03_P0V4/scale_005/pools/scale_005/instance_014/stage_001/probe.json,,19,19,0,0,19,18,1,CERTIFIED_NO_NEGATIVE,1,0,0,0,False,0,0,0,0,0,,0,False,0,False,0.24319,False,0,False,0,0,0,0,0,0,False,False,False,3600.0,True,True,False,False,5,lunar_ice_bpc.b4_2_cold_exact_row.v1,b0_incumbent_plus_singletons,0.0,False,/home/kai/work/GAT_BPC_moonTerk/runs/p0v4_v5_scale5_paired_nonregression_bound_20260731/block03_P0V4/scale_005/pools/scale_005/instance_014/stage_001/probe.json,0,False,0.7,True,5,4,True,8,5,on,True,relaxed_labeling,0,24,/home/kai/work/GAT_BPC_moonTerk/runs/p0v4_v5_scale5_paired_nonregression_bound_20260731/block03_P0V4/scale_005/proofs/scale_005/instance_014/tree_closure_results/tree_closure_001.json,1,0.187276,0,True,True,True,True,False,0,True,relaxed_labeling,False,False
BPC_OPTIMAL,/home/kai/work/GAT_BPC_moonTerk/runs/p0v4_v5_scale5_paired_nonregression_bound_20260731/block03_P0V4/scale_005/proofs/scale_005/instance_015/b4_1_summary.json,,True,0,BPC_TREE_OPTIMAL,0.0,0.308346,0.453956,instance_json_fixed_seed_same_run_checkpoint_and_partition_feedback,09f58e9678d38e09,True,False,,,,,-1e-06,15,instance_015,/home/kai/work/GAT_BPC_moonTerk/data/instances/lunar_ice_sp50_005/instance_015_logical_graph.json,,8,5,on,0.8,0.5,-0.0001,True,4,240,8,True,0.6,8,5,False,240,12,5,25.0,False,0,False,NATIVE_LIVE_SRI_P0V3_MEMORY_COMPACT_CANDIDATE_V3_S5_native_rcspp_inprocess,True,,current_true_rmp_dual,False,EXHAUSTIVE_NO_NEGATIVE,0.012436,0,CERTIFIED_NO_NEGATIVE,V4SH,0.121589,b2b_r3_worker,0,0,,0,False,0,0,0,0,0,0,0.0,0,,0,0,False,False,,0,False,0,False,,26,BPC_GAP_AVAILABLE,BPC_NODE_LP_CERTIFIED,True,1,8,5,0,0,0,0,,0,4,0.017298,False,False,,True,8,explicit_parameter,False,0,0,0,0,0,/home/kai/work/GAT_BPC_moonTerk/runs/p0v4_v5_scale5_paired_nonregression_bound_20260731/block03_P0V4/scale_005/pools/scale_005/instance_015/stage_001/probe.json,,21,21,0,0,21,20,1,CERTIFIED_NO_NEGATIVE,1,0,0,0,False,0,0,0,0,0,,0,False,0,False,0.246249,False,0,False,0,0,0,0,0,0,False,False,False,3600.0,True,True,False,False,5,lunar_ice_bpc.b4_2_cold_exact_row.v1,b0_incumbent_plus_singletons,0.0,False,/home/kai/work/GAT_BPC_moonTerk/runs/p0v4_v5_scale5_paired_nonregression_bound_20260731/block03_P0V4/scale_005/pools/scale_005/instance_015/stage_001/probe.json,0,False,0.7,True,5,4,True,8,5,on,True,relaxed_labeling,0,26,/home/kai/work/GAT_BPC_moonTerk/runs/p0v4_v5_scale5_paired_nonregression_bound_20260731/block03_P0V4/scale_005/proofs/scale_005/instance_015/tree_closure_results/tree_closure_001.json,1,0.186757,0,True,True,True,True,False,0,True,relaxed_labeling,False,False
BPC_OPTIMAL,/home/kai/work/GAT_BPC_moonTerk/runs/p0v4_v5_scale5_paired_nonregression_bound_20260731/block03_P0V4/scale_005/proofs/scale_005/instance_016/b4_1_summary.json,,True,0,BPC_TREE_OPTIMAL,0.0,0.312626,0.456369,instance_json_fixed_seed_same_run_checkpoint_and_partition_feedback,09f58e9678d38e09,True,False,,,,,-1e-06,16,instance_016,/home/kai/work/GAT_BPC_moonTerk/data/instances/lunar_ice_sp50_005/instance_016_logical_graph.json,,8,5,on,0.8,0.5,-0.0001,True,4,240,8,True,0.6,8,5,False,240,12,5,25.0,False,0,False,NATIVE_LIVE_SRI_P0V3_MEMORY_COMPACT_CANDIDATE_V3_S5_native_rcspp_inprocess,True,,current_true_rmp_dual,False,EXHAUSTIVE_NO_NEGATIVE,0.015516,0,CERTIFIED_NO_NEGATIVE,V4SH,0.123168,b2b_r3_worker,0,0,,0,False,0,0,0,0,0,0,0.0,0,,0,0,False,False,,0,False,0,False,,22,BPC_GAP_AVAILABLE,BPC_NODE_LP_CERTIFIED,True,1,8,5,0,0,0,0,,0,4,0.033476,False,False,,True,8,explicit_parameter,False,0,0,0,0,0,/home/kai/work/GAT_BPC_moonTerk/runs/p0v4_v5_scale5_paired_nonregression_bound_20260731/block03_P0V4/scale_005/pools/scale_005/instance_016/stage_001/probe.json,,17,17,0,0,17,16,1,CERTIFIED_NO_NEGATIVE,1,0,0,0,False,0,0,0,0,0,,0,False,0,False,0.246194,False,0,False,0,0,0,0,0,0,False,False,False,3600.0,True,True,False,False,5,lunar_ice_bpc.b4_2_cold_exact_row.v1,b0_incumbent_plus_singletons,0.0,False,/home/kai/work/GAT_BPC_moonTerk/runs/p0v4_v5_scale5_paired_nonregression_bound_20260731/block03_P0V4/scale_005/pools/scale_005/instance_016/stage_001/probe.json,0,False,0.7,True,5,4,True,8,5,on,True,relaxed_labeling,0,22,/home/kai/work/GAT_BPC_moonTerk/runs/p0v4_v5_scale5_paired_nonregression_bound_20260731/block03_P0V4/scale_005/proofs/scale_005/instance_016/tree_closure_results/tree_closure_001.json,1,0.189458,0,True,True,True,True,False,0,True,relaxed_labeling,False,False
BPC_OPTIMAL,/home/kai/work/GAT_BPC_moonTerk/runs/p0v4_v5_scale5_paired_nonregression_bound_20260731/block03_P0V4/scale_005/proofs/scale_005/instance_017/b4_1_summary.json,,True,0,BPC_TREE_OPTIMAL,0.0,0.306582,0.449748,instance_json_fixed_seed_same_run_checkpoint_and_partition_feedback,09f58e9678d38e09,True,False,,,,,-1e-06,17,instance_017,/home/kai/work/GAT_BPC_moonTerk/data/instances/lunar_ice_sp50_005/instance_017_logical_graph.json,,8,5,on,0.8,0.5,-0.0001,True,4,240,8,True,0.6,8,5,False,240,12,5,25.0,False,0,False,NATIVE_LIVE_SRI_P0V3_MEMORY_COMPACT_CANDIDATE_V3_S5_native_rcspp_inprocess,True,,current_true_rmp_dual,False,EXHAUSTIVE_NO_NEGATIVE,0.015581,0,CERTIFIED_NO_NEGATIVE,V4SH,0.123042,b2b_r3_worker,0,0,,0,False,0,0,0,0,0,0,0.0,0,,0,0,False,False,,0,False,0,False,,13,BPC_GAP_AVAILABLE,BPC_NODE_LP_CERTIFIED,True,1,8,5,0,0,0,0,,0,2,0.023944,False,False,,True,8,explicit_parameter,False,0,0,0,0,0,/home/kai/work/GAT_BPC_moonTerk/runs/p0v4_v5_scale5_paired_nonregression_bound_20260731/block03_P0V4/scale_005/pools/scale_005/instance_017/stage_001/probe.json,,8,8,0,0,8,7,1,CERTIFIED_NO_NEGATIVE,1,0,0,0,False,0,0,0,0,0,,0,False,0,False,0.246608,False,0,False,0,0,0,0,0,0,False,False,False,3600.0,True,True,False,False,5,lunar_ice_bpc.b4_2_cold_exact_row.v1,b0_incumbent_plus_singletons,0.0,False,/home/kai/work/GAT_BPC_moonTerk/runs/p0v4_v5_scale5_paired_nonregression_bound_20260731/block03_P0V4/scale_005/pools/scale_005/instance_017/stage_001/probe.json,0,False,0.7,True,5,4,True,8,5,on,True,relaxed_labeling,0,13,/home/kai/work/GAT_BPC_moonTerk/runs/p0v4_v5_scale5_paired_nonregression_bound_20260731/block03_P0V4/scale_005/proofs/scale_005/instance_017/tree_closure_results/tree_closure_001.json,1,0.18354,0,True,True,True,True,False,0,True,relaxed_labeling,False,False
BPC_OPTIMAL,/home/kai/work/GAT_BPC_moonTerk/runs/p0v4_v5_scale5_paired_nonregression_bound_20260731/block03_P0V4/scale_005/proofs/scale_005/instance_018/b4_1_summary.json,,True,0,BPC_TREE_OPTIMAL,0.0,0.355185,0.499704,instance_json_fixed_seed_same_run_checkpoint_and_partition_feedback,09f58e9678d38e09,True,False,,,,,-1e-06,18,instance_018,/home/kai/work/GAT_BPC_moonTerk/data/instances/lunar_ice_sp50_005/instance_018_logical_graph.json,,8,5,on,0.8,0.5,-0.0001,True,4,240,8,True,0.6,8,5,False,240,12,5,25.0,False,0,False,NATIVE_LIVE_SRI_P0V3_MEMORY_COMPACT_CANDIDATE_V3_S5_native_rcspp_inprocess,True,,current_true_rmp_dual,False,EXHAUSTIVE_NO_NEGATIVE,0.013476,0,CERTIFIED_NO_NEGATIVE,V4SH,0.165959,b2b_r3_worker,0,0,,0,False,0,0,0,0,0,0,0.0,0,,0,0,False,False,,0,False,0,False,,27,BPC_GAP_AVAILABLE,BPC_NODE_LP_CERTIFIED,True,1,8,5,0,0,0,0,,0,6,0.028049,False,False,,True,8,explicit_parameter,False,0,0,0,0,0,/home/kai/work/GAT_BPC_moonTerk/runs/p0v4_v5_scale5_paired_nonregression_bound_20260731/block03_P0V4/scale_005/pools/scale_005/instance_018/stage_001/probe.json,,22,22,0,0,22,21,1,CERTIFIED_NO_NEGATIVE,1,0,0,0,False,0,0,0,0,0,,0,False,0,False,0.288304,False,0,False,0,0,0,0,0,0,False,False,False,3600.0,True,True,False,False,5,lunar_ice_bpc.b4_2_cold_exact_row.v1,b0_incumbent_plus_singletons,0.0,False,/home/kai/work/GAT_BPC_moonTerk/runs/p0v4_v5_scale5_paired_nonregression_bound_20260731/block03_P0V4/scale_005/pools/scale_005/instance_018/stage_001/probe.json,0,False,0.7,True,5,4,True,8,5,on,True,relaxed_labeling,0,27,/home/kai/work/GAT_BPC_moonTerk/runs/p0v4_v5_scale5_paired_nonregression_bound_20260731/block03_P0V4/scale_005/proofs/scale_005/instance_018/tree_closure_results/tree_closure_001.json,1,0.189226,0,True,True,True,True,False,0,True,relaxed_labeling,False,False
BPC_OPTIMAL,/home/kai/work/GAT_BPC_moonTerk/runs/p0v4_v5_scale5_paired_nonregression_bound_20260731/block03_P0V4/scale_005/proofs/scale_005/instance_019/b4_1_summary.json,,True,0,BPC_TREE_OPTIMAL,0.0,0.331925,0.480417,instance_json_fixed_seed_same_run_checkpoint_and_partition_feedback,09f58e9678d38e09,True,False,,,,,-1e-06,19,instance_019,/home/kai/work/GAT_BPC_moonTerk/data/instances/lunar_ice_sp50_005/instance_019_logical_graph.json,,8,5,on,0.8,0.5,-0.0001,True,4,240,8,True,0.6,8,5,False,240,12,5,25.0,False,0,False,NATIVE_LIVE_SRI_P0V3_MEMORY_COMPACT_CANDIDATE_V3_S5_native_rcspp_inprocess,True,,current_true_rmp_dual,False,EXHAUSTIVE_NO_NEGATIVE,0.008696,0,CERTIFIED_NO_NEGATIVE,V4SH,0.123381,b2b_r3_worker,0,0,,0,False,0,0,0,0,0,0,0.0,0,,0,0,False,False,,0,False,0,False,,21,BPC_GAP_AVAILABLE,BPC_NODE_LP_CERTIFIED,True,1,8,5,0,0,0,0,,0,3,0.018274,False,False,,True,8,explicit_parameter,False,0,0,0,0,0,/home/kai/work/GAT_BPC_moonTerk/runs/p0v4_v5_scale5_paired_nonregression_bound_20260731/block03_P0V4/scale_005/pools/scale_005/instance_019/stage_001/probe.json,,16,16,0,0,16,15,1,CERTIFIED_NO_NEGATIVE,1,0,0,0,False,0,0,0,0,0,,0,False,0,False,0.252094,False,0,False,0,0,0,0,0,0,False,False,False,3600.0,True,True,False,False,5,lunar_ice_bpc.b4_2_cold_exact_row.v1,b0_incumbent_plus_singletons,0.0,False,/home/kai/work/GAT_BPC_moonTerk/runs/p0v4_v5_scale5_paired_nonregression_bound_20260731/block03_P0V4/scale_005/pools/scale_005/instance_019/stage_001/probe.json,0,False,0.7,True,5,4,True,8,5,on,True,relaxed_labeling,0,21,/home/kai/work/GAT_BPC_moonTerk/runs/p0v4_v5_scale5_paired_nonregression_bound_20260731/block03_P0V4/scale_005/proofs/scale_005/instance_019/tree_closure_results/tree_closure_001.json,1,0.208544,0,True,True,True,True,False,0,True,relaxed_labeling,False,False
BPC_OPTIMAL,/home/kai/work/GAT_BPC_moonTerk/runs/p0v4_v5_scale5_paired_nonregression_bound_20260731/block03_P0V4/scale_005/proofs/scale_005/instance_020/b4_1_summary.json,,True,0,BPC_TREE_OPTIMAL,0.0,0.306755,0.449627,instance_json_fixed_seed_same_run_checkpoint_and_partition_feedback,09f58e9678d38e09,True,False,,,,,-1e-06,20,instance_020,/home/kai/work/GAT_BPC_moonTerk/data/instances/lunar_ice_sp50_005/instance_020_logical_graph.json,,8,5,on,0.8,0.5,-0.0001,True,4,240,8,True,0.6,8,5,False,240,12,5,25.0,False,0,False,NATIVE_LIVE_SRI_P0V3_MEMORY_COMPACT_CANDIDATE_V3_S5_native_rcspp_inprocess,True,,current_true_rmp_dual,False,EXHAUSTIVE_NO_NEGATIVE,0.011295,0,CERTIFIED_NO_NEGATIVE,V4SH,0.131616,b2b_r3_worker,0,0,,0,False,0,0,0,0,0,0,0.0,0,,0,0,False,False,,0,False,0,False,,27,BPC_GAP_AVAILABLE,BPC_NODE_LP_CERTIFIED,True,1,8,5,0,0,0,0,,0,5,0.02564,False,False,,True,8,explicit_parameter,False,0,0,0,0,0,/home/kai/work/GAT_BPC_moonTerk/runs/p0v4_v5_scale5_paired_nonregression_bound_20260731/block03_P0V4/scale_005/pools/scale_005/instance_020/stage_001/probe.json,,22,22,0,0,22,21,1,CERTIFIED_NO_NEGATIVE,1,0,0,0,False,0,0,0,0,0,,0,False,0,False,0.253162,False,0,False,0,0,0,0,0,0,False,False,False,3600.0,True,True,False,False,5,lunar_ice_bpc.b4_2_cold_exact_row.v1,b0_incumbent_plus_singletons,0.0,False,/home/kai/work/GAT_BPC_moonTerk/runs/p0v4_v5_scale5_paired_nonregression_bound_20260731/block03_P0V4/scale_005/pools/scale_005/instance_020/stage_001/probe.json,0,False,0.7,True,5,4,True,8,5,on,True,relaxed_labeling,0,27,/home/kai/work/GAT_BPC_moonTerk/runs/p0v4_v5_scale5_paired_nonregression_bound_20260731/block03_P0V4/scale_005/proofs/scale_005/instance_020/tree_closure_results/tree_closure_001.json,1,0.175139,0,True,True,True,True,False,0,True,relaxed_labeling,False,False
