instance_path,solution_path,instance_id,status,exact_status,exact_claim_scope,bpc_certificate_status,uses_true_dual_bpc_certificate,pricing_certificate_status,pricing_certificate_selected_source,pricing_certificate_true_dual_tail_status,pricing_certificate_exact_status,pricing_certificate_scope,pricing_certificate_can_certify_no_negative,pricing_certificate_pricing_complete,pricing_certificate_coverage_complete,pricing_certificate_min_reduced_cost,true_dual_pricing_tail_status,true_dual_pricing_tail_source,true_dual_pricing_tail_uses_true_dual,true_dual_pricing_tail_pricing_complete,true_dual_pricing_tail_coverage_complete,true_dual_pricing_tail_rmp_optimal,true_dual_pricing_tail_min_reduced_cost,true_dual_pricing_tail_dual_vector_bound_to_rmp,true_dual_pricing_tail_dual_vector_fingerprint,true_dual_pricing_tail_can_certify_no_negative,true_dual_pricing_tail_lower_bound_official,true_dual_pricing_tail_missing_input_count,true_dual_pricing_tail_certificate_status,pricing_frontier_status,pricing_frontier_global_remaining_rc_lower_bound,pricing_frontier_lower_bound_official,pricing_frontier_can_certify_no_negative,pricing_frontier_issue_count,node_bound_certificate_status,node_bound_certificate_exact_status,node_bound_lower_bound_official,node_bound_can_fathom_by_bound,node_bound_issue_count,true_dual_readiness_status,true_dual_readiness_true_dual_pricing_used,true_dual_readiness_diagnostic_direct_pricing_complete,true_dual_readiness_diagnostic_fixed_graph_closure_complete,true_dual_readiness_fixed_graph_closure_status,true_dual_readiness_fixed_graph_closure_no_negative_proved,true_dual_readiness_diagnostic_no_negative,true_dual_readiness_missing_input_count,true_dual_readiness_can_certify,objective,lower_bound,lower_bound_source,lower_bound_scope,relaxation_gap,gap_type,best_diagnostic_bound,best_diagnostic_bound_source,best_diagnostic_bound_scope,canonical_baseline_status,canonical_baseline_exact_status,direct_baseline_status,direct_baseline_exact_status,canonical_objective,direct_exact_objective,direct_root_certificate_status,direct_root_certificate_exact_status,direct_root_lp_bound,direct_root_gap,direct_root_min_reduced_cost,direct_root_universe_column_count,direct_root_integer_matches_lp,direct_root_uses_true_dual_bpc_certificate,incumbent_source,seeded_selection_status,seeded_selection_objective,seeded_selection_state_count,seeded_selection_max_states,makespan_min,covered_task_count,task_count,node_count,time_limit_sec,time_limit_exceeded,timeout_reason,generated_journey_count,generated_sortie_count,route_template_count,pareto_label_count,set_partition_state_count,canonical_dp_max_tasks,direct_baseline_max_tasks,direct_baseline_time_limit_sec,restricted_rmp_status,restricted_rmp_pool_type,restricted_rmp_pool_column_count,restricted_rmp_bound,restricted_rmp_min_reduced_cost,restricted_rmp_active_column_count,restricted_rmp_primal_active_column_count,restricted_rmp_primal_cover_residual_max,restricted_rmp_primal_fleet_usage,restricted_rmp_branch_decision_count,restricted_rmp_branch_filtered_column_count,restricted_rmp_cut_count,restricted_rmp_cut_rows_active,restricted_rmp_cut_dual_count,restricted_rmp_primal_cut_activity_count,restricted_rmp_primal_cut_violation_max,cut_probe_status,cut_probe_subset_candidate_count,cut_probe_violated_subset_candidate_count,cut_probe_rows_added_to_rmp,cut_probe_cut_rows_active,cut_probe_mutates_solver,cut_probe_can_certify,cut_separation_status,cut_separation_candidate_cut_count,cut_separation_selected_cut_count,cut_separation_rows_added_to_rmp,cut_separation_cut_rows_active,cut_separation_cut_rmp_status,cut_separation_cut_rmp_bound,cut_separation_cut_rmp_bound_delta,cut_separation_primal_cut_violation_max,cut_separation_lower_bound_official,cut_separation_mutates_solver,cut_separation_can_certify,fixed_graph_pricing_proof_status,fixed_graph_pricing_proof_complete,fixed_graph_pricing_proof_min_reduced_cost,fixed_graph_pricing_proof_negative_found,fixed_graph_pricing_proof_no_negative_proved,fixed_graph_pricing_proof_uses_true_dual_bpc_certificate,fixed_graph_pricing_proof_lower_bound_official,fixed_graph_pricing_proof_can_certify_no_negative,fixed_graph_pricing_closure_status,fixed_graph_pricing_closure_round_count,fixed_graph_pricing_closure_added_column_count,fixed_graph_pricing_closure_final_bound,fixed_graph_pricing_closure_last_best_reduced_cost,fixed_graph_pricing_closure_no_negative_proved,fixed_graph_pricing_closure_uses_true_dual_bpc_certificate,fixed_graph_pricing_closure_lower_bound_official,fixed_graph_pricing_closure_can_certify_no_negative,completion_bound_consistency_status,completion_bound_consistency_consistent,completion_bound_consistency_with_bound_best_reduced_cost,completion_bound_consistency_without_bound_best_reduced_cost,completion_bound_consistency_with_bound_pruned_label_count,completion_bound_consistency_with_bound_evaluated_label_count,completion_bound_consistency_without_bound_evaluated_label_count,completion_bound_consistency_can_certify_no_negative,branch_probe_status,branch_probe_candidate_count,branch_probe_reported_candidate_count,branch_probe_mutates_solver,branch_probe_can_certify,fractional_branch_probe_status,fractional_branch_probe_candidate_count,fractional_branch_probe_reported_candidate_count,fractional_branch_probe_mutates_solver,fractional_branch_probe_can_certify,branch_tree_probe_status,branch_tree_probe_node_count,branch_tree_probe_child_count,branch_tree_probe_reported_branch_pair_count,branch_tree_probe_restricted_rmp_evaluation_enabled,branch_tree_probe_evaluated_node_count,branch_tree_probe_child_evaluated_count,branch_tree_probe_child_restricted_rmp_value_count,branch_tree_probe_best_child_restricted_rmp_value,branch_tree_probe_mutates_solver,branch_tree_probe_can_certify,branch_node_queue_status,branch_node_queue_node_count,branch_node_queue_evaluated_node_count,branch_node_queue_created_node_count,branch_node_queue_expanded_node_count,branch_node_queue_max_depth_reached,branch_node_queue_node_limit_hit,branch_node_queue_branch_candidate_total,branch_node_queue_restricted_rmp_value_count,branch_node_queue_best_restricted_rmp_value,branch_node_queue_direct_pricing_probe_enabled,branch_node_queue_direct_pricing_probe_node_count,branch_node_queue_branch_feasible_negative_count,branch_node_queue_best_branch_feasible_reduced_cost,branch_node_queue_direct_pricing_probe_can_certify_no_negative,branch_node_queue_post_pricing_restricted_rmp_node_count,branch_node_queue_post_pricing_added_column_count,branch_node_queue_post_pricing_restricted_rmp_value_count,branch_node_queue_best_post_pricing_restricted_rmp_value,branch_node_queue_post_pricing_lower_bound_official,branch_node_queue_node_pricing_certificate_can_certify_count,branch_node_queue_node_bound_incumbent_attached_count,branch_node_queue_node_bound_incumbent_missing_count,branch_node_queue_node_bound_fail_closed_count,branch_node_queue_node_bound_can_fathom_count,branch_node_queue_lower_bound_official,branch_node_queue_mutates_solver,branch_node_queue_can_certify,direct_pricing_status,direct_pricing_best_reduced_cost,direct_pricing_negative_found,direct_pricing_complete_for_all_tasks,direct_pricing_branch_context_active,direct_pricing_branch_decision_count,direct_pricing_branch_filtered_column_count,direct_pricing_candidate_round_count,direct_pricing_candidate_round_limit,direct_pricing_candidate_task_count,direct_pricing_feasible_sortie_template_count,direct_pricing_completion_bound_enabled,direct_pricing_completion_bound_pruned_label_count,direct_pricing_completion_bound_evaluated_label_count,direct_pricing_completion_bound_can_certify,direct_pricing_cache_hit_count,direct_pricing_cache_miss_count,direct_cg_status,direct_cg_added_column_count,direct_cg_final_bound,direct_cg_integer_objective,direct_cg_round_count,direct_cg_cache_hit_count,direct_cg_cache_miss_count,direct_cg_reused_sortie_attempt_count,preprocess_wall_time_sec,exact_baseline_wall_time_sec,restricted_rmp_wall_time_sec,seeded_selection_wall_time_sec,solver_total_wall_time_sec,wall_time_sec,incomplete_reason
/home/kai/work/GAT_BPC_moonTerk/data/instances/lunar_ice_100/instance_001_logical_graph.json,/home/kai/work/GAT_BPC_moonTerk/runs/solutions/lunar_ice_100_default_benchmark/lunar_ice_100/instance_001_logical_graph_solution.json,lunar_ice_100_001_seed1629001,FEASIBLE_REFERENCE,NOT_SOLVED,none,NOT_PORTED_TRUE_DUAL_BPC,False,NOT_PORTED_TRUE_DUAL_BPC,diagnostic_fallback,TRUE_DUAL_PRICING_TAIL_NEGATIVE_FOUND,NOT_SOLVED,seeded_reference_singleton_pool,False,False,False,-10537.21903,TRUE_DUAL_PRICING_TAIL_NEGATIVE_FOUND,diagnostic_direct_pricing,False,False,False,True,-10537.21903,True,6894040f08fe2bf5ba6e946be315153fecfe1ed59c9d5131479b7b9b4c825144,False,False,4,NOT_PORTED_TRUE_DUAL_BPC,NEGATIVE_REDUCED_COST_FOUND,,False,False,4,NODE_BOUND_FAIL_CLOSED,NOT_SOLVED,False,False,3,BLOCKED_BY_NEGATIVE_REDUCED_COST,False,False,False,,False,False,5,False,29030.820197,28223.600694,analytic_relaxation,global_relaxation,0.027805604,analytic_relaxation_not_bpc_certificate,29368.775836,restricted_journey_rmp,seeded_reference_singleton_pool,SKIPPED_TOO_LARGE_FOR_ENUM_BASELINE,NOT_SOLVED,SKIPPED_TOO_LARGE_FOR_DIRECT_DP_BASELINE,NOT_SOLVED,,,SKIPPED_TOO_LARGE_FOR_DIRECT_ROOT_CERTIFICATE,NOT_SOLVED,,,,0,False,False,reference_solution,COLUMN_POOL_STATE_LIMIT,,50001,50000,1072.040656,100,100,1,3600.0,False,,0,0,0,0,0,10,10,,RESTRICTED_RMP_OPTIMAL,seeded_reference_singleton_pool,137,29368.775836,0.0,136,8,0.0,8.0,0,0,0,False,0,0,,CUT_PROBE_READY,10,0,0,False,False,False,NO_CUT_ROW_ADDED,10,0,0,False,NOT_RUN,,,,False,False,False,FIXED_GRAPH_PRICING_INCOMPLETE,False,,False,False,False,False,False,,,,,,,,,,,,,,,,,,BRANCH_PROBE_READY,585,10,False,False,NO_FRACTIONAL_BRANCH_CANDIDATE,0,0,False,False,BRANCH_TREE_RESTRICTED_RMP_EVALUATED,3,2,1,True,3,2,1,29368.775836,False,False,RESTRICTED_BRANCH_NODE_QUEUE_EVALUATED,7,7,7,3,2,False,7,3,29368.775836,True,3,2,-7979.684929,False,2,3,2,29368.775836,False,0,7,0,7,0,False,False,False,PARTIAL_DIRECT_LABEL_PRICED,-10537.21903,True,False,False,0,0,8,8,5,9247,True,123,395,False,,,,,,,,,,,0.124722,5.1e-05,15.952217,0.140671,16.854565,16.866864,reference_only_exact_not_solved
/home/kai/work/GAT_BPC_moonTerk/data/instances/lunar_ice_100/instance_002_logical_graph.json,/home/kai/work/GAT_BPC_moonTerk/runs/solutions/lunar_ice_100_default_benchmark/lunar_ice_100/instance_002_logical_graph_solution.json,lunar_ice_100_002_seed1629002,FEASIBLE_REFERENCE,NOT_SOLVED,none,NOT_PORTED_TRUE_DUAL_BPC,False,NOT_PORTED_TRUE_DUAL_BPC,diagnostic_fallback,TRUE_DUAL_PRICING_TAIL_NEGATIVE_FOUND,NOT_SOLVED,seeded_reference_singleton_pool,False,False,False,-14816.467161,TRUE_DUAL_PRICING_TAIL_NEGATIVE_FOUND,diagnostic_direct_pricing,False,False,False,True,-14816.467161,True,e6450b8223c4648bf027e98e661bd4a76b8db82f12dee396e3fef21e9c5379b4,False,False,4,NOT_PORTED_TRUE_DUAL_BPC,NEGATIVE_REDUCED_COST_FOUND,,False,False,4,NODE_BOUND_FAIL_CLOSED,NOT_SOLVED,False,False,3,BLOCKED_BY_NEGATIVE_REDUCED_COST,False,False,False,,False,False,5,False,33919.565894,33077.055224,analytic_relaxation,global_relaxation,0.024838486,analytic_relaxation_not_bpc_certificate,34291.761375,restricted_journey_rmp,seeded_reference_singleton_pool,SKIPPED_TOO_LARGE_FOR_ENUM_BASELINE,NOT_SOLVED,SKIPPED_TOO_LARGE_FOR_DIRECT_DP_BASELINE,NOT_SOLVED,,,SKIPPED_TOO_LARGE_FOR_DIRECT_ROOT_CERTIFICATE,NOT_SOLVED,,,,0,False,False,reference_solution,COLUMN_POOL_STATE_LIMIT,,50001,50000,1177.13933,100,100,1,3600.0,False,,0,0,0,0,0,10,10,,RESTRICTED_RMP_OPTIMAL,seeded_reference_singleton_pool,140,34291.761375,0.0,140,8,0.0,8.0,0,0,0,False,0,0,,CUT_PROBE_READY,10,0,0,False,False,False,NO_CUT_ROW_ADDED,10,0,0,False,NOT_RUN,,,,False,False,False,FIXED_GRAPH_PRICING_INCOMPLETE,False,,False,False,False,False,False,,,,,,,,,,,,,,,,,,BRANCH_PROBE_READY,581,10,False,False,NO_FRACTIONAL_BRANCH_CANDIDATE,0,0,False,False,BRANCH_TREE_RESTRICTED_RMP_EVALUATED,3,2,1,True,3,2,1,34291.761375,False,False,RESTRICTED_BRANCH_NODE_QUEUE_EVALUATED,7,7,7,3,2,False,7,3,34291.761375,True,3,1,-14816.467161,False,1,3,1,34291.761375,False,0,7,0,7,0,False,False,False,PARTIAL_DIRECT_LABEL_PRICED,-14816.467161,True,False,False,0,0,8,8,5,9484,True,211,508,False,,,,,,,,,,,0.136142,3.9e-05,15.174245,0.110219,16.108296,16.12541,reference_only_exact_not_solved
/home/kai/work/GAT_BPC_moonTerk/data/instances/lunar_ice_100/instance_003_logical_graph.json,/home/kai/work/GAT_BPC_moonTerk/runs/solutions/lunar_ice_100_default_benchmark/lunar_ice_100/instance_003_logical_graph_solution.json,lunar_ice_100_003_seed1629003,FEASIBLE_REFERENCE,NOT_SOLVED,none,NOT_PORTED_TRUE_DUAL_BPC,False,NOT_PORTED_TRUE_DUAL_BPC,diagnostic_fallback,TRUE_DUAL_PRICING_TAIL_NEGATIVE_FOUND,NOT_SOLVED,seeded_reference_singleton_pool,False,False,False,-10060.099804,TRUE_DUAL_PRICING_TAIL_NEGATIVE_FOUND,diagnostic_direct_pricing,False,False,False,True,-10060.099804,True,51a99dc686539e6a4c60cb6e853bef33fc86dc10d599c646521b6357d96a735c,False,False,4,NOT_PORTED_TRUE_DUAL_BPC,NEGATIVE_REDUCED_COST_FOUND,,False,False,4,NODE_BOUND_FAIL_CLOSED,NOT_SOLVED,False,False,3,BLOCKED_BY_NEGATIVE_REDUCED_COST,False,False,False,,False,False,5,False,31018.299144,30131.262097,analytic_relaxation,global_relaxation,0.028597217,analytic_relaxation_not_bpc_certificate,31376.363447,restricted_journey_rmp,seeded_reference_singleton_pool,SKIPPED_TOO_LARGE_FOR_ENUM_BASELINE,NOT_SOLVED,SKIPPED_TOO_LARGE_FOR_DIRECT_DP_BASELINE,NOT_SOLVED,,,SKIPPED_TOO_LARGE_FOR_DIRECT_ROOT_CERTIFICATE,NOT_SOLVED,,,,0,False,False,reference_solution,COLUMN_POOL_STATE_LIMIT,,50001,50000,1140.34706,100,100,1,3600.0,False,,0,0,0,0,0,10,10,,RESTRICTED_RMP_OPTIMAL,seeded_reference_singleton_pool,138,31376.363447,0.0,138,8,0.0,8.0,0,0,0,False,0,0,,CUT_PROBE_READY,10,0,0,False,False,False,NO_CUT_ROW_ADDED,10,0,0,False,NOT_RUN,,,,False,False,False,FIXED_GRAPH_PRICING_INCOMPLETE,False,,False,False,False,False,False,,,,,,,,,,,,,,,,,,BRANCH_PROBE_READY,585,10,False,False,NO_FRACTIONAL_BRANCH_CANDIDATE,0,0,False,False,BRANCH_TREE_RESTRICTED_RMP_EVALUATED,3,2,1,True,3,2,1,31376.363447,False,False,RESTRICTED_BRANCH_NODE_QUEUE_EVALUATED,7,7,7,3,2,False,7,3,31376.363447,True,3,1,-10060.099804,False,1,1,1,31376.363447,False,0,7,0,7,0,False,False,False,PARTIAL_DIRECT_LABEL_PRICED,-10060.099804,True,False,False,0,0,8,8,5,9826,True,164,401,False,,,,,,,,,,,0.112441,3.4e-05,14.628789,0.127721,15.530403,15.544677,reference_only_exact_not_solved
/home/kai/work/GAT_BPC_moonTerk/data/instances/lunar_ice_100/instance_004_logical_graph.json,/home/kai/work/GAT_BPC_moonTerk/runs/solutions/lunar_ice_100_default_benchmark/lunar_ice_100/instance_004_logical_graph_solution.json,lunar_ice_100_004_seed1629004,FEASIBLE_REFERENCE,NOT_SOLVED,none,NOT_PORTED_TRUE_DUAL_BPC,False,NOT_PORTED_TRUE_DUAL_BPC,diagnostic_fallback,TRUE_DUAL_PRICING_TAIL_NEGATIVE_FOUND,NOT_SOLVED,seeded_reference_singleton_pool,False,False,False,-7100.430902,TRUE_DUAL_PRICING_TAIL_NEGATIVE_FOUND,diagnostic_direct_pricing,False,False,False,True,-7100.430902,True,69e8fbb123f089020e308270ded8e205c778ba41d6fe24aef174e1c73aecf038,False,False,4,NOT_PORTED_TRUE_DUAL_BPC,NEGATIVE_REDUCED_COST_FOUND,,False,False,4,NODE_BOUND_FAIL_CLOSED,NOT_SOLVED,False,False,3,BLOCKED_BY_NEGATIVE_REDUCED_COST,False,False,False,,False,False,5,False,32760.401977,31875.596348,analytic_relaxation,global_relaxation,0.027008387,analytic_relaxation_not_bpc_certificate,33122.963713,restricted_journey_rmp,seeded_reference_singleton_pool,SKIPPED_TOO_LARGE_FOR_ENUM_BASELINE,NOT_SOLVED,SKIPPED_TOO_LARGE_FOR_DIRECT_DP_BASELINE,NOT_SOLVED,,,SKIPPED_TOO_LARGE_FOR_DIRECT_ROOT_CERTIFICATE,NOT_SOLVED,,,,0,False,False,reference_solution,COLUMN_POOL_STATE_LIMIT,,50001,50000,1155.756455,100,100,1,3600.0,False,,0,0,0,0,0,10,10,,RESTRICTED_RMP_OPTIMAL,seeded_reference_singleton_pool,139,33122.963713,-0.0,138,8,0.0,8.0,0,0,0,False,0,0,,CUT_PROBE_READY,10,0,0,False,False,False,NO_CUT_ROW_ADDED,10,0,0,False,NOT_RUN,,,,False,False,False,FIXED_GRAPH_PRICING_INCOMPLETE,False,,False,False,False,False,False,,,,,,,,,,,,,,,,,,BRANCH_PROBE_READY,580,10,False,False,NO_FRACTIONAL_BRANCH_CANDIDATE,0,0,False,False,BRANCH_TREE_RESTRICTED_RMP_EVALUATED,3,2,1,True,3,2,1,33122.963713,False,False,RESTRICTED_BRANCH_NODE_QUEUE_EVALUATED,7,7,7,3,2,False,7,3,33122.963713,True,3,2,-7100.430902,False,2,3,2,33122.963713,False,0,7,0,7,0,False,False,False,PARTIAL_DIRECT_LABEL_PRICED,-7100.430902,True,False,False,0,0,8,8,5,8156,True,141,449,False,,,,,,,,,,,0.115279,3e-05,15.788141,0.130232,16.671291,16.686269,reference_only_exact_not_solved
/home/kai/work/GAT_BPC_moonTerk/data/instances/lunar_ice_100/instance_005_logical_graph.json,/home/kai/work/GAT_BPC_moonTerk/runs/solutions/lunar_ice_100_default_benchmark/lunar_ice_100/instance_005_logical_graph_solution.json,lunar_ice_100_005_seed1629005,FEASIBLE_REFERENCE,NOT_SOLVED,none,NOT_PORTED_TRUE_DUAL_BPC,False,NOT_PORTED_TRUE_DUAL_BPC,diagnostic_fallback,TRUE_DUAL_PRICING_TAIL_NEGATIVE_FOUND,NOT_SOLVED,seeded_reference_singleton_pool,False,False,False,-13089.866537,TRUE_DUAL_PRICING_TAIL_NEGATIVE_FOUND,diagnostic_direct_pricing,False,False,False,True,-13089.866537,True,13d46d081c1a991cd7493e8d3899c07227e692d8df89f782ee57a9b9a40819e9,False,False,4,NOT_PORTED_TRUE_DUAL_BPC,NEGATIVE_REDUCED_COST_FOUND,,False,False,4,NODE_BOUND_FAIL_CLOSED,NOT_SOLVED,False,False,3,BLOCKED_BY_NEGATIVE_REDUCED_COST,False,False,False,,False,False,5,False,33666.902757,32809.489721,analytic_relaxation,global_relaxation,0.025467535,analytic_relaxation_not_bpc_certificate,34023.983694,restricted_journey_rmp,seeded_reference_singleton_pool,SKIPPED_TOO_LARGE_FOR_ENUM_BASELINE,NOT_SOLVED,SKIPPED_TOO_LARGE_FOR_DIRECT_DP_BASELINE,NOT_SOLVED,,,SKIPPED_TOO_LARGE_FOR_DIRECT_ROOT_CERTIFICATE,NOT_SOLVED,,,,0,False,False,reference_solution,COLUMN_POOL_STATE_LIMIT,,50001,50000,1207.904922,100,100,1,3600.0,False,,0,0,0,0,0,10,10,,RESTRICTED_RMP_OPTIMAL,seeded_reference_singleton_pool,138,34023.983694,0.0,138,8,0.0,8.0,0,0,0,False,0,0,,CUT_PROBE_READY,10,0,0,False,False,False,NO_CUT_ROW_ADDED,10,0,0,False,NOT_RUN,,,,False,False,False,FIXED_GRAPH_PRICING_INCOMPLETE,False,,False,False,False,False,False,,,,,,,,,,,,,,,,,,BRANCH_PROBE_READY,585,10,False,False,NO_FRACTIONAL_BRANCH_CANDIDATE,0,0,False,False,BRANCH_TREE_RESTRICTED_RMP_EVALUATED,3,2,1,True,3,2,1,34023.983694,False,False,RESTRICTED_BRANCH_NODE_QUEUE_EVALUATED,7,7,7,3,2,False,7,3,34023.983694,True,3,2,-13089.866537,False,2,3,2,34023.983694,False,0,7,0,7,0,False,False,False,PARTIAL_DIRECT_LABEL_PRICED,-13089.866537,True,False,False,0,0,8,8,5,7820,True,201,369,False,,,,,,,,,,,0.123225,2.5e-05,14.880147,0.040699,15.644726,15.658093,reference_only_exact_not_solved
/home/kai/work/GAT_BPC_moonTerk/data/instances/lunar_ice_100/instance_006_logical_graph.json,/home/kai/work/GAT_BPC_moonTerk/runs/solutions/lunar_ice_100_default_benchmark/lunar_ice_100/instance_006_logical_graph_solution.json,lunar_ice_100_006_seed1629006,FEASIBLE_REFERENCE,NOT_SOLVED,none,NOT_PORTED_TRUE_DUAL_BPC,False,NOT_PORTED_TRUE_DUAL_BPC,diagnostic_fallback,TRUE_DUAL_PRICING_TAIL_NEGATIVE_FOUND,NOT_SOLVED,seeded_reference_singleton_pool,False,False,False,-9032.103305,TRUE_DUAL_PRICING_TAIL_NEGATIVE_FOUND,diagnostic_direct_pricing,False,False,False,True,-9032.103305,True,f21f304b1e99cf977de406b5782ae6d4094f849ae6f19f8a2b54409d9207cf11,False,False,4,NOT_PORTED_TRUE_DUAL_BPC,NEGATIVE_REDUCED_COST_FOUND,,False,False,4,NODE_BOUND_FAIL_CLOSED,NOT_SOLVED,False,False,3,BLOCKED_BY_NEGATIVE_REDUCED_COST,False,False,False,,False,False,5,False,32577.475247,31710.118618,analytic_relaxation,global_relaxation,0.026624428,analytic_relaxation_not_bpc_certificate,32954.504995,restricted_journey_rmp,seeded_reference_singleton_pool,SKIPPED_TOO_LARGE_FOR_ENUM_BASELINE,NOT_SOLVED,SKIPPED_TOO_LARGE_FOR_DIRECT_DP_BASELINE,NOT_SOLVED,,,SKIPPED_TOO_LARGE_FOR_DIRECT_ROOT_CERTIFICATE,NOT_SOLVED,,,,0,False,False,reference_solution,COLUMN_POOL_STATE_LIMIT,,50001,50000,1170.479505,100,100,1,3600.0,False,,0,0,0,0,0,10,10,,RESTRICTED_RMP_OPTIMAL,seeded_reference_singleton_pool,141,32954.504995,0.0,139,8,0.0,8.0,0,0,0,False,0,0,,CUT_PROBE_READY,10,0,0,False,False,False,NO_CUT_ROW_ADDED,10,0,0,False,NOT_RUN,,,,False,False,False,FIXED_GRAPH_PRICING_INCOMPLETE,False,,False,False,False,False,False,,,,,,,,,,,,,,,,,,BRANCH_PROBE_READY,583,10,False,False,NO_FRACTIONAL_BRANCH_CANDIDATE,0,0,False,False,BRANCH_TREE_RESTRICTED_RMP_EVALUATED,3,2,1,True,3,2,1,32954.504995,False,False,RESTRICTED_BRANCH_NODE_QUEUE_EVALUATED,7,7,7,3,2,False,7,3,32954.504995,True,3,2,-9032.103305,False,2,2,2,32954.504995,False,0,7,0,7,0,False,False,False,PARTIAL_DIRECT_LABEL_PRICED,-9032.103305,True,False,False,0,0,8,8,5,6878,True,122,373,False,,,,,,,,,,,0.135958,3.2e-05,14.361037,0.037311,15.123136,15.133594,reference_only_exact_not_solved
/home/kai/work/GAT_BPC_moonTerk/data/instances/lunar_ice_100/instance_007_logical_graph.json,/home/kai/work/GAT_BPC_moonTerk/runs/solutions/lunar_ice_100_default_benchmark/lunar_ice_100/instance_007_logical_graph_solution.json,lunar_ice_100_007_seed1629007,FEASIBLE_REFERENCE,NOT_SOLVED,none,NOT_PORTED_TRUE_DUAL_BPC,False,NOT_PORTED_TRUE_DUAL_BPC,diagnostic_fallback,TRUE_DUAL_PRICING_TAIL_NEGATIVE_FOUND,NOT_SOLVED,seeded_reference_singleton_pool,False,False,False,-7958.406345,TRUE_DUAL_PRICING_TAIL_NEGATIVE_FOUND,diagnostic_direct_pricing,False,False,False,True,-7958.406345,True,7b38323a8fbaff9bd9b4fcef9d745796dfcce7b71e809eb0cacede0ad8459aca,False,False,4,NOT_PORTED_TRUE_DUAL_BPC,NEGATIVE_REDUCED_COST_FOUND,,False,False,4,NODE_BOUND_FAIL_CLOSED,NOT_SOLVED,False,False,3,BLOCKED_BY_NEGATIVE_REDUCED_COST,False,False,False,,False,False,5,False,32234.76594,31402.036255,analytic_relaxation,global_relaxation,0.025833278,analytic_relaxation_not_bpc_certificate,32597.652909,restricted_journey_rmp,seeded_reference_singleton_pool,SKIPPED_TOO_LARGE_FOR_ENUM_BASELINE,NOT_SOLVED,SKIPPED_TOO_LARGE_FOR_DIRECT_DP_BASELINE,NOT_SOLVED,,,SKIPPED_TOO_LARGE_FOR_DIRECT_ROOT_CERTIFICATE,NOT_SOLVED,,,,0,False,False,reference_solution,COLUMN_POOL_STATE_LIMIT,,50001,50000,1127.292657,100,100,1,3600.0,False,,0,0,0,0,0,10,10,,RESTRICTED_RMP_OPTIMAL,seeded_reference_singleton_pool,139,32597.652909,0.0,138,8,0.0,8.0,0,0,0,False,0,0,,CUT_PROBE_READY,10,0,0,False,False,False,NO_CUT_ROW_ADDED,10,0,0,False,NOT_RUN,,,,False,False,False,FIXED_GRAPH_PRICING_INCOMPLETE,False,,False,False,False,False,False,,,,,,,,,,,,,,,,,,BRANCH_PROBE_READY,584,10,False,False,NO_FRACTIONAL_BRANCH_CANDIDATE,0,0,False,False,BRANCH_TREE_RESTRICTED_RMP_EVALUATED,3,2,1,True,3,2,1,32597.652909,False,False,RESTRICTED_BRANCH_NODE_QUEUE_EVALUATED,7,7,7,3,2,False,7,3,32597.652909,True,3,1,-7958.406345,False,1,1,1,32597.652909,False,0,7,0,7,0,False,False,False,PARTIAL_DIRECT_LABEL_PRICED,-7958.406345,True,False,False,0,0,8,8,5,6884,True,152,342,False,,,,,,,,,,,0.10305,2e-05,15.458874,0.038094,16.208673,16.219904,reference_only_exact_not_solved
/home/kai/work/GAT_BPC_moonTerk/data/instances/lunar_ice_100/instance_008_logical_graph.json,/home/kai/work/GAT_BPC_moonTerk/runs/solutions/lunar_ice_100_default_benchmark/lunar_ice_100/instance_008_logical_graph_solution.json,lunar_ice_100_008_seed1629008,FEASIBLE_REFERENCE,NOT_SOLVED,none,NOT_PORTED_TRUE_DUAL_BPC,False,NOT_PORTED_TRUE_DUAL_BPC,diagnostic_fallback,TRUE_DUAL_PRICING_TAIL_NEGATIVE_FOUND,NOT_SOLVED,seeded_reference_singleton_pool,False,False,False,-11717.733386,TRUE_DUAL_PRICING_TAIL_NEGATIVE_FOUND,diagnostic_direct_pricing,False,False,False,True,-11717.733386,True,399839a081e3557ed92fc63a0f7f68052346cfb99829b6bc30b8cea0727eb607,False,False,4,NOT_PORTED_TRUE_DUAL_BPC,NEGATIVE_REDUCED_COST_FOUND,,False,False,4,NODE_BOUND_FAIL_CLOSED,NOT_SOLVED,False,False,3,BLOCKED_BY_NEGATIVE_REDUCED_COST,False,False,False,,False,False,5,False,32731.543421,31869.891114,analytic_relaxation,global_relaxation,0.02632483,analytic_relaxation_not_bpc_certificate,33089.766267,restricted_journey_rmp,seeded_reference_singleton_pool,SKIPPED_TOO_LARGE_FOR_ENUM_BASELINE,NOT_SOLVED,SKIPPED_TOO_LARGE_FOR_DIRECT_DP_BASELINE,NOT_SOLVED,,,SKIPPED_TOO_LARGE_FOR_DIRECT_ROOT_CERTIFICATE,NOT_SOLVED,,,,0,False,False,reference_solution,COLUMN_POOL_STATE_LIMIT,,50001,50000,1175.408184,100,100,1,3600.0,False,,0,0,0,0,0,10,10,,RESTRICTED_RMP_OPTIMAL,seeded_reference_singleton_pool,138,33089.766267,0.0,138,8,0.0,8.0,0,0,0,False,0,0,,CUT_PROBE_READY,10,0,0,False,False,False,NO_CUT_ROW_ADDED,10,0,0,False,NOT_RUN,,,,False,False,False,FIXED_GRAPH_PRICING_INCOMPLETE,False,,False,False,False,False,False,,,,,,,,,,,,,,,,,,BRANCH_PROBE_READY,595,10,False,False,NO_FRACTIONAL_BRANCH_CANDIDATE,0,0,False,False,BRANCH_TREE_RESTRICTED_RMP_EVALUATED,3,2,1,True,3,2,1,33089.766267,False,False,RESTRICTED_BRANCH_NODE_QUEUE_EVALUATED,7,7,7,3,2,False,7,3,33089.766267,True,3,2,-8842.012239,False,2,4,2,33089.766267,False,0,7,0,7,0,False,False,False,PARTIAL_DIRECT_LABEL_PRICED,-11717.733386,True,False,False,0,0,8,8,5,6120,True,87,296,False,,,,,,,,,,,0.121527,3.1e-05,14.683123,0.033011,15.426924,15.443462,reference_only_exact_not_solved
/home/kai/work/GAT_BPC_moonTerk/data/instances/lunar_ice_100/instance_009_logical_graph.json,/home/kai/work/GAT_BPC_moonTerk/runs/solutions/lunar_ice_100_default_benchmark/lunar_ice_100/instance_009_logical_graph_solution.json,lunar_ice_100_009_seed1629009,FEASIBLE_REFERENCE,NOT_SOLVED,none,NOT_PORTED_TRUE_DUAL_BPC,False,NOT_PORTED_TRUE_DUAL_BPC,diagnostic_fallback,TRUE_DUAL_PRICING_TAIL_NEGATIVE_FOUND,NOT_SOLVED,seeded_reference_singleton_pool,False,False,False,-14584.539561,TRUE_DUAL_PRICING_TAIL_NEGATIVE_FOUND,diagnostic_direct_pricing,False,False,False,True,-14584.539561,True,57b6fa9622d5776c2eafb9cc81addeb8c0e00261ddb3007c341bdc28da270a0d,False,False,4,NOT_PORTED_TRUE_DUAL_BPC,NEGATIVE_REDUCED_COST_FOUND,,False,False,4,NODE_BOUND_FAIL_CLOSED,NOT_SOLVED,False,False,3,BLOCKED_BY_NEGATIVE_REDUCED_COST,False,False,False,,False,False,5,False,31241.419229,30361.104539,analytic_relaxation,global_relaxation,0.028177807,analytic_relaxation_not_bpc_certificate,31593.858364,restricted_journey_rmp,seeded_reference_singleton_pool,SKIPPED_TOO_LARGE_FOR_ENUM_BASELINE,NOT_SOLVED,SKIPPED_TOO_LARGE_FOR_DIRECT_DP_BASELINE,NOT_SOLVED,,,SKIPPED_TOO_LARGE_FOR_DIRECT_ROOT_CERTIFICATE,NOT_SOLVED,,,,0,False,False,reference_solution,COLUMN_POOL_STATE_LIMIT,,50001,50000,1136.924184,100,100,1,3600.0,False,,0,0,0,0,0,10,10,,RESTRICTED_RMP_OPTIMAL,seeded_reference_singleton_pool,137,31593.858364,0.0,137,8,0.0,8.0,0,0,0,False,0,0,,CUT_PROBE_READY,10,0,0,False,False,False,NO_CUT_ROW_ADDED,10,0,0,False,NOT_RUN,,,,False,False,False,FIXED_GRAPH_PRICING_INCOMPLETE,False,,False,False,False,False,False,,,,,,,,,,,,,,,,,,BRANCH_PROBE_READY,580,10,False,False,NO_FRACTIONAL_BRANCH_CANDIDATE,0,0,False,False,BRANCH_TREE_RESTRICTED_RMP_EVALUATED,3,2,1,True,3,2,1,31593.858364,False,False,RESTRICTED_BRANCH_NODE_QUEUE_EVALUATED,7,7,7,3,2,False,7,3,31593.858364,True,3,2,-14584.539561,False,2,8,2,31593.858364,False,0,7,0,7,0,False,False,False,PARTIAL_DIRECT_LABEL_PRICED,-14584.539561,True,False,False,0,0,8,8,5,6933,True,185,442,False,,,,,,,,,,,0.165358,2e-05,15.132427,0.04684,15.912434,15.923125,reference_only_exact_not_solved
/home/kai/work/GAT_BPC_moonTerk/data/instances/lunar_ice_100/instance_010_logical_graph.json,/home/kai/work/GAT_BPC_moonTerk/runs/solutions/lunar_ice_100_default_benchmark/lunar_ice_100/instance_010_logical_graph_solution.json,lunar_ice_100_010_seed1629010,FEASIBLE_REFERENCE,NOT_SOLVED,none,NOT_PORTED_TRUE_DUAL_BPC,False,NOT_PORTED_TRUE_DUAL_BPC,diagnostic_fallback,TRUE_DUAL_PRICING_TAIL_NEGATIVE_FOUND,NOT_SOLVED,seeded_reference_singleton_pool,False,False,False,-5522.3045625,TRUE_DUAL_PRICING_TAIL_NEGATIVE_FOUND,diagnostic_direct_pricing,False,False,False,True,-5522.3045625,True,62a36bed8c7a2a06614accaf168ffcd5b67d945c64a963a279bbf1b22d0fe2b7,False,False,4,NOT_PORTED_TRUE_DUAL_BPC,NEGATIVE_REDUCED_COST_FOUND,,False,False,4,NODE_BOUND_FAIL_CLOSED,NOT_SOLVED,False,False,3,BLOCKED_BY_NEGATIVE_REDUCED_COST,False,False,False,,False,False,5,False,31901.989617,31025.444481,analytic_relaxation,global_relaxation,0.02747619,analytic_relaxation_not_bpc_certificate,32278.605896,restricted_journey_rmp,seeded_reference_singleton_pool,SKIPPED_TOO_LARGE_FOR_ENUM_BASELINE,NOT_SOLVED,SKIPPED_TOO_LARGE_FOR_DIRECT_DP_BASELINE,NOT_SOLVED,,,SKIPPED_TOO_LARGE_FOR_DIRECT_ROOT_CERTIFICATE,NOT_SOLVED,,,,0,False,False,reference_solution,COLUMN_POOL_STATE_LIMIT,,50001,50000,1174.91576,100,100,1,3600.0,False,,0,0,0,0,0,10,10,,RESTRICTED_RMP_OPTIMAL,seeded_reference_singleton_pool,139,32278.605896,0.0,138,8,0.0,8.0,0,0,0,False,0,0,,CUT_PROBE_READY,10,0,0,False,False,False,NO_CUT_ROW_ADDED,10,0,0,False,NOT_RUN,,,,False,False,False,FIXED_GRAPH_PRICING_INCOMPLETE,False,,False,False,False,False,False,,,,,,,,,,,,,,,,,,BRANCH_PROBE_READY,586,10,False,False,NO_FRACTIONAL_BRANCH_CANDIDATE,0,0,False,False,BRANCH_TREE_RESTRICTED_RMP_EVALUATED,3,2,1,True,3,2,1,32278.605896,False,False,RESTRICTED_BRANCH_NODE_QUEUE_EVALUATED,7,7,7,3,2,False,7,3,32278.605896,True,3,1,-3717.05727,False,1,1,1,32278.605896,False,0,7,0,7,0,False,False,False,PARTIAL_DIRECT_LABEL_PRICED,-5522.3045625,True,False,False,0,0,8,8,5,4697,True,104,297,False,,,,,,,,,,,0.173314,2.1e-05,14.847456,0.031568,15.626404,15.63937,reference_only_exact_not_solved
/home/kai/work/GAT_BPC_moonTerk/data/instances/lunar_ice_100/instance_011_logical_graph.json,/home/kai/work/GAT_BPC_moonTerk/runs/solutions/lunar_ice_100_default_benchmark/lunar_ice_100/instance_011_logical_graph_solution.json,lunar_ice_100_011_seed1629011,FEASIBLE_REFERENCE,NOT_SOLVED,none,NOT_PORTED_TRUE_DUAL_BPC,False,NOT_PORTED_TRUE_DUAL_BPC,diagnostic_fallback,TRUE_DUAL_PRICING_TAIL_NEGATIVE_FOUND,NOT_SOLVED,seeded_reference_singleton_pool,False,False,False,-5300.760947,TRUE_DUAL_PRICING_TAIL_NEGATIVE_FOUND,diagnostic_direct_pricing,False,False,False,True,-5300.760947,True,beac454209175479ad63cfaa433a903754ecdefbed4b6d63391d7b934e097892,False,False,4,NOT_PORTED_TRUE_DUAL_BPC,NEGATIVE_REDUCED_COST_FOUND,,False,False,4,NODE_BOUND_FAIL_CLOSED,NOT_SOLVED,False,False,3,BLOCKED_BY_NEGATIVE_REDUCED_COST,False,False,False,,False,False,5,False,33016.451837,32161.81954,analytic_relaxation,global_relaxation,0.025885044,analytic_relaxation_not_bpc_certificate,33391.580651,restricted_journey_rmp,seeded_reference_singleton_pool,SKIPPED_TOO_LARGE_FOR_ENUM_BASELINE,NOT_SOLVED,SKIPPED_TOO_LARGE_FOR_DIRECT_DP_BASELINE,NOT_SOLVED,,,SKIPPED_TOO_LARGE_FOR_DIRECT_ROOT_CERTIFICATE,NOT_SOLVED,,,,0,False,False,reference_solution,COLUMN_POOL_STATE_LIMIT,,50001,50000,1220.816024,100,100,1,3600.0,False,,0,0,0,0,0,10,10,,RESTRICTED_RMP_OPTIMAL,seeded_reference_singleton_pool,139,33391.580651,0.0,139,8,0.0,8.0,0,0,0,False,0,0,,CUT_PROBE_READY,10,0,0,False,False,False,NO_CUT_ROW_ADDED,10,0,0,False,NOT_RUN,,,,False,False,False,FIXED_GRAPH_PRICING_INCOMPLETE,False,,False,False,False,False,False,,,,,,,,,,,,,,,,,,BRANCH_PROBE_READY,595,10,False,False,NO_FRACTIONAL_BRANCH_CANDIDATE,0,0,False,False,BRANCH_TREE_RESTRICTED_RMP_EVALUATED,3,2,1,True,3,2,1,33391.580651,False,False,RESTRICTED_BRANCH_NODE_QUEUE_EVALUATED,7,7,7,3,2,False,7,3,33391.580651,True,3,2,-5300.760947,False,2,3,2,33391.580651,False,0,7,0,7,0,False,False,False,PARTIAL_DIRECT_LABEL_PRICED,-5300.760947,True,False,False,0,0,8,8,5,5868,True,68,275,False,,,,,,,,,,,0.144701,1.9e-05,15.830811,0.041448,16.64597,16.658554,reference_only_exact_not_solved
/home/kai/work/GAT_BPC_moonTerk/data/instances/lunar_ice_100/instance_012_logical_graph.json,/home/kai/work/GAT_BPC_moonTerk/runs/solutions/lunar_ice_100_default_benchmark/lunar_ice_100/instance_012_logical_graph_solution.json,lunar_ice_100_012_seed1629012,FEASIBLE_REFERENCE,NOT_SOLVED,none,NOT_PORTED_TRUE_DUAL_BPC,False,NOT_PORTED_TRUE_DUAL_BPC,diagnostic_fallback,TRUE_DUAL_PRICING_TAIL_NEGATIVE_FOUND,NOT_SOLVED,seeded_reference_singleton_pool,False,False,False,-4522.52063,TRUE_DUAL_PRICING_TAIL_NEGATIVE_FOUND,diagnostic_direct_pricing,False,False,False,True,-4522.52063,True,176ace3de80884764ee672d19106abc11d2a40d36cc7c466caf44171c9761a58,False,False,4,NOT_PORTED_TRUE_DUAL_BPC,NEGATIVE_REDUCED_COST_FOUND,,False,False,4,NODE_BOUND_FAIL_CLOSED,NOT_SOLVED,False,False,3,BLOCKED_BY_NEGATIVE_REDUCED_COST,False,False,False,,False,False,5,False,29406.848356,28603.226507,analytic_relaxation,global_relaxation,0.027327711,analytic_relaxation_not_bpc_certificate,29751.850297,restricted_journey_rmp,seeded_reference_singleton_pool,SKIPPED_TOO_LARGE_FOR_ENUM_BASELINE,NOT_SOLVED,SKIPPED_TOO_LARGE_FOR_DIRECT_DP_BASELINE,NOT_SOLVED,,,SKIPPED_TOO_LARGE_FOR_DIRECT_ROOT_CERTIFICATE,NOT_SOLVED,,,,0,False,False,reference_solution,COLUMN_POOL_STATE_LIMIT,,50001,50000,1159.502098,100,100,1,3600.0,False,,0,0,0,0,0,10,10,,RESTRICTED_RMP_OPTIMAL,seeded_reference_singleton_pool,137,29751.850297,0.0,136,8,0.0,8.0,0,0,0,False,0,0,,CUT_PROBE_READY,10,0,0,False,False,False,NO_CUT_ROW_ADDED,10,0,0,False,NOT_RUN,,,,False,False,False,FIXED_GRAPH_PRICING_INCOMPLETE,False,,False,False,False,False,False,,,,,,,,,,,,,,,,,,BRANCH_PROBE_READY,590,10,False,False,NO_FRACTIONAL_BRANCH_CANDIDATE,0,0,False,False,BRANCH_TREE_RESTRICTED_RMP_EVALUATED,3,2,1,True,3,2,1,29751.850297,False,False,RESTRICTED_BRANCH_NODE_QUEUE_EVALUATED,7,7,7,3,2,False,7,3,29751.850297,True,3,2,-4522.52063,False,2,3,2,29751.850297,False,0,7,0,7,0,False,False,False,PARTIAL_DIRECT_LABEL_PRICED,-4522.52063,True,False,False,0,0,8,8,5,8501,True,130,396,False,,,,,,,,,,,0.149708,2.9e-05,16.048732,0.042756,16.770138,16.792488,reference_only_exact_not_solved
/home/kai/work/GAT_BPC_moonTerk/data/instances/lunar_ice_100/instance_013_logical_graph.json,/home/kai/work/GAT_BPC_moonTerk/runs/solutions/lunar_ice_100_default_benchmark/lunar_ice_100/instance_013_logical_graph_solution.json,lunar_ice_100_013_seed1629013,FEASIBLE_REFERENCE,NOT_SOLVED,none,NOT_PORTED_TRUE_DUAL_BPC,False,NOT_PORTED_TRUE_DUAL_BPC,diagnostic_fallback,TRUE_DUAL_PRICING_TAIL_NEGATIVE_FOUND,NOT_SOLVED,seeded_reference_singleton_pool,False,False,False,-14960.996523,TRUE_DUAL_PRICING_TAIL_NEGATIVE_FOUND,diagnostic_direct_pricing,False,False,False,True,-14960.996523,True,07a737bfa578b4baf0fcd1eeb3ac8fdf62331f0a9338b6b77a0d8666e28d9e72,False,False,4,NOT_PORTED_TRUE_DUAL_BPC,NEGATIVE_REDUCED_COST_FOUND,,False,False,4,NODE_BOUND_FAIL_CLOSED,NOT_SOLVED,False,False,3,BLOCKED_BY_NEGATIVE_REDUCED_COST,False,False,False,,False,False,5,False,31291.494979,30427.410041,analytic_relaxation,global_relaxation,0.027614051,analytic_relaxation_not_bpc_certificate,31634.709187,restricted_journey_rmp,seeded_reference_singleton_pool,SKIPPED_TOO_LARGE_FOR_ENUM_BASELINE,NOT_SOLVED,SKIPPED_TOO_LARGE_FOR_DIRECT_DP_BASELINE,NOT_SOLVED,,,SKIPPED_TOO_LARGE_FOR_DIRECT_ROOT_CERTIFICATE,NOT_SOLVED,,,,0,False,False,reference_solution,COLUMN_POOL_STATE_LIMIT,,50001,50000,1104.794391,100,100,1,3600.0,False,,0,0,0,0,0,10,10,,RESTRICTED_RMP_OPTIMAL,seeded_reference_singleton_pool,136,31634.709187,0.0,136,8,0.0,8.0,0,0,0,False,0,0,,CUT_PROBE_READY,10,0,0,False,False,False,NO_CUT_ROW_ADDED,10,0,0,False,NOT_RUN,,,,False,False,False,FIXED_GRAPH_PRICING_INCOMPLETE,False,,False,False,False,False,False,,,,,,,,,,,,,,,,,,BRANCH_PROBE_READY,587,10,False,False,NO_FRACTIONAL_BRANCH_CANDIDATE,0,0,False,False,BRANCH_TREE_RESTRICTED_RMP_EVALUATED,3,2,1,True,3,2,1,31634.709187,False,False,RESTRICTED_BRANCH_NODE_QUEUE_EVALUATED,7,7,7,3,2,False,7,3,31634.709187,True,3,2,-11255.80294,False,2,4,2,31634.709187,False,0,7,0,7,0,False,False,False,PARTIAL_DIRECT_LABEL_PRICED,-14960.996523,True,False,False,0,0,8,8,5,9258,True,168,344,False,,,,,,,,,,,0.118934,2e-05,13.852192,0.045782,14.622982,14.634699,reference_only_exact_not_solved
/home/kai/work/GAT_BPC_moonTerk/data/instances/lunar_ice_100/instance_014_logical_graph.json,/home/kai/work/GAT_BPC_moonTerk/runs/solutions/lunar_ice_100_default_benchmark/lunar_ice_100/instance_014_logical_graph_solution.json,lunar_ice_100_014_seed1629014,FEASIBLE_REFERENCE,NOT_SOLVED,none,NOT_PORTED_TRUE_DUAL_BPC,False,NOT_PORTED_TRUE_DUAL_BPC,diagnostic_fallback,TRUE_DUAL_PRICING_TAIL_NEGATIVE_FOUND,NOT_SOLVED,seeded_reference_singleton_pool,False,False,False,-10209.113121,TRUE_DUAL_PRICING_TAIL_NEGATIVE_FOUND,diagnostic_direct_pricing,False,False,False,True,-10209.113121,True,fe8153600f257975976e4e6b3e88c3347fc91003b7841a5db7f7380b8ba58b6e,False,False,4,NOT_PORTED_TRUE_DUAL_BPC,NEGATIVE_REDUCED_COST_FOUND,,False,False,4,NODE_BOUND_FAIL_CLOSED,NOT_SOLVED,False,False,3,BLOCKED_BY_NEGATIVE_REDUCED_COST,False,False,False,,False,False,5,False,33254.72916,32389.17125,analytic_relaxation,global_relaxation,0.026028115,analytic_relaxation_not_bpc_certificate,33621.458623,restricted_journey_rmp,seeded_reference_singleton_pool,SKIPPED_TOO_LARGE_FOR_ENUM_BASELINE,NOT_SOLVED,SKIPPED_TOO_LARGE_FOR_DIRECT_DP_BASELINE,NOT_SOLVED,,,SKIPPED_TOO_LARGE_FOR_DIRECT_ROOT_CERTIFICATE,NOT_SOLVED,,,,0,False,False,reference_solution,COLUMN_POOL_STATE_LIMIT,,50001,50000,1123.028631,100,100,1,3600.0,False,,0,0,0,0,0,10,10,,RESTRICTED_RMP_OPTIMAL,seeded_reference_singleton_pool,139,33621.458623,0.0,138,8,0.0,8.0,0,0,0,False,0,0,,CUT_PROBE_READY,10,0,0,False,False,False,NO_CUT_ROW_ADDED,10,0,0,False,NOT_RUN,,,,False,False,False,FIXED_GRAPH_PRICING_INCOMPLETE,False,,False,False,False,False,False,,,,,,,,,,,,,,,,,,BRANCH_PROBE_READY,580,10,False,False,NO_FRACTIONAL_BRANCH_CANDIDATE,0,0,False,False,BRANCH_TREE_RESTRICTED_RMP_EVALUATED,3,2,1,True,3,2,1,33621.458623,False,False,RESTRICTED_BRANCH_NODE_QUEUE_EVALUATED,7,7,7,3,2,False,7,3,33621.458623,True,3,1,-6843.946545,False,1,1,1,33621.458623,False,0,7,0,7,0,False,False,False,PARTIAL_DIRECT_LABEL_PRICED,-10209.113121,True,False,False,0,0,8,8,5,5605,True,197,339,False,,,,,,,,,,,0.136113,1.8e-05,13.652843,0.049139,14.417608,14.429373,reference_only_exact_not_solved
/home/kai/work/GAT_BPC_moonTerk/data/instances/lunar_ice_100/instance_015_logical_graph.json,/home/kai/work/GAT_BPC_moonTerk/runs/solutions/lunar_ice_100_default_benchmark/lunar_ice_100/instance_015_logical_graph_solution.json,lunar_ice_100_015_seed1629015,FEASIBLE_REFERENCE,NOT_SOLVED,none,NOT_PORTED_TRUE_DUAL_BPC,False,NOT_PORTED_TRUE_DUAL_BPC,diagnostic_fallback,TRUE_DUAL_PRICING_TAIL_NEGATIVE_FOUND,NOT_SOLVED,seeded_reference_singleton_pool,False,False,False,-15554.974447,TRUE_DUAL_PRICING_TAIL_NEGATIVE_FOUND,diagnostic_direct_pricing,False,False,False,True,-15554.974447,True,7a3a666cd9b1dfd88206cfc518c50581bf930952f3a9e2f27b2ac67a223c1fec,False,False,4,NOT_PORTED_TRUE_DUAL_BPC,NEGATIVE_REDUCED_COST_FOUND,,False,False,4,NODE_BOUND_FAIL_CLOSED,NOT_SOLVED,False,False,3,BLOCKED_BY_NEGATIVE_REDUCED_COST,False,False,False,,False,False,5,False,31884.466365,31010.023772,analytic_relaxation,global_relaxation,0.027425348,analytic_relaxation_not_bpc_certificate,32241.485486,restricted_journey_rmp,seeded_reference_singleton_pool,SKIPPED_TOO_LARGE_FOR_ENUM_BASELINE,NOT_SOLVED,SKIPPED_TOO_LARGE_FOR_DIRECT_DP_BASELINE,NOT_SOLVED,,,SKIPPED_TOO_LARGE_FOR_DIRECT_ROOT_CERTIFICATE,NOT_SOLVED,,,,0,False,False,reference_solution,COLUMN_POOL_STATE_LIMIT,,50001,50000,1120.902107,100,100,1,3600.0,False,,0,0,0,0,0,10,10,,RESTRICTED_RMP_OPTIMAL,seeded_reference_singleton_pool,137,32241.485486,0.0,136,8,0.0,8.0,0,0,0,False,0,0,,CUT_PROBE_READY,10,0,0,False,False,False,NO_CUT_ROW_ADDED,10,0,0,False,NOT_RUN,,,,False,False,False,FIXED_GRAPH_PRICING_INCOMPLETE,False,,False,False,False,False,False,,,,,,,,,,,,,,,,,,BRANCH_PROBE_READY,594,10,False,False,NO_FRACTIONAL_BRANCH_CANDIDATE,0,0,False,False,BRANCH_TREE_RESTRICTED_RMP_EVALUATED,3,2,1,True,3,2,1,32241.485486,False,False,RESTRICTED_BRANCH_NODE_QUEUE_EVALUATED,7,7,7,3,2,False,7,3,32241.485486,True,3,1,-15554.974447,False,1,2,1,32241.485486,False,0,7,0,7,0,False,False,False,PARTIAL_DIRECT_LABEL_PRICED,-15554.974447,True,False,False,0,0,8,8,5,8465,True,127,384,False,,,,,,,,,,,0.157349,2.8e-05,13.627898,0.056845,14.500037,14.509785,reference_only_exact_not_solved
/home/kai/work/GAT_BPC_moonTerk/data/instances/lunar_ice_100/instance_016_logical_graph.json,/home/kai/work/GAT_BPC_moonTerk/runs/solutions/lunar_ice_100_default_benchmark/lunar_ice_100/instance_016_logical_graph_solution.json,lunar_ice_100_016_seed1629016,FEASIBLE_REFERENCE,NOT_SOLVED,none,NOT_PORTED_TRUE_DUAL_BPC,False,NOT_PORTED_TRUE_DUAL_BPC,diagnostic_fallback,TRUE_DUAL_PRICING_TAIL_NEGATIVE_FOUND,NOT_SOLVED,seeded_reference_singleton_pool,False,False,False,-11263.500607,TRUE_DUAL_PRICING_TAIL_NEGATIVE_FOUND,diagnostic_direct_pricing,False,False,False,True,-11263.500607,True,448339a8e1704f63712de02ea347aedfabd601d3ae9daf5445ab902a6c09d6a6,False,False,4,NOT_PORTED_TRUE_DUAL_BPC,NEGATIVE_REDUCED_COST_FOUND,,False,False,4,NODE_BOUND_FAIL_CLOSED,NOT_SOLVED,False,False,3,BLOCKED_BY_NEGATIVE_REDUCED_COST,False,False,False,,False,False,5,False,33529.72828,32660.267452,analytic_relaxation,global_relaxation,0.025931043,analytic_relaxation_not_bpc_certificate,33899.56628,restricted_journey_rmp,seeded_reference_singleton_pool,SKIPPED_TOO_LARGE_FOR_ENUM_BASELINE,NOT_SOLVED,SKIPPED_TOO_LARGE_FOR_DIRECT_DP_BASELINE,NOT_SOLVED,,,SKIPPED_TOO_LARGE_FOR_DIRECT_ROOT_CERTIFICATE,NOT_SOLVED,,,,0,False,False,reference_solution,COLUMN_POOL_STATE_LIMIT,,50001,50000,1130.240456,100,100,1,3600.0,False,,0,0,0,0,0,10,10,,RESTRICTED_RMP_OPTIMAL,seeded_reference_singleton_pool,140,33899.56628,0.0,138,8,0.0,8.0,0,0,0,False,0,0,,CUT_PROBE_READY,10,0,0,False,False,False,NO_CUT_ROW_ADDED,10,0,0,False,NOT_RUN,,,,False,False,False,FIXED_GRAPH_PRICING_INCOMPLETE,False,,False,False,False,False,False,,,,,,,,,,,,,,,,,,BRANCH_PROBE_READY,588,10,False,False,NO_FRACTIONAL_BRANCH_CANDIDATE,0,0,False,False,BRANCH_TREE_RESTRICTED_RMP_EVALUATED,3,2,1,True,3,2,1,33899.56628,False,False,RESTRICTED_BRANCH_NODE_QUEUE_EVALUATED,7,7,7,3,2,False,7,3,33899.56628,True,3,1,-8291.453242,False,1,1,1,33899.56628,False,0,7,0,7,0,False,False,False,PARTIAL_DIRECT_LABEL_PRICED,-11263.500607,True,False,False,0,0,8,8,5,5184,True,90,344,False,,,,,,,,,,,0.13269,3.4e-05,13.215301,0.045914,14.032369,14.042306,reference_only_exact_not_solved
/home/kai/work/GAT_BPC_moonTerk/data/instances/lunar_ice_100/instance_017_logical_graph.json,/home/kai/work/GAT_BPC_moonTerk/runs/solutions/lunar_ice_100_default_benchmark/lunar_ice_100/instance_017_logical_graph_solution.json,lunar_ice_100_017_seed1629017,FEASIBLE_REFERENCE,NOT_SOLVED,none,NOT_PORTED_TRUE_DUAL_BPC,False,NOT_PORTED_TRUE_DUAL_BPC,diagnostic_fallback,TRUE_DUAL_PRICING_TAIL_NEGATIVE_FOUND,NOT_SOLVED,seeded_reference_singleton_pool,False,False,False,-9611.031982,TRUE_DUAL_PRICING_TAIL_NEGATIVE_FOUND,diagnostic_direct_pricing,False,False,False,True,-9611.031982,True,c586e5531e221b8d65df25c338542b7f9e949b043caa798fc297f64f41a97a11,False,False,4,NOT_PORTED_TRUE_DUAL_BPC,NEGATIVE_REDUCED_COST_FOUND,,False,False,4,NODE_BOUND_FAIL_CLOSED,NOT_SOLVED,False,False,3,BLOCKED_BY_NEGATIVE_REDUCED_COST,False,False,False,,False,False,5,False,31692.596895,30818.059936,analytic_relaxation,global_relaxation,0.027594361,analytic_relaxation_not_bpc_certificate,32041.039481,restricted_journey_rmp,seeded_reference_singleton_pool,SKIPPED_TOO_LARGE_FOR_ENUM_BASELINE,NOT_SOLVED,SKIPPED_TOO_LARGE_FOR_DIRECT_DP_BASELINE,NOT_SOLVED,,,SKIPPED_TOO_LARGE_FOR_DIRECT_ROOT_CERTIFICATE,NOT_SOLVED,,,,0,False,False,reference_solution,COLUMN_POOL_STATE_LIMIT,,50001,50000,1149.8795,100,100,1,3600.0,False,,0,0,0,0,0,10,10,,RESTRICTED_RMP_OPTIMAL,seeded_reference_singleton_pool,137,32041.039481,0.0,136,8,0.0,8.0,0,0,0,False,0,0,,CUT_PROBE_READY,10,0,0,False,False,False,NO_CUT_ROW_ADDED,10,0,0,False,NOT_RUN,,,,False,False,False,FIXED_GRAPH_PRICING_INCOMPLETE,False,,False,False,False,False,False,,,,,,,,,,,,,,,,,,BRANCH_PROBE_READY,598,10,False,False,NO_FRACTIONAL_BRANCH_CANDIDATE,0,0,False,False,BRANCH_TREE_RESTRICTED_RMP_EVALUATED,3,2,1,True,3,2,1,32041.039481,False,False,RESTRICTED_BRANCH_NODE_QUEUE_EVALUATED,7,7,7,3,2,False,7,3,32041.039481,True,3,2,-7260.736887,False,2,4,2,32041.039481,False,0,7,0,7,0,False,False,False,PARTIAL_DIRECT_LABEL_PRICED,-9611.031982,True,False,False,0,0,8,8,5,7508,True,78,334,False,,,,,,,,,,,0.124168,2e-05,9.531438,0.031371,10.061231,10.071586,reference_only_exact_not_solved
/home/kai/work/GAT_BPC_moonTerk/data/instances/lunar_ice_100/instance_018_logical_graph.json,/home/kai/work/GAT_BPC_moonTerk/runs/solutions/lunar_ice_100_default_benchmark/lunar_ice_100/instance_018_logical_graph_solution.json,lunar_ice_100_018_seed1629018,FEASIBLE_REFERENCE,NOT_SOLVED,none,NOT_PORTED_TRUE_DUAL_BPC,False,NOT_PORTED_TRUE_DUAL_BPC,diagnostic_fallback,TRUE_DUAL_PRICING_TAIL_NEGATIVE_FOUND,NOT_SOLVED,seeded_reference_singleton_pool,False,False,False,-9833.69754,TRUE_DUAL_PRICING_TAIL_NEGATIVE_FOUND,diagnostic_direct_pricing,False,False,False,True,-9833.69754,True,072eddfc2b6d14d5be71f1647e47aabef8dab0217c954499d6612d6fdd97cd83,False,False,4,NOT_PORTED_TRUE_DUAL_BPC,NEGATIVE_REDUCED_COST_FOUND,,False,False,4,NODE_BOUND_FAIL_CLOSED,NOT_SOLVED,False,False,3,BLOCKED_BY_NEGATIVE_REDUCED_COST,False,False,False,,False,False,5,False,33203.811276,32365.553032,analytic_relaxation,global_relaxation,0.025245844,analytic_relaxation_not_bpc_certificate,33561.922071,restricted_journey_rmp,seeded_reference_singleton_pool,SKIPPED_TOO_LARGE_FOR_ENUM_BASELINE,NOT_SOLVED,SKIPPED_TOO_LARGE_FOR_DIRECT_DP_BASELINE,NOT_SOLVED,,,SKIPPED_TOO_LARGE_FOR_DIRECT_ROOT_CERTIFICATE,NOT_SOLVED,,,,0,False,False,reference_solution,COLUMN_POOL_STATE_LIMIT,,50001,50000,1157.930432,100,100,1,3600.0,False,,0,0,0,0,0,10,10,,RESTRICTED_RMP_OPTIMAL,seeded_reference_singleton_pool,138,33561.922071,0.0,138,8,0.0,8.0,0,0,0,False,0,0,,CUT_PROBE_READY,10,0,0,False,False,False,NO_CUT_ROW_ADDED,10,0,0,False,NOT_RUN,,,,False,False,False,FIXED_GRAPH_PRICING_INCOMPLETE,False,,False,False,False,False,False,,,,,,,,,,,,,,,,,,BRANCH_PROBE_READY,594,10,False,False,NO_FRACTIONAL_BRANCH_CANDIDATE,0,0,False,False,BRANCH_TREE_RESTRICTED_RMP_EVALUATED,3,2,1,True,3,2,1,33561.922071,False,False,RESTRICTED_BRANCH_NODE_QUEUE_EVALUATED,7,7,7,3,2,False,7,3,33561.922071,True,3,2,-9833.69754,False,2,4,2,33561.922071,False,0,7,0,7,0,False,False,False,PARTIAL_DIRECT_LABEL_PRICED,-9833.69754,True,False,False,0,0,8,8,5,6993,True,127,411,False,,,,,,,,,,,0.122071,1.8e-05,10.128852,0.028907,10.650536,10.663747,reference_only_exact_not_solved
/home/kai/work/GAT_BPC_moonTerk/data/instances/lunar_ice_100/instance_019_logical_graph.json,/home/kai/work/GAT_BPC_moonTerk/runs/solutions/lunar_ice_100_default_benchmark/lunar_ice_100/instance_019_logical_graph_solution.json,lunar_ice_100_019_seed1629019,FEASIBLE_REFERENCE,NOT_SOLVED,none,NOT_PORTED_TRUE_DUAL_BPC,False,NOT_PORTED_TRUE_DUAL_BPC,diagnostic_fallback,TRUE_DUAL_PRICING_TAIL_NEGATIVE_FOUND,NOT_SOLVED,seeded_reference_singleton_pool,False,False,False,-11399.502951,TRUE_DUAL_PRICING_TAIL_NEGATIVE_FOUND,diagnostic_direct_pricing,False,False,False,True,-11399.502951,True,1c8d508a64b1b7c25532fc1291eaba0429dc45969124c21249555ac7a17830f1,False,False,4,NOT_PORTED_TRUE_DUAL_BPC,NEGATIVE_REDUCED_COST_FOUND,,False,False,4,NODE_BOUND_FAIL_CLOSED,NOT_SOLVED,False,False,3,BLOCKED_BY_NEGATIVE_REDUCED_COST,False,False,False,,False,False,5,False,31277.159396,30415.717742,analytic_relaxation,global_relaxation,0.027542196,analytic_relaxation_not_bpc_certificate,31624.222465,restricted_journey_rmp,seeded_reference_singleton_pool,SKIPPED_TOO_LARGE_FOR_ENUM_BASELINE,NOT_SOLVED,SKIPPED_TOO_LARGE_FOR_DIRECT_DP_BASELINE,NOT_SOLVED,,,SKIPPED_TOO_LARGE_FOR_DIRECT_ROOT_CERTIFICATE,NOT_SOLVED,,,,0,False,False,reference_solution,COLUMN_POOL_STATE_LIMIT,,50001,50000,1106.581435,100,100,1,3600.0,False,,0,0,0,0,0,10,10,,RESTRICTED_RMP_OPTIMAL,seeded_reference_singleton_pool,137,31624.222465,0.0,137,8,0.0,8.0,0,0,0,False,0,0,,CUT_PROBE_READY,10,0,0,False,False,False,NO_CUT_ROW_ADDED,10,0,0,False,NOT_RUN,,,,False,False,False,FIXED_GRAPH_PRICING_INCOMPLETE,False,,False,False,False,False,False,,,,,,,,,,,,,,,,,,BRANCH_PROBE_READY,600,10,False,False,NO_FRACTIONAL_BRANCH_CANDIDATE,0,0,False,False,BRANCH_TREE_RESTRICTED_RMP_EVALUATED,3,2,1,True,3,2,1,31624.222465,False,False,RESTRICTED_BRANCH_NODE_QUEUE_EVALUATED,7,7,7,3,2,False,7,3,31624.222465,True,3,2,-11399.502951,False,2,4,2,31624.222465,False,0,7,0,7,0,False,False,False,PARTIAL_DIRECT_LABEL_PRICED,-11399.502951,True,False,False,0,0,8,8,5,8018,True,196,386,False,,,,,,,,,,,0.115148,1.9e-05,9.548409,0.029174,10.097489,10.111044,reference_only_exact_not_solved
/home/kai/work/GAT_BPC_moonTerk/data/instances/lunar_ice_100/instance_020_logical_graph.json,/home/kai/work/GAT_BPC_moonTerk/runs/solutions/lunar_ice_100_default_benchmark/lunar_ice_100/instance_020_logical_graph_solution.json,lunar_ice_100_020_seed1629020,FEASIBLE_REFERENCE,NOT_SOLVED,none,NOT_PORTED_TRUE_DUAL_BPC,False,NOT_PORTED_TRUE_DUAL_BPC,diagnostic_fallback,TRUE_DUAL_PRICING_TAIL_NEGATIVE_FOUND,NOT_SOLVED,seeded_reference_singleton_pool,False,False,False,-11452.647596,TRUE_DUAL_PRICING_TAIL_NEGATIVE_FOUND,diagnostic_direct_pricing,False,False,False,True,-11452.647596,True,9cb9886d5d9db16a8d562d40d7b686177f11e15fc0691f9e753746b26445b061,False,False,4,NOT_PORTED_TRUE_DUAL_BPC,NEGATIVE_REDUCED_COST_FOUND,,False,False,4,NODE_BOUND_FAIL_CLOSED,NOT_SOLVED,False,False,3,BLOCKED_BY_NEGATIVE_REDUCED_COST,False,False,False,,False,False,5,False,34644.156561,33765.429616,analytic_relaxation,global_relaxation,0.025364362,analytic_relaxation_not_bpc_certificate,35001.456781,restricted_journey_rmp,seeded_reference_singleton_pool,SKIPPED_TOO_LARGE_FOR_ENUM_BASELINE,NOT_SOLVED,SKIPPED_TOO_LARGE_FOR_DIRECT_DP_BASELINE,NOT_SOLVED,,,SKIPPED_TOO_LARGE_FOR_DIRECT_ROOT_CERTIFICATE,NOT_SOLVED,,,,0,False,False,reference_solution,COLUMN_POOL_STATE_LIMIT,,50001,50000,1168.294258,100,100,1,3600.0,False,,0,0,0,0,0,10,10,,RESTRICTED_RMP_OPTIMAL,seeded_reference_singleton_pool,137,35001.456781,0.0,137,8,0.0,8.0,0,0,0,False,0,0,,CUT_PROBE_READY,10,0,0,False,False,False,NO_CUT_ROW_ADDED,10,0,0,False,NOT_RUN,,,,False,False,False,FIXED_GRAPH_PRICING_INCOMPLETE,False,,False,False,False,False,False,,,,,,,,,,,,,,,,,,BRANCH_PROBE_READY,606,10,False,False,NO_FRACTIONAL_BRANCH_CANDIDATE,0,0,False,False,BRANCH_TREE_RESTRICTED_RMP_EVALUATED,3,2,1,True,3,2,1,35001.456781,False,False,RESTRICTED_BRANCH_NODE_QUEUE_EVALUATED,7,7,7,3,2,False,7,3,35001.456781,True,3,1,-11452.647596,False,1,2,1,35001.456781,False,0,7,0,7,0,False,False,False,PARTIAL_DIRECT_LABEL_PRICED,-11452.647596,True,False,False,0,0,8,8,5,7323,True,102,336,False,,,,,,,,,,,0.101276,2.2e-05,10.078151,0.029832,10.590197,10.602712,reference_only_exact_not_solved
