active_column_count,algorithm_status,best_reduced_cost,bpc_tree_optimal,certificate_scope,columns_added,end_to_end_stage_sum_sec,end_to_end_wall_time_sec,exact_certificate,final_judge_formulation_profile,final_judge_profile,final_judge_wall_time_sec,global_remaining_rc_lb,instance_index,instance_key,instance_path,mip_node_count,note,phase,pool_active_column_count,pool_added_column_count_last_stage,pool_build_wall_time_sec,pool_certified,pool_elapsed_stage_sum_sec,pool_phase_mode,pool_profile,pool_stage_count,pricing_proof_kind,pricing_state,profile,profile_phase_mode,result_json,round_count,row_wall_time_sec,simplex_iteration_count,source_probe_json,strict_from_json,tight_sequence_count,tight_sequence_max_reduction,tree_optimal,wall_time_sec
,BPC_GAP_AVAILABLE,,,BPC_NODE_LP_CERTIFIED,,,,,,,,,,instance_001,/home/kai/work/GAT_BPC_moonTerk/data/instances/lunar_ice_sp50_030/instance_001_logical_graph.json,,,pool_build,151,48,541.578199,True,1052.687022,proof_only,V4S,3,,CERTIFIED_NO_NEGATIVE,POOL,,,,,,/home/kai/work/GAT_BPC_moonTerk/runs/b4_1_v4s_v4sz_full30_from_json_strict_20x_20260710/pools/instance_001/stage_003/probe.json,True,,,,
151,BPC_INCOMPLETE_PRICING,,False,DIAGNOSTIC_PRICING_FRONTIER,13,1053.244327,542.135504,False,,,,,1,instance_001,/home/kai/work/GAT_BPC_moonTerk/data/instances/lunar_ice_sp50_030/instance_001_logical_graph.json,,,tree_closure,,,541.578199,,1052.687022,,,,,INCOMPLETE_LIMIT,V4S,proof_only,/home/kai/work/GAT_BPC_moonTerk/runs/b4_1_v4s_v4sz_full30_from_json_strict_20x_20260710/proofs/instance_001/V4S/tree_closure_results/tree_closure_001.json,1,,,/home/kai/work/GAT_BPC_moonTerk/runs/b4_1_v4s_v4sz_full30_from_json_strict_20x_20260710/pools/instance_001/stage_003/probe.json,True,,,False,0.557305
151,BPC_INCOMPLETE_PRICING,,False,DIAGNOSTIC_PRICING_FRONTIER,13,1053.238231,542.129408,False,,,,,1,instance_001,/home/kai/work/GAT_BPC_moonTerk/data/instances/lunar_ice_sp50_030/instance_001_logical_graph.json,,,tree_closure,,,541.578199,,1052.687022,,,,,INCOMPLETE_LIMIT,V4SZ,proof_only,/home/kai/work/GAT_BPC_moonTerk/runs/b4_1_v4s_v4sz_full30_from_json_strict_20x_20260710/proofs/instance_001/V4SZ/tree_closure_results/tree_closure_001.json,1,,,/home/kai/work/GAT_BPC_moonTerk/runs/b4_1_v4s_v4sz_full30_from_json_strict_20x_20260710/pools/instance_001/stage_003/probe.json,True,,,False,0.551209
,BPC_INCOMPLETE_PRICING,,,DIAGNOSTIC_PRICING_FRONTIER,,,,,,,,,,instance_002,/home/kai/work/GAT_BPC_moonTerk/data/instances/lunar_ice_sp50_030/instance_002_logical_graph.json,,,pool_build,39,5,70.233283,False,70.048967,proof_only,V4S,1,,INCOMPLETE_LIMIT,POOL,,,,,,/home/kai/work/GAT_BPC_moonTerk/runs/b4_1_v4s_v4sz_full30_from_json_strict_20x_20260710/pools/instance_002/stage_001/probe.json,True,,,,
39,POOL_NOT_CERTIFIED,,False,,,,,False,,,,,2,instance_002,/home/kai/work/GAT_BPC_moonTerk/data/instances/lunar_ice_sp50_030/instance_002_logical_graph.json,,pool was not certified; proof-only tree closure skipped,tree_closure,,,70.233283,,70.048967,,,,,,V4S,,,,,,/home/kai/work/GAT_BPC_moonTerk/runs/b4_1_v4s_v4sz_full30_from_json_strict_20x_20260710/pools/instance_002/stage_001/probe.json,True,,,False,
39,POOL_NOT_CERTIFIED,,False,,,,,False,,,,,2,instance_002,/home/kai/work/GAT_BPC_moonTerk/data/instances/lunar_ice_sp50_030/instance_002_logical_graph.json,,pool was not certified; proof-only tree closure skipped,tree_closure,,,70.233283,,70.048967,,,,,,V4SZ,,,,,,/home/kai/work/GAT_BPC_moonTerk/runs/b4_1_v4s_v4sz_full30_from_json_strict_20x_20260710/pools/instance_002/stage_001/probe.json,True,,,False,
,BPC_INCOMPLETE_PRICING,,,DIAGNOSTIC_PRICING_FRONTIER,,,,,,,,,,instance_003,/home/kai/work/GAT_BPC_moonTerk/data/instances/lunar_ice_sp50_030/instance_003_logical_graph.json,,,pool_build,39,5,94.934347,False,94.624442,proof_only,V4S,1,,INCOMPLETE_LIMIT,POOL,,,,,,/home/kai/work/GAT_BPC_moonTerk/runs/b4_1_v4s_v4sz_full30_from_json_strict_20x_20260710/pools/instance_003/stage_001/probe.json,True,,,,
39,POOL_NOT_CERTIFIED,,False,,,,,False,,,,,3,instance_003,/home/kai/work/GAT_BPC_moonTerk/data/instances/lunar_ice_sp50_030/instance_003_logical_graph.json,,pool was not certified; proof-only tree closure skipped,tree_closure,,,94.934347,,94.624442,,,,,,V4S,,,,,,/home/kai/work/GAT_BPC_moonTerk/runs/b4_1_v4s_v4sz_full30_from_json_strict_20x_20260710/pools/instance_003/stage_001/probe.json,True,,,False,
39,POOL_NOT_CERTIFIED,,False,,,,,False,,,,,3,instance_003,/home/kai/work/GAT_BPC_moonTerk/data/instances/lunar_ice_sp50_030/instance_003_logical_graph.json,,pool was not certified; proof-only tree closure skipped,tree_closure,,,94.934347,,94.624442,,,,,,V4SZ,,,,,,/home/kai/work/GAT_BPC_moonTerk/runs/b4_1_v4s_v4sz_full30_from_json_strict_20x_20260710/pools/instance_003/stage_001/probe.json,True,,,False,
,BPC_INCOMPLETE_PRICING,,,DIAGNOSTIC_PRICING_FRONTIER,,,,,,,,,,instance_004,/home/kai/work/GAT_BPC_moonTerk/data/instances/lunar_ice_sp50_030/instance_004_logical_graph.json,,,pool_build,39,5,60.605907,False,60.294765,proof_only,V4S,1,,INCOMPLETE_LIMIT,POOL,,,,,,/home/kai/work/GAT_BPC_moonTerk/runs/b4_1_v4s_v4sz_full30_from_json_strict_20x_20260710/pools/instance_004/stage_001/probe.json,True,,,,
39,POOL_NOT_CERTIFIED,,False,,,,,False,,,,,4,instance_004,/home/kai/work/GAT_BPC_moonTerk/data/instances/lunar_ice_sp50_030/instance_004_logical_graph.json,,pool was not certified; proof-only tree closure skipped,tree_closure,,,60.605907,,60.294765,,,,,,V4S,,,,,,/home/kai/work/GAT_BPC_moonTerk/runs/b4_1_v4s_v4sz_full30_from_json_strict_20x_20260710/pools/instance_004/stage_001/probe.json,True,,,False,
39,POOL_NOT_CERTIFIED,,False,,,,,False,,,,,4,instance_004,/home/kai/work/GAT_BPC_moonTerk/data/instances/lunar_ice_sp50_030/instance_004_logical_graph.json,,pool was not certified; proof-only tree closure skipped,tree_closure,,,60.605907,,60.294765,,,,,,V4SZ,,,,,,/home/kai/work/GAT_BPC_moonTerk/runs/b4_1_v4s_v4sz_full30_from_json_strict_20x_20260710/pools/instance_004/stage_001/probe.json,True,,,False,
,BPC_INCOMPLETE_PRICING,,,DIAGNOSTIC_PRICING_FRONTIER,,,,,,,,,,instance_005,/home/kai/work/GAT_BPC_moonTerk/data/instances/lunar_ice_sp50_030/instance_005_logical_graph.json,,,pool_build,39,5,103.181687,False,102.819334,proof_only,V4S,1,,INCOMPLETE_LIMIT,POOL,,,,,,/home/kai/work/GAT_BPC_moonTerk/runs/b4_1_v4s_v4sz_full30_from_json_strict_20x_20260710/pools/instance_005/stage_001/probe.json,True,,,,
39,POOL_NOT_CERTIFIED,,False,,,,,False,,,,,5,instance_005,/home/kai/work/GAT_BPC_moonTerk/data/instances/lunar_ice_sp50_030/instance_005_logical_graph.json,,pool was not certified; proof-only tree closure skipped,tree_closure,,,103.181687,,102.819334,,,,,,V4S,,,,,,/home/kai/work/GAT_BPC_moonTerk/runs/b4_1_v4s_v4sz_full30_from_json_strict_20x_20260710/pools/instance_005/stage_001/probe.json,True,,,False,
39,POOL_NOT_CERTIFIED,,False,,,,,False,,,,,5,instance_005,/home/kai/work/GAT_BPC_moonTerk/data/instances/lunar_ice_sp50_030/instance_005_logical_graph.json,,pool was not certified; proof-only tree closure skipped,tree_closure,,,103.181687,,102.819334,,,,,,V4SZ,,,,,,/home/kai/work/GAT_BPC_moonTerk/runs/b4_1_v4s_v4sz_full30_from_json_strict_20x_20260710/pools/instance_005/stage_001/probe.json,True,,,False,
,BPC_INCOMPLETE_PRICING,,,DIAGNOSTIC_PRICING_FRONTIER,,,,,,,,,,instance_006,/home/kai/work/GAT_BPC_moonTerk/data/instances/lunar_ice_sp50_030/instance_006_logical_graph.json,,,pool_build,39,5,130.580501,False,130.285841,proof_only,V4S,1,,INCOMPLETE_LIMIT,POOL,,,,,,/home/kai/work/GAT_BPC_moonTerk/runs/b4_1_v4s_v4sz_full30_from_json_strict_20x_20260710/pools/instance_006/stage_001/probe.json,True,,,,
39,POOL_NOT_CERTIFIED,,False,,,,,False,,,,,6,instance_006,/home/kai/work/GAT_BPC_moonTerk/data/instances/lunar_ice_sp50_030/instance_006_logical_graph.json,,pool was not certified; proof-only tree closure skipped,tree_closure,,,130.580501,,130.285841,,,,,,V4S,,,,,,/home/kai/work/GAT_BPC_moonTerk/runs/b4_1_v4s_v4sz_full30_from_json_strict_20x_20260710/pools/instance_006/stage_001/probe.json,True,,,False,
39,POOL_NOT_CERTIFIED,,False,,,,,False,,,,,6,instance_006,/home/kai/work/GAT_BPC_moonTerk/data/instances/lunar_ice_sp50_030/instance_006_logical_graph.json,,pool was not certified; proof-only tree closure skipped,tree_closure,,,130.580501,,130.285841,,,,,,V4SZ,,,,,,/home/kai/work/GAT_BPC_moonTerk/runs/b4_1_v4s_v4sz_full30_from_json_strict_20x_20260710/pools/instance_006/stage_001/probe.json,True,,,False,
,BPC_INCOMPLETE_PRICING,,,DIAGNOSTIC_PRICING_FRONTIER,,,,,,,,,,instance_007,/home/kai/work/GAT_BPC_moonTerk/data/instances/lunar_ice_sp50_030/instance_007_logical_graph.json,,,pool_build,39,5,41.358427,False,41.048882,proof_only,V4S,1,,INCOMPLETE_LIMIT,POOL,,,,,,/home/kai/work/GAT_BPC_moonTerk/runs/b4_1_v4s_v4sz_full30_from_json_strict_20x_20260710/pools/instance_007/stage_001/probe.json,True,,,,
39,POOL_NOT_CERTIFIED,,False,,,,,False,,,,,7,instance_007,/home/kai/work/GAT_BPC_moonTerk/data/instances/lunar_ice_sp50_030/instance_007_logical_graph.json,,pool was not certified; proof-only tree closure skipped,tree_closure,,,41.358427,,41.048882,,,,,,V4S,,,,,,/home/kai/work/GAT_BPC_moonTerk/runs/b4_1_v4s_v4sz_full30_from_json_strict_20x_20260710/pools/instance_007/stage_001/probe.json,True,,,False,
39,POOL_NOT_CERTIFIED,,False,,,,,False,,,,,7,instance_007,/home/kai/work/GAT_BPC_moonTerk/data/instances/lunar_ice_sp50_030/instance_007_logical_graph.json,,pool was not certified; proof-only tree closure skipped,tree_closure,,,41.358427,,41.048882,,,,,,V4SZ,,,,,,/home/kai/work/GAT_BPC_moonTerk/runs/b4_1_v4s_v4sz_full30_from_json_strict_20x_20260710/pools/instance_007/stage_001/probe.json,True,,,False,
,BPC_INCOMPLETE_PRICING,,,DIAGNOSTIC_PRICING_FRONTIER,,,,,,,,,,instance_008,/home/kai/work/GAT_BPC_moonTerk/data/instances/lunar_ice_sp50_030/instance_008_logical_graph.json,,,pool_build,39,5,66.619826,False,66.292305,proof_only,V4S,1,,INCOMPLETE_LIMIT,POOL,,,,,,/home/kai/work/GAT_BPC_moonTerk/runs/b4_1_v4s_v4sz_full30_from_json_strict_20x_20260710/pools/instance_008/stage_001/probe.json,True,,,,
39,POOL_NOT_CERTIFIED,,False,,,,,False,,,,,8,instance_008,/home/kai/work/GAT_BPC_moonTerk/data/instances/lunar_ice_sp50_030/instance_008_logical_graph.json,,pool was not certified; proof-only tree closure skipped,tree_closure,,,66.619826,,66.292305,,,,,,V4S,,,,,,/home/kai/work/GAT_BPC_moonTerk/runs/b4_1_v4s_v4sz_full30_from_json_strict_20x_20260710/pools/instance_008/stage_001/probe.json,True,,,False,
39,POOL_NOT_CERTIFIED,,False,,,,,False,,,,,8,instance_008,/home/kai/work/GAT_BPC_moonTerk/data/instances/lunar_ice_sp50_030/instance_008_logical_graph.json,,pool was not certified; proof-only tree closure skipped,tree_closure,,,66.619826,,66.292305,,,,,,V4SZ,,,,,,/home/kai/work/GAT_BPC_moonTerk/runs/b4_1_v4s_v4sz_full30_from_json_strict_20x_20260710/pools/instance_008/stage_001/probe.json,True,,,False,
,BPC_INCOMPLETE_PRICING,,,DIAGNOSTIC_PRICING_FRONTIER,,,,,,,,,,instance_009,/home/kai/work/GAT_BPC_moonTerk/data/instances/lunar_ice_sp50_030/instance_009_logical_graph.json,,,pool_build,39,5,70.815576,False,70.482692,proof_only,V4S,1,,INCOMPLETE_LIMIT,POOL,,,,,,/home/kai/work/GAT_BPC_moonTerk/runs/b4_1_v4s_v4sz_full30_from_json_strict_20x_20260710/pools/instance_009/stage_001/probe.json,True,,,,
39,POOL_NOT_CERTIFIED,,False,,,,,False,,,,,9,instance_009,/home/kai/work/GAT_BPC_moonTerk/data/instances/lunar_ice_sp50_030/instance_009_logical_graph.json,,pool was not certified; proof-only tree closure skipped,tree_closure,,,70.815576,,70.482692,,,,,,V4S,,,,,,/home/kai/work/GAT_BPC_moonTerk/runs/b4_1_v4s_v4sz_full30_from_json_strict_20x_20260710/pools/instance_009/stage_001/probe.json,True,,,False,
39,POOL_NOT_CERTIFIED,,False,,,,,False,,,,,9,instance_009,/home/kai/work/GAT_BPC_moonTerk/data/instances/lunar_ice_sp50_030/instance_009_logical_graph.json,,pool was not certified; proof-only tree closure skipped,tree_closure,,,70.815576,,70.482692,,,,,,V4SZ,,,,,,/home/kai/work/GAT_BPC_moonTerk/runs/b4_1_v4s_v4sz_full30_from_json_strict_20x_20260710/pools/instance_009/stage_001/probe.json,True,,,False,
,BPC_INCOMPLETE_PRICING,,,DIAGNOSTIC_PRICING_FRONTIER,,,,,,,,,,instance_010,/home/kai/work/GAT_BPC_moonTerk/data/instances/lunar_ice_sp50_030/instance_010_logical_graph.json,,,pool_build,39,5,60.088018,False,59.757404,proof_only,V4S,1,,INCOMPLETE_LIMIT,POOL,,,,,,/home/kai/work/GAT_BPC_moonTerk/runs/b4_1_v4s_v4sz_full30_from_json_strict_20x_20260710/pools/instance_010/stage_001/probe.json,True,,,,
39,POOL_NOT_CERTIFIED,,False,,,,,False,,,,,10,instance_010,/home/kai/work/GAT_BPC_moonTerk/data/instances/lunar_ice_sp50_030/instance_010_logical_graph.json,,pool was not certified; proof-only tree closure skipped,tree_closure,,,60.088018,,59.757404,,,,,,V4S,,,,,,/home/kai/work/GAT_BPC_moonTerk/runs/b4_1_v4s_v4sz_full30_from_json_strict_20x_20260710/pools/instance_010/stage_001/probe.json,True,,,False,
39,POOL_NOT_CERTIFIED,,False,,,,,False,,,,,10,instance_010,/home/kai/work/GAT_BPC_moonTerk/data/instances/lunar_ice_sp50_030/instance_010_logical_graph.json,,pool was not certified; proof-only tree closure skipped,tree_closure,,,60.088018,,59.757404,,,,,,V4SZ,,,,,,/home/kai/work/GAT_BPC_moonTerk/runs/b4_1_v4s_v4sz_full30_from_json_strict_20x_20260710/pools/instance_010/stage_001/probe.json,True,,,False,
,BPC_INCOMPLETE_PRICING,,,DIAGNOSTIC_PRICING_FRONTIER,,,,,,,,,,instance_011,/home/kai/work/GAT_BPC_moonTerk/data/instances/lunar_ice_sp50_030/instance_011_logical_graph.json,,,pool_build,39,5,176.905082,False,176.547348,proof_only,V4S,1,,INCOMPLETE_LIMIT,POOL,,,,,,/home/kai/work/GAT_BPC_moonTerk/runs/b4_1_v4s_v4sz_full30_from_json_strict_20x_20260710/pools/instance_011/stage_001/probe.json,True,,,,
39,POOL_NOT_CERTIFIED,,False,,,,,False,,,,,11,instance_011,/home/kai/work/GAT_BPC_moonTerk/data/instances/lunar_ice_sp50_030/instance_011_logical_graph.json,,pool was not certified; proof-only tree closure skipped,tree_closure,,,176.905082,,176.547348,,,,,,V4S,,,,,,/home/kai/work/GAT_BPC_moonTerk/runs/b4_1_v4s_v4sz_full30_from_json_strict_20x_20260710/pools/instance_011/stage_001/probe.json,True,,,False,
39,POOL_NOT_CERTIFIED,,False,,,,,False,,,,,11,instance_011,/home/kai/work/GAT_BPC_moonTerk/data/instances/lunar_ice_sp50_030/instance_011_logical_graph.json,,pool was not certified; proof-only tree closure skipped,tree_closure,,,176.905082,,176.547348,,,,,,V4SZ,,,,,,/home/kai/work/GAT_BPC_moonTerk/runs/b4_1_v4s_v4sz_full30_from_json_strict_20x_20260710/pools/instance_011/stage_001/probe.json,True,,,False,
,BPC_INCOMPLETE_PRICING,,,DIAGNOSTIC_PRICING_FRONTIER,,,,,,,,,,instance_012,/home/kai/work/GAT_BPC_moonTerk/data/instances/lunar_ice_sp50_030/instance_012_logical_graph.json,,,pool_build,39,5,60.082494,False,59.785464,proof_only,V4S,1,,INCOMPLETE_LIMIT,POOL,,,,,,/home/kai/work/GAT_BPC_moonTerk/runs/b4_1_v4s_v4sz_full30_from_json_strict_20x_20260710/pools/instance_012/stage_001/probe.json,True,,,,
39,POOL_NOT_CERTIFIED,,False,,,,,False,,,,,12,instance_012,/home/kai/work/GAT_BPC_moonTerk/data/instances/lunar_ice_sp50_030/instance_012_logical_graph.json,,pool was not certified; proof-only tree closure skipped,tree_closure,,,60.082494,,59.785464,,,,,,V4S,,,,,,/home/kai/work/GAT_BPC_moonTerk/runs/b4_1_v4s_v4sz_full30_from_json_strict_20x_20260710/pools/instance_012/stage_001/probe.json,True,,,False,
39,POOL_NOT_CERTIFIED,,False,,,,,False,,,,,12,instance_012,/home/kai/work/GAT_BPC_moonTerk/data/instances/lunar_ice_sp50_030/instance_012_logical_graph.json,,pool was not certified; proof-only tree closure skipped,tree_closure,,,60.082494,,59.785464,,,,,,V4SZ,,,,,,/home/kai/work/GAT_BPC_moonTerk/runs/b4_1_v4s_v4sz_full30_from_json_strict_20x_20260710/pools/instance_012/stage_001/probe.json,True,,,False,
,BPC_INCOMPLETE_PRICING,,,DIAGNOSTIC_PRICING_FRONTIER,,,,,,,,,,instance_013,/home/kai/work/GAT_BPC_moonTerk/data/instances/lunar_ice_sp50_030/instance_013_logical_graph.json,,,pool_build,39,5,102.011133,False,101.734695,proof_only,V4S,1,,INCOMPLETE_LIMIT,POOL,,,,,,/home/kai/work/GAT_BPC_moonTerk/runs/b4_1_v4s_v4sz_full30_from_json_strict_20x_20260710/pools/instance_013/stage_001/probe.json,True,,,,
39,POOL_NOT_CERTIFIED,,False,,,,,False,,,,,13,instance_013,/home/kai/work/GAT_BPC_moonTerk/data/instances/lunar_ice_sp50_030/instance_013_logical_graph.json,,pool was not certified; proof-only tree closure skipped,tree_closure,,,102.011133,,101.734695,,,,,,V4S,,,,,,/home/kai/work/GAT_BPC_moonTerk/runs/b4_1_v4s_v4sz_full30_from_json_strict_20x_20260710/pools/instance_013/stage_001/probe.json,True,,,False,
39,POOL_NOT_CERTIFIED,,False,,,,,False,,,,,13,instance_013,/home/kai/work/GAT_BPC_moonTerk/data/instances/lunar_ice_sp50_030/instance_013_logical_graph.json,,pool was not certified; proof-only tree closure skipped,tree_closure,,,102.011133,,101.734695,,,,,,V4SZ,,,,,,/home/kai/work/GAT_BPC_moonTerk/runs/b4_1_v4s_v4sz_full30_from_json_strict_20x_20260710/pools/instance_013/stage_001/probe.json,True,,,False,
,BPC_INCOMPLETE_PRICING,,,DIAGNOSTIC_PRICING_FRONTIER,,,,,,,,,,instance_014,/home/kai/work/GAT_BPC_moonTerk/data/instances/lunar_ice_sp50_030/instance_014_logical_graph.json,,,pool_build,39,5,139.23766,False,138.911639,proof_only,V4S,1,,INCOMPLETE_LIMIT,POOL,,,,,,/home/kai/work/GAT_BPC_moonTerk/runs/b4_1_v4s_v4sz_full30_from_json_strict_20x_20260710/pools/instance_014/stage_001/probe.json,True,,,,
39,POOL_NOT_CERTIFIED,,False,,,,,False,,,,,14,instance_014,/home/kai/work/GAT_BPC_moonTerk/data/instances/lunar_ice_sp50_030/instance_014_logical_graph.json,,pool was not certified; proof-only tree closure skipped,tree_closure,,,139.23766,,138.911639,,,,,,V4S,,,,,,/home/kai/work/GAT_BPC_moonTerk/runs/b4_1_v4s_v4sz_full30_from_json_strict_20x_20260710/pools/instance_014/stage_001/probe.json,True,,,False,
39,POOL_NOT_CERTIFIED,,False,,,,,False,,,,,14,instance_014,/home/kai/work/GAT_BPC_moonTerk/data/instances/lunar_ice_sp50_030/instance_014_logical_graph.json,,pool was not certified; proof-only tree closure skipped,tree_closure,,,139.23766,,138.911639,,,,,,V4SZ,,,,,,/home/kai/work/GAT_BPC_moonTerk/runs/b4_1_v4s_v4sz_full30_from_json_strict_20x_20260710/pools/instance_014/stage_001/probe.json,True,,,False,
,BPC_INCOMPLETE_PRICING,,,DIAGNOSTIC_PRICING_FRONTIER,,,,,,,,,,instance_015,/home/kai/work/GAT_BPC_moonTerk/data/instances/lunar_ice_sp50_030/instance_015_logical_graph.json,,,pool_build,39,5,101.266027,False,100.948574,proof_only,V4S,1,,INCOMPLETE_LIMIT,POOL,,,,,,/home/kai/work/GAT_BPC_moonTerk/runs/b4_1_v4s_v4sz_full30_from_json_strict_20x_20260710/pools/instance_015/stage_001/probe.json,True,,,,
39,POOL_NOT_CERTIFIED,,False,,,,,False,,,,,15,instance_015,/home/kai/work/GAT_BPC_moonTerk/data/instances/lunar_ice_sp50_030/instance_015_logical_graph.json,,pool was not certified; proof-only tree closure skipped,tree_closure,,,101.266027,,100.948574,,,,,,V4S,,,,,,/home/kai/work/GAT_BPC_moonTerk/runs/b4_1_v4s_v4sz_full30_from_json_strict_20x_20260710/pools/instance_015/stage_001/probe.json,True,,,False,
39,POOL_NOT_CERTIFIED,,False,,,,,False,,,,,15,instance_015,/home/kai/work/GAT_BPC_moonTerk/data/instances/lunar_ice_sp50_030/instance_015_logical_graph.json,,pool was not certified; proof-only tree closure skipped,tree_closure,,,101.266027,,100.948574,,,,,,V4SZ,,,,,,/home/kai/work/GAT_BPC_moonTerk/runs/b4_1_v4s_v4sz_full30_from_json_strict_20x_20260710/pools/instance_015/stage_001/probe.json,True,,,False,
,BPC_INCOMPLETE_PRICING,,,DIAGNOSTIC_PRICING_FRONTIER,,,,,,,,,,instance_016,/home/kai/work/GAT_BPC_moonTerk/data/instances/lunar_ice_sp50_030/instance_016_logical_graph.json,,,pool_build,39,5,114.162526,False,113.83842,proof_only,V4S,1,,INCOMPLETE_LIMIT,POOL,,,,,,/home/kai/work/GAT_BPC_moonTerk/runs/b4_1_v4s_v4sz_full30_from_json_strict_20x_20260710/pools/instance_016/stage_001/probe.json,True,,,,
39,POOL_NOT_CERTIFIED,,False,,,,,False,,,,,16,instance_016,/home/kai/work/GAT_BPC_moonTerk/data/instances/lunar_ice_sp50_030/instance_016_logical_graph.json,,pool was not certified; proof-only tree closure skipped,tree_closure,,,114.162526,,113.83842,,,,,,V4S,,,,,,/home/kai/work/GAT_BPC_moonTerk/runs/b4_1_v4s_v4sz_full30_from_json_strict_20x_20260710/pools/instance_016/stage_001/probe.json,True,,,False,
39,POOL_NOT_CERTIFIED,,False,,,,,False,,,,,16,instance_016,/home/kai/work/GAT_BPC_moonTerk/data/instances/lunar_ice_sp50_030/instance_016_logical_graph.json,,pool was not certified; proof-only tree closure skipped,tree_closure,,,114.162526,,113.83842,,,,,,V4SZ,,,,,,/home/kai/work/GAT_BPC_moonTerk/runs/b4_1_v4s_v4sz_full30_from_json_strict_20x_20260710/pools/instance_016/stage_001/probe.json,True,,,False,
,BPC_INCOMPLETE_PRICING,,,DIAGNOSTIC_PRICING_FRONTIER,,,,,,,,,,instance_017,/home/kai/work/GAT_BPC_moonTerk/data/instances/lunar_ice_sp50_030/instance_017_logical_graph.json,,,pool_build,39,5,100.164253,False,99.854205,proof_only,V4S,1,,INCOMPLETE_LIMIT,POOL,,,,,,/home/kai/work/GAT_BPC_moonTerk/runs/b4_1_v4s_v4sz_full30_from_json_strict_20x_20260710/pools/instance_017/stage_001/probe.json,True,,,,
39,POOL_NOT_CERTIFIED,,False,,,,,False,,,,,17,instance_017,/home/kai/work/GAT_BPC_moonTerk/data/instances/lunar_ice_sp50_030/instance_017_logical_graph.json,,pool was not certified; proof-only tree closure skipped,tree_closure,,,100.164253,,99.854205,,,,,,V4S,,,,,,/home/kai/work/GAT_BPC_moonTerk/runs/b4_1_v4s_v4sz_full30_from_json_strict_20x_20260710/pools/instance_017/stage_001/probe.json,True,,,False,
39,POOL_NOT_CERTIFIED,,False,,,,,False,,,,,17,instance_017,/home/kai/work/GAT_BPC_moonTerk/data/instances/lunar_ice_sp50_030/instance_017_logical_graph.json,,pool was not certified; proof-only tree closure skipped,tree_closure,,,100.164253,,99.854205,,,,,,V4SZ,,,,,,/home/kai/work/GAT_BPC_moonTerk/runs/b4_1_v4s_v4sz_full30_from_json_strict_20x_20260710/pools/instance_017/stage_001/probe.json,True,,,False,
,BPC_INCOMPLETE_PRICING,,,DIAGNOSTIC_PRICING_FRONTIER,,,,,,,,,,instance_018,/home/kai/work/GAT_BPC_moonTerk/data/instances/lunar_ice_sp50_030/instance_018_logical_graph.json,,,pool_build,39,5,250.279388,False,249.996879,proof_only,V4S,1,,INCOMPLETE_LIMIT,POOL,,,,,,/home/kai/work/GAT_BPC_moonTerk/runs/b4_1_v4s_v4sz_full30_from_json_strict_20x_20260710/pools/instance_018/stage_001/probe.json,True,,,,
39,POOL_NOT_CERTIFIED,,False,,,,,False,,,,,18,instance_018,/home/kai/work/GAT_BPC_moonTerk/data/instances/lunar_ice_sp50_030/instance_018_logical_graph.json,,pool was not certified; proof-only tree closure skipped,tree_closure,,,250.279388,,249.996879,,,,,,V4S,,,,,,/home/kai/work/GAT_BPC_moonTerk/runs/b4_1_v4s_v4sz_full30_from_json_strict_20x_20260710/pools/instance_018/stage_001/probe.json,True,,,False,
39,POOL_NOT_CERTIFIED,,False,,,,,False,,,,,18,instance_018,/home/kai/work/GAT_BPC_moonTerk/data/instances/lunar_ice_sp50_030/instance_018_logical_graph.json,,pool was not certified; proof-only tree closure skipped,tree_closure,,,250.279388,,249.996879,,,,,,V4SZ,,,,,,/home/kai/work/GAT_BPC_moonTerk/runs/b4_1_v4s_v4sz_full30_from_json_strict_20x_20260710/pools/instance_018/stage_001/probe.json,True,,,False,
,BPC_INCOMPLETE_PRICING,,,DIAGNOSTIC_PRICING_FRONTIER,,,,,,,,,,instance_019,/home/kai/work/GAT_BPC_moonTerk/data/instances/lunar_ice_sp50_030/instance_019_logical_graph.json,,,pool_build,39,5,221.136885,False,220.827921,proof_only,V4S,1,,INCOMPLETE_LIMIT,POOL,,,,,,/home/kai/work/GAT_BPC_moonTerk/runs/b4_1_v4s_v4sz_full30_from_json_strict_20x_20260710/pools/instance_019/stage_001/probe.json,True,,,,
39,POOL_NOT_CERTIFIED,,False,,,,,False,,,,,19,instance_019,/home/kai/work/GAT_BPC_moonTerk/data/instances/lunar_ice_sp50_030/instance_019_logical_graph.json,,pool was not certified; proof-only tree closure skipped,tree_closure,,,221.136885,,220.827921,,,,,,V4S,,,,,,/home/kai/work/GAT_BPC_moonTerk/runs/b4_1_v4s_v4sz_full30_from_json_strict_20x_20260710/pools/instance_019/stage_001/probe.json,True,,,False,
39,POOL_NOT_CERTIFIED,,False,,,,,False,,,,,19,instance_019,/home/kai/work/GAT_BPC_moonTerk/data/instances/lunar_ice_sp50_030/instance_019_logical_graph.json,,pool was not certified; proof-only tree closure skipped,tree_closure,,,221.136885,,220.827921,,,,,,V4SZ,,,,,,/home/kai/work/GAT_BPC_moonTerk/runs/b4_1_v4s_v4sz_full30_from_json_strict_20x_20260710/pools/instance_019/stage_001/probe.json,True,,,False,
,BPC_INCOMPLETE_PRICING,,,DIAGNOSTIC_PRICING_FRONTIER,,,,,,,,,,instance_020,/home/kai/work/GAT_BPC_moonTerk/data/instances/lunar_ice_sp50_030/instance_020_logical_graph.json,,,pool_build,39,5,589.248518,False,588.961444,proof_only,V4S,1,,INCOMPLETE_LIMIT,POOL,,,,,,/home/kai/work/GAT_BPC_moonTerk/runs/b4_1_v4s_v4sz_full30_from_json_strict_20x_20260710/pools/instance_020/stage_001/probe.json,True,,,,
39,POOL_NOT_CERTIFIED,,False,,,,,False,,,,,20,instance_020,/home/kai/work/GAT_BPC_moonTerk/data/instances/lunar_ice_sp50_030/instance_020_logical_graph.json,,pool was not certified; proof-only tree closure skipped,tree_closure,,,589.248518,,588.961444,,,,,,V4S,,,,,,/home/kai/work/GAT_BPC_moonTerk/runs/b4_1_v4s_v4sz_full30_from_json_strict_20x_20260710/pools/instance_020/stage_001/probe.json,True,,,False,
39,POOL_NOT_CERTIFIED,,False,,,,,False,,,,,20,instance_020,/home/kai/work/GAT_BPC_moonTerk/data/instances/lunar_ice_sp50_030/instance_020_logical_graph.json,,pool was not certified; proof-only tree closure skipped,tree_closure,,,589.248518,,588.961444,,,,,,V4SZ,,,,,,/home/kai/work/GAT_BPC_moonTerk/runs/b4_1_v4s_v4sz_full30_from_json_strict_20x_20260710/pools/instance_020/stage_001/probe.json,True,,,False,
