slot_id,scale,instance_key,status,returncode,cold_start_total_sec,root_cg_sec,tree_sec,exact,correctness_pass,objective,historical_p0_v2_objective,objective_delta_vs_historical_p0_v2,historical_p0_v2_sec,time_ratio_vs_historical_p0_v2,peak_process_tree_rss_gb,launcher_termination_reason,engine_build_hash,instance_content_hash,service_timing_policy_id,run_dir
s005_instance_001,5,instance_001,EXACT_CLOSED,0,0.445763,0.103426,0.184025,True,True,2.192192,2.191915,0.00027700000000008274,0.375959,1.1856691820118683,0.005775,,439e12be8bf04208,acbb081beae2f710,no_task_wait_base_departure_shift_v1,/home/kai/work/GAT_BPC_moonTerk/runs/p0_no_task_wait_full80_baseline_v3_20260725/slots/scale_005/instance_001/attempt_01
s005_instance_002,5,instance_002,EXACT_CLOSED,0,0.426205,0.097473,0.181204,True,True,2.363709,2.363709,0.0,0.371803,1.1463194218443638,0.005981,,439e12be8bf04208,21007ff89c38353e,no_task_wait_base_departure_shift_v1,/home/kai/work/GAT_BPC_moonTerk/runs/p0_no_task_wait_full80_baseline_v3_20260725/slots/scale_005/instance_002/attempt_01
s005_instance_003,5,instance_003,EXACT_CLOSED,0,0.463659,0.124508,0.166813,True,True,2.202702,2.202702,0.0,0.388556,1.193287454060676,0.004242,,439e12be8bf04208,ffa5fb29e0f97793,no_task_wait_base_departure_shift_v1,/home/kai/work/GAT_BPC_moonTerk/runs/p0_no_task_wait_full80_baseline_v3_20260725/slots/scale_005/instance_003/attempt_01
s005_instance_004,5,instance_004,EXACT_CLOSED,0,0.435826,0.115041,0.178158,True,True,2.068163,2.068163,0.0,0.380981,1.1439573102070706,0.004822,,439e12be8bf04208,ef131b2b46e8d4c2,no_task_wait_base_departure_shift_v1,/home/kai/work/GAT_BPC_moonTerk/runs/p0_no_task_wait_full80_baseline_v3_20260725/slots/scale_005/instance_004/attempt_01
s005_instance_005,5,instance_005,EXACT_CLOSED,0,0.453896,0.110907,0.180185,True,True,2.155459,2.155459,0.0,0.389731,1.1646391998583638,0.004276,,439e12be8bf04208,e39a179b97c7f263,no_task_wait_base_departure_shift_v1,/home/kai/work/GAT_BPC_moonTerk/runs/p0_no_task_wait_full80_baseline_v3_20260725/slots/scale_005/instance_005/attempt_01
s005_instance_006,5,instance_006,EXACT_CLOSED,0,0.420071,0.086313,0.185978,True,True,2.114233,2.114233,0.0,0.371692,1.1301588411910937,0.004997,,439e12be8bf04208,d64cd362e3442abd,no_task_wait_base_departure_shift_v1,/home/kai/work/GAT_BPC_moonTerk/runs/p0_no_task_wait_full80_baseline_v3_20260725/slots/scale_005/instance_006/attempt_01
s005_instance_007,5,instance_007,EXACT_CLOSED,0,0.431078,0.10579,0.17727,True,True,2.140463,2.140463,0.0,0.405772,1.062365072010883,0.004333,,439e12be8bf04208,2c33e5d4dfa35d39,no_task_wait_base_departure_shift_v1,/home/kai/work/GAT_BPC_moonTerk/runs/p0_no_task_wait_full80_baseline_v3_20260725/slots/scale_005/instance_007/attempt_01
s005_instance_008,5,instance_008,EXACT_CLOSED,0,0.450376,0.119471,0.188169,True,True,2.100262,2.100262,0.0,0.396846,1.1348885965840654,0.004524,,439e12be8bf04208,df9fc5c81cb1365d,no_task_wait_base_departure_shift_v1,/home/kai/work/GAT_BPC_moonTerk/runs/p0_no_task_wait_full80_baseline_v3_20260725/slots/scale_005/instance_008/attempt_01
s005_instance_009,5,instance_009,EXACT_CLOSED,0,0.41486,0.085815,0.18053,True,True,2.096863,2.096863,0.0,0.374041,1.1091297478083952,0.004574,,439e12be8bf04208,3aacebd46ab6eafe,no_task_wait_base_departure_shift_v1,/home/kai/work/GAT_BPC_moonTerk/runs/p0_no_task_wait_full80_baseline_v3_20260725/slots/scale_005/instance_009/attempt_01
s005_instance_010,5,instance_010,EXACT_CLOSED,0,0.462844,0.15469,0.16478,True,True,2.204695,2.204695,0.0,0.404807,1.1433695563564858,0.004276,,439e12be8bf04208,ea2d6696da046bbb,no_task_wait_base_departure_shift_v1,/home/kai/work/GAT_BPC_moonTerk/runs/p0_no_task_wait_full80_baseline_v3_20260725/slots/scale_005/instance_010/attempt_01
s005_instance_011,5,instance_011,EXACT_CLOSED,0,0.41395,0.110246,0.161354,True,True,2.087922,2.087922,0.0,0.386953,1.0697681630585627,0.004166,,439e12be8bf04208,a2f519267ea14b2a,no_task_wait_base_departure_shift_v1,/home/kai/work/GAT_BPC_moonTerk/runs/p0_no_task_wait_full80_baseline_v3_20260725/slots/scale_005/instance_011/attempt_01
s005_instance_012,5,instance_012,EXACT_CLOSED,0,0.449204,0.116573,0.190403,True,True,2.195034,2.195034,0.0,0.39832,1.1277465354488854,0.00452,,439e12be8bf04208,b0304d4f306acd93,no_task_wait_base_departure_shift_v1,/home/kai/work/GAT_BPC_moonTerk/runs/p0_no_task_wait_full80_baseline_v3_20260725/slots/scale_005/instance_012/attempt_01
s005_instance_013,5,instance_013,EXACT_CLOSED,0,0.430471,0.108634,0.176846,True,True,2.231707,2.231707,0.0,0.386837,1.112796862761318,0.004429,,439e12be8bf04208,16416953b35c4866,no_task_wait_base_departure_shift_v1,/home/kai/work/GAT_BPC_moonTerk/runs/p0_no_task_wait_full80_baseline_v3_20260725/slots/scale_005/instance_013/attempt_01
s005_instance_014,5,instance_014,EXACT_CLOSED,0,0.446865,0.11327,0.185343,True,True,2.249908,2.117254,0.13265400000000005,0.398318,1.1218800054228029,0.004246,,439e12be8bf04208,568a020ff28fb403,no_task_wait_base_departure_shift_v1,/home/kai/work/GAT_BPC_moonTerk/runs/p0_no_task_wait_full80_baseline_v3_20260725/slots/scale_005/instance_014/attempt_01
s005_instance_015,5,instance_015,EXACT_CLOSED,0,0.450644,0.105033,0.19468,True,True,2.081278,2.081278,0.0,0.39645,1.1366981964938832,0.004269,,439e12be8bf04208,19d56a97c9a4a770,no_task_wait_base_departure_shift_v1,/home/kai/work/GAT_BPC_moonTerk/runs/p0_no_task_wait_full80_baseline_v3_20260725/slots/scale_005/instance_015/attempt_01
s005_instance_016,5,instance_016,EXACT_CLOSED,0,0.479031,0.126181,0.206461,True,True,2.158522,2.158522,0.0,0.405364,1.1817304940744615,0.004192,,439e12be8bf04208,66036cf46fb890a6,no_task_wait_base_departure_shift_v1,/home/kai/work/GAT_BPC_moonTerk/runs/p0_no_task_wait_full80_baseline_v3_20260725/slots/scale_005/instance_016/attempt_01
s005_instance_017,5,instance_017,EXACT_CLOSED,0,0.412249,0.099857,0.165323,True,True,2.22075,2.219538,0.0012119999999997688,0.401024,1.0279908434407916,0.004368,,439e12be8bf04208,a8793ae9a735ee9a,no_task_wait_base_departure_shift_v1,/home/kai/work/GAT_BPC_moonTerk/runs/p0_no_task_wait_full80_baseline_v3_20260725/slots/scale_005/instance_017/attempt_01
s005_instance_018,5,instance_018,EXACT_CLOSED,0,0.459327,0.141901,0.170792,True,True,1.941902,1.941902,0.0,0.389974,1.1778400611322806,0.004463,,439e12be8bf04208,e99aec8338cd75f9,no_task_wait_base_departure_shift_v1,/home/kai/work/GAT_BPC_moonTerk/runs/p0_no_task_wait_full80_baseline_v3_20260725/slots/scale_005/instance_018/attempt_01
s005_instance_019,5,instance_019,EXACT_CLOSED,0,0.442834,0.105018,0.177685,True,True,2.165365,2.165365,0.0,0.369482,1.1985265858688652,0.004189,,439e12be8bf04208,6ee49e19d844b846,no_task_wait_base_departure_shift_v1,/home/kai/work/GAT_BPC_moonTerk/runs/p0_no_task_wait_full80_baseline_v3_20260725/slots/scale_005/instance_019/attempt_01
s005_instance_020,5,instance_020,EXACT_CLOSED,0,0.446216,0.107198,0.194746,True,True,2.170592,2.170592,0.0,0.397378,1.1229006135216344,0.00425,,439e12be8bf04208,399b18285097493f,no_task_wait_base_departure_shift_v1,/home/kai/work/GAT_BPC_moonTerk/runs/p0_no_task_wait_full80_baseline_v3_20260725/slots/scale_005/instance_020/attempt_01
s010_instance_001,10,instance_001,EXACT_CLOSED,0,0.692723,0.30582,0.202536,True,True,2.130698,2.014478,0.11622000000000021,0.660142,1.0493545328126372,0.004513,,439e12be8bf04208,cd08b7418226137b,no_task_wait_base_departure_shift_v1,/home/kai/work/GAT_BPC_moonTerk/runs/p0_no_task_wait_full80_baseline_v3_20260725/slots/scale_010/instance_001/attempt_01
s010_instance_002,10,instance_002,EXACT_CLOSED,0,0.748788,0.34202,0.220483,True,True,1.832026,1.825155,0.0068709999999998495,0.611415,1.2246804543558794,0.005646,,439e12be8bf04208,1867b365dcc861db,no_task_wait_base_departure_shift_v1,/home/kai/work/GAT_BPC_moonTerk/runs/p0_no_task_wait_full80_baseline_v3_20260725/slots/scale_010/instance_002/attempt_01
s010_instance_003,10,instance_003,EXACT_CLOSED,0,0.914132,0.479109,0.239002,True,True,1.751503,1.641878,0.10962500000000008,0.699362,1.3070941801241702,0.004581,,439e12be8bf04208,2b00d968642d0c30,no_task_wait_base_departure_shift_v1,/home/kai/work/GAT_BPC_moonTerk/runs/p0_no_task_wait_full80_baseline_v3_20260725/slots/scale_010/instance_003/attempt_01
s010_instance_004,10,instance_004,EXACT_CLOSED,0,0.782103,0.387899,0.212688,True,True,1.945275,1.943638,0.0016370000000001106,0.702919,1.1126502484639056,0.004333,,439e12be8bf04208,55cf3028db4f90be,no_task_wait_base_departure_shift_v1,/home/kai/work/GAT_BPC_moonTerk/runs/p0_no_task_wait_full80_baseline_v3_20260725/slots/scale_010/instance_004/attempt_01
s010_instance_005,10,instance_005,EXACT_CLOSED,0,2.301006,1.765929,0.347804,True,True,1.905142,1.856248,0.04889399999999999,1.239118,1.8569708453916416,0.004765,,439e12be8bf04208,c62aec6e3abefeeb,no_task_wait_base_departure_shift_v1,/home/kai/work/GAT_BPC_moonTerk/runs/p0_no_task_wait_full80_baseline_v3_20260725/slots/scale_010/instance_005/attempt_01
s010_instance_006,10,instance_006,EXACT_CLOSED,0,0.974685,0.551392,0.237263,True,True,2.076254,2.070818,0.005435999999999996,0.673811,1.4465258061978803,0.004524,,439e12be8bf04208,4b1e0ae1c57213ea,no_task_wait_base_departure_shift_v1,/home/kai/work/GAT_BPC_moonTerk/runs/p0_no_task_wait_full80_baseline_v3_20260725/slots/scale_010/instance_006/attempt_01
s010_instance_007,10,instance_007,EXACT_CLOSED,0,1.429094,0.953954,0.277132,True,True,2.039059,1.988918,0.05014099999999999,0.724319,1.9730174135981522,0.004402,,439e12be8bf04208,68bc9ae966587b1a,no_task_wait_base_departure_shift_v1,/home/kai/work/GAT_BPC_moonTerk/runs/p0_no_task_wait_full80_baseline_v3_20260725/slots/scale_010/instance_007/attempt_01
s010_instance_008,10,instance_008,EXACT_CLOSED,0,1.276107,0.836002,0.241368,True,True,1.889725,1.82381,0.06591500000000017,0.820291,1.5556759735264682,0.004902,,439e12be8bf04208,954f8762dac05391,no_task_wait_base_departure_shift_v1,/home/kai/work/GAT_BPC_moonTerk/runs/p0_no_task_wait_full80_baseline_v3_20260725/slots/scale_010/instance_008/attempt_01
s010_instance_009,10,instance_009,EXACT_CLOSED,0,2.265034,1.774187,0.306287,True,True,1.940696,1.83376,0.10693599999999992,0.819469,2.764026461037574,0.004795,,439e12be8bf04208,528a1caee569c40a,no_task_wait_base_departure_shift_v1,/home/kai/work/GAT_BPC_moonTerk/runs/p0_no_task_wait_full80_baseline_v3_20260725/slots/scale_010/instance_009/attempt_01
s010_instance_010,10,instance_010,EXACT_CLOSED,0,2.026267,1.518611,0.310918,True,True,1.908037,1.767861,0.14017600000000008,1.074207,1.8862910035030491,0.004257,,439e12be8bf04208,8271bd66044c57e8,no_task_wait_base_departure_shift_v1,/home/kai/work/GAT_BPC_moonTerk/runs/p0_no_task_wait_full80_baseline_v3_20260725/slots/scale_010/instance_010/attempt_01
s010_instance_011,10,instance_011,EXACT_CLOSED,0,5.178049,4.30698,0.677127,True,True,1.971928,1.782366,0.189562,1.150912,4.499083335650337,0.004547,,439e12be8bf04208,a4de0be5dd6b4fb0,no_task_wait_base_departure_shift_v1,/home/kai/work/GAT_BPC_moonTerk/runs/p0_no_task_wait_full80_baseline_v3_20260725/slots/scale_010/instance_011/attempt_01
s010_instance_012,10,instance_012,EXACT_CLOSED,0,1.063005,0.639454,0.237782,True,True,2.030829,1.999817,0.03101200000000026,0.743711,1.429325369666443,0.005413,,439e12be8bf04208,9269fb781b8e7cef,no_task_wait_base_departure_shift_v1,/home/kai/work/GAT_BPC_moonTerk/runs/p0_no_task_wait_full80_baseline_v3_20260725/slots/scale_010/instance_012/attempt_01
s010_instance_013,10,instance_013,EXACT_CLOSED,0,3.268305,1.808997,1.267696,True,True,2.093161,2.01605,0.07711099999999993,1.038345,3.1476098984441583,0.004345,,439e12be8bf04208,ba2531c244a59b05,no_task_wait_base_departure_shift_v1,/home/kai/work/GAT_BPC_moonTerk/runs/p0_no_task_wait_full80_baseline_v3_20260725/slots/scale_010/instance_013/attempt_01
s010_instance_014,10,instance_014,EXACT_CLOSED,0,0.945353,0.513468,0.24194,True,True,2.106819,2.088113,0.018706000000000333,0.787945,1.1997702885353674,0.004436,,439e12be8bf04208,265f08cfe9783673,no_task_wait_base_departure_shift_v1,/home/kai/work/GAT_BPC_moonTerk/runs/p0_no_task_wait_full80_baseline_v3_20260725/slots/scale_010/instance_014/attempt_01
s010_instance_015,10,instance_015,EXACT_CLOSED,0,1.001271,0.577748,0.237525,True,True,2.05395,2.02493,0.029020000000000046,0.86851,1.1528606463943996,0.005013,,439e12be8bf04208,d00a4afab5db98af,no_task_wait_base_departure_shift_v1,/home/kai/work/GAT_BPC_moonTerk/runs/p0_no_task_wait_full80_baseline_v3_20260725/slots/scale_010/instance_015/attempt_01
s010_instance_016,10,instance_016,EXACT_CLOSED,0,0.749988,0.350814,0.213756,True,True,2.085912,1.9484,0.13751200000000008,0.732421,1.0239848393205546,0.004589,,439e12be8bf04208,969d8db9761ceaf3,no_task_wait_base_departure_shift_v1,/home/kai/work/GAT_BPC_moonTerk/runs/p0_no_task_wait_full80_baseline_v3_20260725/slots/scale_010/instance_016/attempt_01
s010_instance_017,10,instance_017,EXACT_CLOSED,0,0.732889,0.329994,0.214486,True,True,2.165908,1.859222,0.306686,0.675748,1.08455962873734,0.004791,,439e12be8bf04208,050a247976be9545,no_task_wait_base_departure_shift_v1,/home/kai/work/GAT_BPC_moonTerk/runs/p0_no_task_wait_full80_baseline_v3_20260725/slots/scale_010/instance_017/attempt_01
s010_instance_018,10,instance_018,EXACT_CLOSED,0,1.195158,0.736008,0.270195,True,True,1.876226,1.802011,0.07421499999999992,0.757722,1.5773040772209332,0.005829,,439e12be8bf04208,7aa337fe4f7fb4dd,no_task_wait_base_departure_shift_v1,/home/kai/work/GAT_BPC_moonTerk/runs/p0_no_task_wait_full80_baseline_v3_20260725/slots/scale_010/instance_018/attempt_01
s010_instance_019,10,instance_019,EXACT_CLOSED,0,0.796937,0.347511,0.263718,True,True,1.865888,1.856235,0.009652999999999912,0.687417,1.159321052577984,0.004478,,439e12be8bf04208,c6e019fb72abe5c1,no_task_wait_base_departure_shift_v1,/home/kai/work/GAT_BPC_moonTerk/runs/p0_no_task_wait_full80_baseline_v3_20260725/slots/scale_010/instance_019/attempt_01
s010_instance_020,10,instance_020,EXACT_CLOSED,0,0.887006,0.452987,0.242614,True,True,1.976287,1.968338,0.007948999999999984,0.698675,1.2695545139013131,0.004395,,439e12be8bf04208,e8787f84a65d5186,no_task_wait_base_departure_shift_v1,/home/kai/work/GAT_BPC_moonTerk/runs/p0_no_task_wait_full80_baseline_v3_20260725/slots/scale_010/instance_020/attempt_01
s020_instance_001,20,instance_001,EXACT_CLOSED,0,7.555192,5.958922,1.214855,True,True,1.787257,1.581227,0.20603000000000016,6.154312,1.227625768729307,0.0042,,439e12be8bf04208,e4c3d500dfa459de,no_task_wait_base_departure_shift_v1,/home/kai/work/GAT_BPC_moonTerk/runs/p0_no_task_wait_full80_baseline_v3_20260725/slots/scale_020/instance_001/attempt_01
s020_instance_002,20,instance_002,EXACT_CLOSED,0,3.924784,2.659196,0.886495,True,True,1.880912,1.774474,0.10643799999999981,4.17711,0.9395931636945161,0.004303,,439e12be8bf04208,74fcaab30dc904ef,no_task_wait_base_departure_shift_v1,/home/kai/work/GAT_BPC_moonTerk/runs/p0_no_task_wait_full80_baseline_v3_20260725/slots/scale_020/instance_002/attempt_01
s020_instance_003,20,instance_003,EXACT_CLOSED,0,8.002015,6.379435,1.203584,True,True,1.997422,1.581185,0.41623699999999997,20.694045,0.3866820140769966,0.004345,,439e12be8bf04208,419698d2a4d383b8,no_task_wait_base_departure_shift_v1,/home/kai/work/GAT_BPC_moonTerk/runs/p0_no_task_wait_full80_baseline_v3_20260725/slots/scale_020/instance_003/attempt_01
s020_instance_004,20,instance_004,EXACT_CLOSED,0,46.12694,6.471392,39.269729,True,True,1.708824,1.66182,0.047003999999999824,11.634202,3.9647704243058524,0.371593,,439e12be8bf04208,74357a737c2af8fa,no_task_wait_base_departure_shift_v1,/home/kai/work/GAT_BPC_moonTerk/runs/p0_no_task_wait_full80_baseline_v3_20260725/slots/scale_020/instance_004/attempt_01
s020_instance_005,20,instance_005,EXACT_CLOSED,0,64.092133,15.115156,48.576593,True,True,1.740739,1.611249,0.1294900000000001,12.514996,5.1212268066246285,0.604202,,439e12be8bf04208,d3107df26460e7b2,no_task_wait_base_departure_shift_v1,/home/kai/work/GAT_BPC_moonTerk/runs/p0_no_task_wait_full80_baseline_v3_20260725/slots/scale_020/instance_005/attempt_01
s020_instance_006,20,instance_006,EXACT_CLOSED,0,4.60798,3.359324,0.860105,True,True,2.124135,1.663893,0.4602419999999998,5.727259,0.8045698649214224,0.004242,,439e12be8bf04208,96c37b8d20c70524,no_task_wait_base_departure_shift_v1,/home/kai/work/GAT_BPC_moonTerk/runs/p0_no_task_wait_full80_baseline_v3_20260725/slots/scale_020/instance_006/attempt_01
s020_instance_007,20,instance_007,EXACT_CLOSED,0,4.362824,3.087106,0.899367,True,True,2.080029,1.839652,0.24037700000000006,7.06969,0.61711673354843,0.004448,,439e12be8bf04208,50814c9d8d4f1721,no_task_wait_base_departure_shift_v1,/home/kai/work/GAT_BPC_moonTerk/runs/p0_no_task_wait_full80_baseline_v3_20260725/slots/scale_020/instance_007/attempt_01
s020_instance_008,20,instance_008,EXACT_CLOSED,0,42.600351,35.227709,6.966773,True,True,1.83381,1.632942,0.20086800000000005,17.132819,2.4864764520071096,0.933292,,439e12be8bf04208,a383e449e16f71ca,no_task_wait_base_departure_shift_v1,/home/kai/work/GAT_BPC_moonTerk/runs/p0_no_task_wait_full80_baseline_v3_20260725/slots/scale_020/instance_008/attempt_01
s020_instance_009,20,instance_009,EXACT_CLOSED,0,82.548757,32.83368,49.337702,True,True,2.010442,1.893717,0.11672499999999975,12.175117,6.780120223896,0.523525,,439e12be8bf04208,7971a0beb3239926,no_task_wait_base_departure_shift_v1,/home/kai/work/GAT_BPC_moonTerk/runs/p0_no_task_wait_full80_baseline_v3_20260725/slots/scale_020/instance_009/attempt_01
s020_instance_010,20,instance_010,EXACT_CLOSED,0,17.995627,14.440547,3.136387,True,True,1.89956,1.636391,0.263169,65.517369,0.27466956128839665,0.004372,,439e12be8bf04208,0078c4339c44736e,no_task_wait_base_departure_shift_v1,/home/kai/work/GAT_BPC_moonTerk/runs/p0_no_task_wait_full80_baseline_v3_20260725/slots/scale_020/instance_010/attempt_01
s020_instance_011,20,instance_011,EXACT_CLOSED,0,129.062018,80.999336,47.674828,True,True,1.885426,1.529607,0.3558190000000001,35.314592,3.654637097322263,0.911484,,439e12be8bf04208,99fe0d93672e1dc9,no_task_wait_base_departure_shift_v1,/home/kai/work/GAT_BPC_moonTerk/runs/p0_no_task_wait_full80_baseline_v3_20260725/slots/scale_020/instance_011/attempt_01
s020_instance_012,20,instance_012,EXACT_CLOSED,0,201.125098,151.870685,48.812524,True,True,1.661824,1.558215,0.10360900000000006,101.905203,1.9736489607895684,1.079029,,439e12be8bf04208,a0707c5f13ca8ee5,no_task_wait_base_departure_shift_v1,/home/kai/work/GAT_BPC_moonTerk/runs/p0_no_task_wait_full80_baseline_v3_20260725/slots/scale_020/instance_012/attempt_01
s020_instance_013,20,instance_013,EXACT_CLOSED,0,83.232941,51.267791,31.507955,True,True,1.79125,1.587061,0.20418899999999995,22.239046,3.7426488977989436,1.299313,,439e12be8bf04208,9d5160ac5eb67303,no_task_wait_base_departure_shift_v1,/home/kai/work/GAT_BPC_moonTerk/runs/p0_no_task_wait_full80_baseline_v3_20260725/slots/scale_020/instance_013/attempt_01
s020_instance_014,20,instance_014,EXACT_CLOSED,0,27.594371,21.864989,5.309828,True,True,1.904999,1.664084,0.2409150000000002,14.510851,1.9016369887610312,0.004215,,439e12be8bf04208,0b8d9238e7417773,no_task_wait_base_departure_shift_v1,/home/kai/work/GAT_BPC_moonTerk/runs/p0_no_task_wait_full80_baseline_v3_20260725/slots/scale_020/instance_014/attempt_01
s020_instance_015,20,instance_015,EXACT_CLOSED,0,12.133062,8.97784,2.726878,True,True,1.863358,1.599074,0.26428399999999996,40.080613,0.3027164779141477,0.004486,,439e12be8bf04208,f95ade16e4656790,no_task_wait_base_departure_shift_v1,/home/kai/work/GAT_BPC_moonTerk/runs/p0_no_task_wait_full80_baseline_v3_20260725/slots/scale_020/instance_015/attempt_01
s020_instance_016,20,instance_016,EXACT_CLOSED,0,8.881966,7.026906,1.4173,True,True,1.928871,1.633365,0.29550600000000005,40.148023,0.22123047005328256,0.004604,,439e12be8bf04208,56430102273ce280,no_task_wait_base_departure_shift_v1,/home/kai/work/GAT_BPC_moonTerk/runs/p0_no_task_wait_full80_baseline_v3_20260725/slots/scale_020/instance_016/attempt_01
s020_instance_017,20,instance_017,EXACT_CLOSED,0,18.651089,15.716481,2.446594,True,True,1.858598,1.573675,0.28492300000000004,33.251223,0.5609143759915236,0.004204,,439e12be8bf04208,91b2adf1fed8bdeb,no_task_wait_base_departure_shift_v1,/home/kai/work/GAT_BPC_moonTerk/runs/p0_no_task_wait_full80_baseline_v3_20260725/slots/scale_020/instance_017/attempt_01
s020_instance_018,20,instance_018,EXACT_CLOSED,0,16.217325,13.74584,2.045135,True,True,1.588337,1.431613,0.15672400000000009,9.367503,1.7312324319511827,0.00457,,439e12be8bf04208,6f4b778bfbd444bd,no_task_wait_base_departure_shift_v1,/home/kai/work/GAT_BPC_moonTerk/runs/p0_no_task_wait_full80_baseline_v3_20260725/slots/scale_020/instance_018/attempt_01
s020_instance_019,20,instance_019,EXACT_CLOSED,0,9.810764,7.78441,1.610971,True,True,1.745797,1.56868,0.17711699999999997,14.23212,0.6893396064676239,0.005684,,439e12be8bf04208,218765e7688810c6,no_task_wait_base_departure_shift_v1,/home/kai/work/GAT_BPC_moonTerk/runs/p0_no_task_wait_full80_baseline_v3_20260725/slots/scale_020/instance_019/attempt_01
s020_instance_020,20,instance_020,EXACT_CLOSED,0,7.875708,5.816479,1.663192,True,True,2.000511,1.636286,0.364225,8.247316,0.9549419471740868,0.004623,,439e12be8bf04208,158caf9a1cf84470,no_task_wait_base_departure_shift_v1,/home/kai/work/GAT_BPC_moonTerk/runs/p0_no_task_wait_full80_baseline_v3_20260725/slots/scale_020/instance_020/attempt_01
s030_instance_001,30,instance_001,EXACT_CLOSED,0,138.642342,38.786623,98.953272,True,True,1.811236,1.487678,0.323558,128.765141,1.0767071035164713,1.616779,,439e12be8bf04208,cf36ed5190d36140,no_task_wait_base_departure_shift_v1,/home/kai/work/GAT_BPC_moonTerk/runs/p0_no_task_wait_full80_baseline_v3_20260725/slots/scale_030/instance_001/attempt_01
s030_instance_002,30,instance_002,EXACT_CLOSED,0,79.770299,64.001563,14.99024,True,True,1.816959,1.462376,0.3545830000000001,281.369865,0.28350690291584707,1.745148,,439e12be8bf04208,d04364064cb63cc3,no_task_wait_base_departure_shift_v1,/home/kai/work/GAT_BPC_moonTerk/runs/p0_no_task_wait_full80_baseline_v3_20260725/slots/scale_030/instance_002/attempt_01
s030_instance_003,30,instance_003,EXACT_CLOSED,0,61.983835,54.499867,6.626004,True,True,1.755127,1.519215,0.23591200000000012,144.633969,0.4285565516078729,0.926331,,439e12be8bf04208,6f6a48057d413742,no_task_wait_base_departure_shift_v1,/home/kai/work/GAT_BPC_moonTerk/runs/p0_no_task_wait_full80_baseline_v3_20260725/slots/scale_030/instance_003/attempt_01
s030_instance_004,30,instance_004,EXACT_CLOSED,0,53.378192,46.451996,6.025447,True,True,1.781038,1.477418,0.30362,250.540286,0.21305233123267048,0.934513,,439e12be8bf04208,acb085774da1e9c9,no_task_wait_base_departure_shift_v1,/home/kai/work/GAT_BPC_moonTerk/runs/p0_no_task_wait_full80_baseline_v3_20260725/slots/scale_030/instance_004/attempt_01
s030_instance_005,30,instance_005,EXACT_CLOSED,0,194.468364,92.670174,100.876381,True,True,1.856162,1.568567,0.28759500000000005,225.369391,0.8628872054768076,3.077499,,439e12be8bf04208,c3d2ecdf67de516c,no_task_wait_base_departure_shift_v1,/home/kai/work/GAT_BPC_moonTerk/runs/p0_no_task_wait_full80_baseline_v3_20260725/slots/scale_030/instance_005/attempt_01
s030_instance_006,30,instance_006,EXACT_CLOSED,0,60.272212,52.394158,6.977382,True,True,1.832315,1.518852,0.3134629999999998,306.581411,0.19659447649942483,1.126503,,439e12be8bf04208,f81a079f255cdc69,no_task_wait_base_departure_shift_v1,/home/kai/work/GAT_BPC_moonTerk/runs/p0_no_task_wait_full80_baseline_v3_20260725/slots/scale_030/instance_006/attempt_01
s030_instance_007,30,instance_007,EXACT_CLOSED,0,60.156786,52.247707,7.075941,True,True,1.533446,1.423613,0.10983300000000007,368.572044,0.16321581351406023,0.94038,,439e12be8bf04208,073199ffaca90687,no_task_wait_base_departure_shift_v1,/home/kai/work/GAT_BPC_moonTerk/runs/p0_no_task_wait_full80_baseline_v3_20260725/slots/scale_030/instance_007/attempt_01
s030_instance_008,30,instance_008,EXACT_CLOSED,0,73.369412,53.598236,18.826801,True,True,1.68884,1.517285,0.1715549999999999,338.744865,0.21659195335699036,0.842083,,439e12be8bf04208,909e846fb631bc58,no_task_wait_base_departure_shift_v1,/home/kai/work/GAT_BPC_moonTerk/runs/p0_no_task_wait_full80_baseline_v3_20260725/slots/scale_030/instance_008/attempt_01
s030_instance_009,30,instance_009,EXACT_CLOSED,0,314.206409,268.6007,44.582136,True,True,1.756129,1.539701,0.21642800000000006,503.885615,0.6235669359205661,2.786369,,439e12be8bf04208,fea4b5cf318ba910,no_task_wait_base_departure_shift_v1,/home/kai/work/GAT_BPC_moonTerk/runs/p0_no_task_wait_full80_baseline_v3_20260725/slots/scale_030/instance_009/attempt_01
s030_instance_010,30,instance_010,EXACT_CLOSED,0,56.413043,42.313471,13.196529,True,True,1.830277,1.57894,0.2513369999999999,268.000041,0.21049639690167063,1.651882,,439e12be8bf04208,02201f45984bf409,no_task_wait_base_departure_shift_v1,/home/kai/work/GAT_BPC_moonTerk/runs/p0_no_task_wait_full80_baseline_v3_20260725/slots/scale_030/instance_010/attempt_01
s030_instance_011,30,instance_011,EXACT_CLOSED,0,67.794711,58.979888,7.917849,True,True,1.693748,1.439399,0.25434899999999994,108.885675,0.6226228656799896,1.241051,,439e12be8bf04208,0da27e19466439ea,no_task_wait_base_departure_shift_v1,/home/kai/work/GAT_BPC_moonTerk/runs/p0_no_task_wait_full80_baseline_v3_20260725/slots/scale_030/instance_011/attempt_01
s030_instance_012,30,instance_012,EXACT_CLOSED,0,239.593939,175.35633,63.269369,True,True,1.688061,1.503078,0.18498300000000012,1399.187022,0.17123796549908252,1.350994,,439e12be8bf04208,a971a7a6947ace7a,no_task_wait_base_departure_shift_v1,/home/kai/work/GAT_BPC_moonTerk/runs/p0_no_task_wait_full80_baseline_v3_20260725/slots/scale_030/instance_012/attempt_01
s030_instance_013,30,instance_013,EXACT_CLOSED,0,570.054145,511.845696,57.081335,True,True,1.694299,1.442112,0.25218699999999994,350.08885,1.6283127697440234,2.865166,,439e12be8bf04208,e5c642b8b7fc255d,no_task_wait_base_departure_shift_v1,/home/kai/work/GAT_BPC_moonTerk/runs/p0_no_task_wait_full80_baseline_v3_20260725/slots/scale_030/instance_013/attempt_01
s030_instance_014,30,instance_014,EXACT_CLOSED,0,383.235353,285.595358,96.681368,True,True,1.731123,1.454416,0.27670700000000004,1173.263455,0.32664049269309253,1.77832,,439e12be8bf04208,4b564fb7fd4a2a2e,no_task_wait_base_departure_shift_v1,/home/kai/work/GAT_BPC_moonTerk/runs/p0_no_task_wait_full80_baseline_v3_20260725/slots/scale_030/instance_014/attempt_01
s030_instance_015,30,instance_015,EXACT_CLOSED,0,41.154313,34.893317,5.252767,True,True,1.808614,1.452318,0.35629599999999995,74.676485,0.5511013674518827,0.852425,,439e12be8bf04208,7076503157fed2ce,no_task_wait_base_departure_shift_v1,/home/kai/work/GAT_BPC_moonTerk/runs/p0_no_task_wait_full80_baseline_v3_20260725/slots/scale_030/instance_015/attempt_01
s030_instance_016,30,instance_016,EXACT_CLOSED,0,716.426428,69.117599,646.255736,True,True,1.864921,1.513543,0.35137799999999997,696.013466,1.0293284009536678,1.895264,,439e12be8bf04208,c088436b3096996d,no_task_wait_base_departure_shift_v1,/home/kai/work/GAT_BPC_moonTerk/runs/p0_no_task_wait_full80_baseline_v3_20260725/slots/scale_030/instance_016/attempt_01
s030_instance_017,30,instance_017,EXACT_CLOSED,0,163.903001,75.723512,87.275474,True,True,1.696362,1.438753,0.257609,143.352931,1.1433529810422918,1.608028,,439e12be8bf04208,195986a6ebb86c13,no_task_wait_base_departure_shift_v1,/home/kai/work/GAT_BPC_moonTerk/runs/p0_no_task_wait_full80_baseline_v3_20260725/slots/scale_030/instance_017/attempt_01
s030_instance_018,30,instance_018,EXACT_CLOSED,0,74.791259,66.700154,7.169739,True,True,1.717238,1.4131,0.304138,173.398723,0.431325316046301,1.043404,,439e12be8bf04208,46a6b6383ffddcad,no_task_wait_base_departure_shift_v1,/home/kai/work/GAT_BPC_moonTerk/runs/p0_no_task_wait_full80_baseline_v3_20260725/slots/scale_030/instance_018/attempt_01
s030_instance_019,30,instance_019,EXACT_CLOSED,0,133.92495,119.761359,12.930174,True,True,1.926526,1.677642,0.24888399999999988,298.582769,0.44853542770915894,1.87307,,439e12be8bf04208,8c2eaed37d200b07,no_task_wait_base_departure_shift_v1,/home/kai/work/GAT_BPC_moonTerk/runs/p0_no_task_wait_full80_baseline_v3_20260725/slots/scale_030/instance_019/attempt_01
s030_instance_020,30,instance_020,EXACT_CLOSED,0,63.611588,55.529647,7.074376,True,True,2.017063,1.549728,0.46733499999999983,196.377193,0.3239255385425536,1.090748,,439e12be8bf04208,251d4935f18e2d0d,no_task_wait_base_departure_shift_v1,/home/kai/work/GAT_BPC_moonTerk/runs/p0_no_task_wait_full80_baseline_v3_20260725/slots/scale_030/instance_020/attempt_01
