algorithm_status,bpc_tree_optimal,certificate_leak,certificate_scope,cold_start_resume_previous_sec,cold_start_stage_sum_sec,cold_start_total_sec,column_provenance,config_hash,exact_certificate,external_probe_used,fail_reason,instance_index,instance_key,instance_path,labeling_final_judge_exact_harvest_target,labeling_final_judge_max_exact_tasks,labeling_final_judge_mode,labeling_max_selected_containment,labeling_max_selected_jaccard,labeling_strong_replacement_threshold,labeling_support_aware_harvest_enabled,labeling_support_continuation_max_neighbors,labeling_support_continuation_max_seed_sets,labeling_support_continuation_protected_seed_count,labeling_support_continuation_seed_enabled,labeling_support_overlap_threshold,labeling_weak_replacement_cap,labeling_worker_max_task_cap,large_task_direct_worker_enabled,large_task_direct_worker_max_candidate_sets,large_task_direct_worker_max_tasks,large_task_direct_worker_neighborhood_width,large_task_direct_worker_time_cap_sec,manual_columns_used,manual_rc_fail,mature_pool_used,model_id,no_cheat_pass,note,official_dual_source,per_instance_override_used,pricing_proof_sec,pricing_rc_fail,pricing_state,profile,root_cg_sec,root_engine,root_partition_active_sortie_bound_pruned_region_count,root_partition_active_sortie_global_max,root_partition_active_sortie_global_max_source,root_partition_auxiliary_exact_region_count,root_partition_certified_no_negative,root_partition_coarse_covered_region_count,root_partition_coarse_incomplete_region_count,root_partition_coarse_region_count,root_partition_expected_region_count,root_partition_feedback_added_column_count,root_partition_feedback_round_count,root_partition_feedback_sec,root_partition_post_final_feedback_added_column_count,root_partition_post_final_feedback_best_true_rc,root_partition_post_final_feedback_candidate_count,root_partition_post_final_feedback_eligible_count,root_partition_post_final_feedback_enabled,root_partition_post_final_feedback_mutates_certificate,root_partition_post_final_feedback_output_probe,root_partition_post_final_feedback_rejected_column_count,root_partition_post_final_feedback_resume_counts_prior_time,root_partition_post_final_feedback_selected_column_count,root_partition_proof_enabled,root_partition_sec,root_pool_active_column_count,root_pool_algorithm_status,root_pool_certificate_scope,root_pool_certified,root_pool_env_labeling_final_judge,root_pool_env_labeling_final_judge_exact_harvest_target,root_pool_env_labeling_final_judge_max_tasks,root_pool_exact_negative_harvest_candidate_count,root_pool_exact_negative_harvest_selected_count,root_pool_exact_negative_harvest_selected_new_task_set_count,root_pool_exact_negative_harvest_selected_replacement_task_set_count,root_pool_exact_negative_harvest_selection_policy,root_pool_exact_negative_harvest_target,root_pool_final_judge_history_round_count,root_pool_final_judge_history_wall_time,root_pool_labeling_final_judge_auto_mode,root_pool_labeling_final_judge_auto_selected,root_pool_labeling_final_judge_auto_skip_reason,root_pool_labeling_final_judge_enabled,root_pool_labeling_final_judge_exact_harvest_target,root_pool_labeling_final_judge_exact_harvest_target_source,root_pool_large_task_direct_worker_can_certify_no_negative,root_pool_large_task_direct_worker_candidate_round_count,root_pool_large_task_direct_worker_certificate_leak_count,root_pool_large_task_direct_worker_column_count,root_pool_large_task_direct_worker_seed_count,root_pool_large_task_direct_worker_true_negative_count,root_pool_latest_probe_json,root_pool_official_dual_source,root_pool_post_final_judge_harvest_added_to_master_count,root_pool_post_final_judge_harvest_candidate_negative_count,root_pool_post_final_judge_harvest_rejected_duplicate_count,root_pool_post_final_judge_harvest_rejected_not_addable_count,root_pool_post_final_judge_harvest_selected_count,root_pool_post_final_judge_harvest_selected_new_task_set_count,root_pool_post_final_judge_harvest_selected_replacement_task_set_count,root_pool_pricing_state,root_pool_stage_count,root_pool_stage_subprocess_timeout_with_progress_count,root_pool_support_continuation_active_protected_seed_count,root_pool_support_continuation_active_seed_count,root_pool_support_continuation_can_certify_no_negative,root_pool_support_continuation_certificate_leak_count,root_pool_support_continuation_max_neighbors,root_pool_support_continuation_max_seed_sets,root_pool_support_continuation_protected_seed_count,root_pool_support_continuation_seed_count,root_pool_support_continuation_seed_policy,root_pool_tail_dual_certificate_leak_count,root_pool_tail_dual_no_column_can_certify,root_pool_true_dual_rc_recompute_missing_count,root_pool_true_dual_rc_recomputed,root_pool_wall_sec,root_pool_worker_can_certify_no_negative,root_pool_worker_certificate_leak_count,root_pool_worker_dual_only,root_pool_worker_harvest_candidate_negative_count,root_pool_worker_harvest_rejected_duplicate_count,root_pool_worker_harvest_rejected_not_addable_count,root_pool_worker_harvest_selected_count,root_pool_worker_harvest_selected_new_task_set_count,root_pool_worker_harvest_selected_replacement_task_set_count,root_pool_worker_root_lp_bound_official,root_pool_worker_uses_true_dual_bpc_certificate,row_budget_exhausted,row_limit_sec,row_terminal,same_run_checkpoint_resume_allowed,same_run_checkpoint_resume_eligible,same_run_checkpoint_resume_used,scale,schema_version,seed_mode,seed_sec,seed_sec_instrumented,source_probe_json,tail_dual_certificate_leak,tail_dual_no_column_can_certify,tail_dual_stabilization_alpha,tail_dual_stabilization_enabled,tail_dual_stabilization_window,threads,tree_sec,true_dual_rc_recompute_missing,true_dual_rc_recomputed,under_300,under_500,under_acceptance_limit,worker_can_certify_no_negative,worker_certificate_leak,worker_dual_only,worker_pricer_kind,worker_root_lp_bound_official,worker_uses_true_dual_bpc_certificate
BPC_INCOMPLETE_PRICING,False,0,DIAGNOSTIC_PRICING_FRONTIER,0.0,0.43309,0.705233,instance_json_fixed_seed_same_run_checkpoint_and_partition_feedback,8a015807a5efe243,False,False,root pool did not certify no-negative within cold-start row limit,1,instance_001,/tmp/p0v4-frozen-small-ywVLoI/data/instances/lunar_ice_sp50_005/instance_001_logical_graph.json,8,5,on,0.8,0.5,-0.0001,True,4,240,8,True,0.6,8,5,False,240,12,5,25.0,False,0,False,NATIVE_SPPRC_ACCEPTANCE_V1_S5_native_rcspp_inprocess,True,,,False,,0,INCOMPLETE_LIMIT,V4SH,0.43309,b2b_r3_worker,0,0,,0,False,0,0,0,0,0,0,0.0,0,,0,0,False,False,,0,False,0,False,,22,BPC_INCOMPLETE_PRICING,DIAGNOSTIC_PRICING_FRONTIER,False,1,8,5,0,0,0,0,,0,4,0.061566,False,False,,True,8,explicit_parameter,False,0,0,0,0,0,/home/kai/work/GAT_BPC_moonTerk/runs/p0v4_frozen_small_full60_20260729/scale_005/pools/scale_005/instance_001/stage_001/probe.json,,17,17,0,0,17,16,1,INCOMPLETE_LIMIT,1,0,0,0,False,0,0,0,0,0,,0,False,0,False,0.68775,False,0,False,0,0,0,0,0,0,False,False,False,3600.0,True,True,False,False,5,lunar_ice_bpc.b4_2_cold_exact_row.v1,b0_incumbent_plus_singletons,0.0,False,/home/kai/work/GAT_BPC_moonTerk/runs/p0v4_frozen_small_full60_20260729/scale_005/pools/scale_005/instance_001/stage_001/probe.json,0,False,0.7,True,5,4,,0,False,False,False,False,False,0,False,relaxed_labeling,False,False
BPC_INCOMPLETE_PRICING,False,0,DIAGNOSTIC_PRICING_FRONTIER,0.0,0.106927,0.252685,instance_json_fixed_seed_same_run_checkpoint_and_partition_feedback,8a015807a5efe243,False,False,root pool did not certify no-negative within cold-start row limit,2,instance_002,/tmp/p0v4-frozen-small-ywVLoI/data/instances/lunar_ice_sp50_005/instance_002_logical_graph.json,8,5,on,0.8,0.5,-0.0001,True,4,240,8,True,0.6,8,5,False,240,12,5,25.0,False,0,False,NATIVE_SPPRC_ACCEPTANCE_V1_S5_native_rcspp_inprocess,True,,,False,,0,INCOMPLETE_LIMIT,V4SH,0.106927,b2b_r3_worker,0,0,,0,False,0,0,0,0,0,0,0.0,0,,0,0,False,False,,0,False,0,False,,21,BPC_INCOMPLETE_PRICING,DIAGNOSTIC_PRICING_FRONTIER,False,1,8,5,0,0,0,0,,0,3,0.033869,False,False,,True,8,explicit_parameter,False,0,0,0,0,0,/home/kai/work/GAT_BPC_moonTerk/runs/p0v4_frozen_small_full60_20260729/scale_005/pools/scale_005/instance_002/stage_001/probe.json,,16,16,0,0,16,15,1,INCOMPLETE_LIMIT,1,0,0,0,False,0,0,0,0,0,,0,False,0,False,0.235638,False,0,False,0,0,0,0,0,0,False,False,False,3600.0,True,True,False,False,5,lunar_ice_bpc.b4_2_cold_exact_row.v1,b0_incumbent_plus_singletons,0.0,False,/home/kai/work/GAT_BPC_moonTerk/runs/p0v4_frozen_small_full60_20260729/scale_005/pools/scale_005/instance_002/stage_001/probe.json,0,False,0.7,True,5,4,,0,False,False,False,False,False,0,False,relaxed_labeling,False,False
BPC_INCOMPLETE_PRICING,False,0,DIAGNOSTIC_PRICING_FRONTIER,0.0,0.124188,0.276856,instance_json_fixed_seed_same_run_checkpoint_and_partition_feedback,8a015807a5efe243,False,False,root pool did not certify no-negative within cold-start row limit,3,instance_003,/tmp/p0v4-frozen-small-ywVLoI/data/instances/lunar_ice_sp50_005/instance_003_logical_graph.json,8,5,on,0.8,0.5,-0.0001,True,4,240,8,True,0.6,8,5,False,240,12,5,25.0,False,0,False,NATIVE_SPPRC_ACCEPTANCE_V1_S5_native_rcspp_inprocess,True,,,False,,0,INCOMPLETE_LIMIT,V4SH,0.124188,b2b_r3_worker,0,0,,0,False,0,0,0,0,0,0,0.0,0,,0,0,False,False,,0,False,0,False,,26,BPC_INCOMPLETE_PRICING,DIAGNOSTIC_PRICING_FRONTIER,False,1,8,5,0,0,0,0,,0,5,0.042852,False,False,,True,8,explicit_parameter,False,0,0,0,0,0,/home/kai/work/GAT_BPC_moonTerk/runs/p0v4_frozen_small_full60_20260729/scale_005/pools/scale_005/instance_003/stage_001/probe.json,,21,21,0,0,21,20,1,INCOMPLETE_LIMIT,1,0,0,0,False,0,0,0,0,0,,0,False,0,False,0.258984,False,0,False,0,0,0,0,0,0,False,False,False,3600.0,True,True,False,False,5,lunar_ice_bpc.b4_2_cold_exact_row.v1,b0_incumbent_plus_singletons,0.0,False,/home/kai/work/GAT_BPC_moonTerk/runs/p0v4_frozen_small_full60_20260729/scale_005/pools/scale_005/instance_003/stage_001/probe.json,0,False,0.7,True,5,4,,0,False,False,False,False,False,0,False,relaxed_labeling,False,False
BPC_INCOMPLETE_PRICING,False,0,DIAGNOSTIC_PRICING_FRONTIER,0.0,0.123472,0.266348,instance_json_fixed_seed_same_run_checkpoint_and_partition_feedback,8a015807a5efe243,False,False,root pool did not certify no-negative within cold-start row limit,4,instance_004,/tmp/p0v4-frozen-small-ywVLoI/data/instances/lunar_ice_sp50_005/instance_004_logical_graph.json,8,5,on,0.8,0.5,-0.0001,True,4,240,8,True,0.6,8,5,False,240,12,5,25.0,False,0,False,NATIVE_SPPRC_ACCEPTANCE_V1_S5_native_rcspp_inprocess,True,,,False,,0,INCOMPLETE_LIMIT,V4SH,0.123472,b2b_r3_worker,0,0,,0,False,0,0,0,0,0,0,0.0,0,,0,0,False,False,,0,False,0,False,,21,BPC_INCOMPLETE_PRICING,DIAGNOSTIC_PRICING_FRONTIER,False,1,8,5,0,0,0,0,,0,5,0.038119,False,False,,True,8,explicit_parameter,False,0,0,0,0,0,/home/kai/work/GAT_BPC_moonTerk/runs/p0v4_frozen_small_full60_20260729/scale_005/pools/scale_005/instance_004/stage_001/probe.json,,16,16,0,0,16,15,1,INCOMPLETE_LIMIT,1,0,0,0,False,0,0,0,0,0,,0,False,0,False,0.247984,False,0,False,0,0,0,0,0,0,False,False,False,3600.0,True,True,False,False,5,lunar_ice_bpc.b4_2_cold_exact_row.v1,b0_incumbent_plus_singletons,0.0,False,/home/kai/work/GAT_BPC_moonTerk/runs/p0v4_frozen_small_full60_20260729/scale_005/pools/scale_005/instance_004/stage_001/probe.json,0,False,0.7,True,5,4,,0,False,False,False,False,False,0,False,relaxed_labeling,False,False
BPC_INCOMPLETE_PRICING,False,0,DIAGNOSTIC_PRICING_FRONTIER,0.0,0.092636,0.230198,instance_json_fixed_seed_same_run_checkpoint_and_partition_feedback,8a015807a5efe243,False,False,root pool did not certify no-negative within cold-start row limit,5,instance_005,/tmp/p0v4-frozen-small-ywVLoI/data/instances/lunar_ice_sp50_005/instance_005_logical_graph.json,8,5,on,0.8,0.5,-0.0001,True,4,240,8,True,0.6,8,5,False,240,12,5,25.0,False,0,False,NATIVE_SPPRC_ACCEPTANCE_V1_S5_native_rcspp_inprocess,True,,,False,,0,INCOMPLETE_LIMIT,V4SH,0.092636,b2b_r3_worker,0,0,,0,False,0,0,0,0,0,0,0.0,0,,0,0,False,False,,0,False,0,False,,21,BPC_INCOMPLETE_PRICING,DIAGNOSTIC_PRICING_FRONTIER,False,1,8,5,0,0,0,0,,0,3,0.023776,False,False,,True,8,explicit_parameter,False,0,0,0,0,0,/home/kai/work/GAT_BPC_moonTerk/runs/p0v4_frozen_small_full60_20260729/scale_005/pools/scale_005/instance_005/stage_001/probe.json,,16,16,0,0,16,15,1,INCOMPLETE_LIMIT,1,0,0,0,False,0,0,0,0,0,,0,False,0,False,0.212538,False,0,False,0,0,0,0,0,0,False,False,False,3600.0,True,True,False,False,5,lunar_ice_bpc.b4_2_cold_exact_row.v1,b0_incumbent_plus_singletons,0.0,False,/home/kai/work/GAT_BPC_moonTerk/runs/p0v4_frozen_small_full60_20260729/scale_005/pools/scale_005/instance_005/stage_001/probe.json,0,False,0.7,True,5,4,,0,False,False,False,False,False,0,False,relaxed_labeling,False,False
BPC_INCOMPLETE_PRICING,False,0,DIAGNOSTIC_PRICING_FRONTIER,0.0,0.08836,0.225603,instance_json_fixed_seed_same_run_checkpoint_and_partition_feedback,8a015807a5efe243,False,False,root pool did not certify no-negative within cold-start row limit,6,instance_006,/tmp/p0v4-frozen-small-ywVLoI/data/instances/lunar_ice_sp50_005/instance_006_logical_graph.json,8,5,on,0.8,0.5,-0.0001,True,4,240,8,True,0.6,8,5,False,240,12,5,25.0,False,0,False,NATIVE_SPPRC_ACCEPTANCE_V1_S5_native_rcspp_inprocess,True,,,False,,0,INCOMPLETE_LIMIT,V4SH,0.08836,b2b_r3_worker,0,0,,0,False,0,0,0,0,0,0,0.0,0,,0,0,False,False,,0,False,0,False,,24,BPC_INCOMPLETE_PRICING,DIAGNOSTIC_PRICING_FRONTIER,False,1,8,5,0,0,0,0,,0,4,0.023122,False,False,,True,8,explicit_parameter,False,0,0,0,0,0,/home/kai/work/GAT_BPC_moonTerk/runs/p0v4_frozen_small_full60_20260729/scale_005/pools/scale_005/instance_006/stage_001/probe.json,,19,19,0,0,19,18,1,INCOMPLETE_LIMIT,1,0,0,0,False,0,0,0,0,0,,0,False,0,False,0.208304,False,0,False,0,0,0,0,0,0,False,False,False,3600.0,True,True,False,False,5,lunar_ice_bpc.b4_2_cold_exact_row.v1,b0_incumbent_plus_singletons,0.0,False,/home/kai/work/GAT_BPC_moonTerk/runs/p0v4_frozen_small_full60_20260729/scale_005/pools/scale_005/instance_006/stage_001/probe.json,0,False,0.7,True,5,4,,0,False,False,False,False,False,0,False,relaxed_labeling,False,False
BPC_INCOMPLETE_PRICING,False,0,DIAGNOSTIC_PRICING_FRONTIER,0.0,0.110023,0.242837,instance_json_fixed_seed_same_run_checkpoint_and_partition_feedback,8a015807a5efe243,False,False,root pool did not certify no-negative within cold-start row limit,7,instance_007,/tmp/p0v4-frozen-small-ywVLoI/data/instances/lunar_ice_sp50_005/instance_007_logical_graph.json,8,5,on,0.8,0.5,-0.0001,True,4,240,8,True,0.6,8,5,False,240,12,5,25.0,False,0,False,NATIVE_SPPRC_ACCEPTANCE_V1_S5_native_rcspp_inprocess,True,,,False,,0,INCOMPLETE_LIMIT,V4SH,0.110023,b2b_r3_worker,0,0,,0,False,0,0,0,0,0,0,0.0,0,,0,0,False,False,,0,False,0,False,,21,BPC_INCOMPLETE_PRICING,DIAGNOSTIC_PRICING_FRONTIER,False,1,8,5,0,0,0,0,,0,3,0.037647,False,False,,True,8,explicit_parameter,False,0,0,0,0,0,/home/kai/work/GAT_BPC_moonTerk/runs/p0v4_frozen_small_full60_20260729/scale_005/pools/scale_005/instance_007/stage_001/probe.json,,16,16,0,0,16,15,1,INCOMPLETE_LIMIT,1,0,0,0,False,0,0,0,0,0,,0,False,0,False,0.225324,False,0,False,0,0,0,0,0,0,False,False,False,3600.0,True,True,False,False,5,lunar_ice_bpc.b4_2_cold_exact_row.v1,b0_incumbent_plus_singletons,0.0,False,/home/kai/work/GAT_BPC_moonTerk/runs/p0v4_frozen_small_full60_20260729/scale_005/pools/scale_005/instance_007/stage_001/probe.json,0,False,0.7,True,5,4,,0,False,False,False,False,False,0,False,relaxed_labeling,False,False
BPC_INCOMPLETE_PRICING,False,0,DIAGNOSTIC_PRICING_FRONTIER,0.0,0.130263,0.263969,instance_json_fixed_seed_same_run_checkpoint_and_partition_feedback,8a015807a5efe243,False,False,root pool did not certify no-negative within cold-start row limit,8,instance_008,/tmp/p0v4-frozen-small-ywVLoI/data/instances/lunar_ice_sp50_005/instance_008_logical_graph.json,8,5,on,0.8,0.5,-0.0001,True,4,240,8,True,0.6,8,5,False,240,12,5,25.0,False,0,False,NATIVE_SPPRC_ACCEPTANCE_V1_S5_native_rcspp_inprocess,True,,,False,,0,INCOMPLETE_LIMIT,V4SH,0.130263,b2b_r3_worker,0,0,,0,False,0,0,0,0,0,0,0.0,0,,0,0,False,False,,0,False,0,False,,21,BPC_INCOMPLETE_PRICING,DIAGNOSTIC_PRICING_FRONTIER,False,1,8,5,0,0,0,0,,0,3,0.034414,False,False,,True,8,explicit_parameter,False,0,0,0,0,0,/home/kai/work/GAT_BPC_moonTerk/runs/p0v4_frozen_small_full60_20260729/scale_005/pools/scale_005/instance_008/stage_001/probe.json,,16,16,0,0,16,15,1,INCOMPLETE_LIMIT,1,0,0,0,False,0,0,0,0,0,,0,False,0,False,0.246674,False,0,False,0,0,0,0,0,0,False,False,False,3600.0,True,True,False,False,5,lunar_ice_bpc.b4_2_cold_exact_row.v1,b0_incumbent_plus_singletons,0.0,False,/home/kai/work/GAT_BPC_moonTerk/runs/p0v4_frozen_small_full60_20260729/scale_005/pools/scale_005/instance_008/stage_001/probe.json,0,False,0.7,True,5,4,,0,False,False,False,False,False,0,False,relaxed_labeling,False,False
BPC_INCOMPLETE_PRICING,False,0,DIAGNOSTIC_PRICING_FRONTIER,0.0,0.106113,0.244262,instance_json_fixed_seed_same_run_checkpoint_and_partition_feedback,8a015807a5efe243,False,False,root pool did not certify no-negative within cold-start row limit,9,instance_009,/tmp/p0v4-frozen-small-ywVLoI/data/instances/lunar_ice_sp50_005/instance_009_logical_graph.json,8,5,on,0.8,0.5,-0.0001,True,4,240,8,True,0.6,8,5,False,240,12,5,25.0,False,0,False,NATIVE_SPPRC_ACCEPTANCE_V1_S5_native_rcspp_inprocess,True,,,False,,0,INCOMPLETE_LIMIT,V4SH,0.106113,b2b_r3_worker,0,0,,0,False,0,0,0,0,0,0,0.0,0,,0,0,False,False,,0,False,0,False,,27,BPC_INCOMPLETE_PRICING,DIAGNOSTIC_PRICING_FRONTIER,False,1,8,5,0,0,0,0,,0,4,0.031962,False,False,,True,8,explicit_parameter,False,0,0,0,0,0,/home/kai/work/GAT_BPC_moonTerk/runs/p0v4_frozen_small_full60_20260729/scale_005/pools/scale_005/instance_009/stage_001/probe.json,,22,22,0,0,22,21,1,INCOMPLETE_LIMIT,1,0,0,0,False,0,0,0,0,0,,0,False,0,False,0.225315,False,0,False,0,0,0,0,0,0,False,False,False,3600.0,True,True,False,False,5,lunar_ice_bpc.b4_2_cold_exact_row.v1,b0_incumbent_plus_singletons,0.0,False,/home/kai/work/GAT_BPC_moonTerk/runs/p0v4_frozen_small_full60_20260729/scale_005/pools/scale_005/instance_009/stage_001/probe.json,0,False,0.7,True,5,4,,0,False,False,False,False,False,0,False,relaxed_labeling,False,False
BPC_INCOMPLETE_PRICING,False,0,DIAGNOSTIC_PRICING_FRONTIER,0.0,0.143147,0.277948,instance_json_fixed_seed_same_run_checkpoint_and_partition_feedback,8a015807a5efe243,False,False,root pool did not certify no-negative within cold-start row limit,10,instance_010,/tmp/p0v4-frozen-small-ywVLoI/data/instances/lunar_ice_sp50_005/instance_010_logical_graph.json,8,5,on,0.8,0.5,-0.0001,True,4,240,8,True,0.6,8,5,False,240,12,5,25.0,False,0,False,NATIVE_SPPRC_ACCEPTANCE_V1_S5_native_rcspp_inprocess,True,,,False,,0,INCOMPLETE_LIMIT,V4SH,0.143147,b2b_r3_worker,0,0,,0,False,0,0,0,0,0,0,0.0,0,,0,0,False,False,,0,False,0,False,,27,BPC_INCOMPLETE_PRICING,DIAGNOSTIC_PRICING_FRONTIER,False,1,8,5,0,0,0,0,,0,4,0.042508,False,False,,True,8,explicit_parameter,False,0,0,0,0,0,/home/kai/work/GAT_BPC_moonTerk/runs/p0v4_frozen_small_full60_20260729/scale_005/pools/scale_005/instance_010/stage_001/probe.json,,22,22,0,0,22,21,1,INCOMPLETE_LIMIT,1,0,0,0,False,0,0,0,0,0,,0,False,0,False,0.259735,False,0,False,0,0,0,0,0,0,False,False,False,3600.0,True,True,False,False,5,lunar_ice_bpc.b4_2_cold_exact_row.v1,b0_incumbent_plus_singletons,0.0,False,/home/kai/work/GAT_BPC_moonTerk/runs/p0v4_frozen_small_full60_20260729/scale_005/pools/scale_005/instance_010/stage_001/probe.json,0,False,0.7,True,5,4,,0,False,False,False,False,False,0,False,relaxed_labeling,False,False
BPC_INCOMPLETE_PRICING,False,0,DIAGNOSTIC_PRICING_FRONTIER,0.0,0.106017,0.241933,instance_json_fixed_seed_same_run_checkpoint_and_partition_feedback,8a015807a5efe243,False,False,root pool did not certify no-negative within cold-start row limit,11,instance_011,/tmp/p0v4-frozen-small-ywVLoI/data/instances/lunar_ice_sp50_005/instance_011_logical_graph.json,8,5,on,0.8,0.5,-0.0001,True,4,240,8,True,0.6,8,5,False,240,12,5,25.0,False,0,False,NATIVE_SPPRC_ACCEPTANCE_V1_S5_native_rcspp_inprocess,True,,,False,,0,INCOMPLETE_LIMIT,V4SH,0.106017,b2b_r3_worker,0,0,,0,False,0,0,0,0,0,0,0.0,0,,0,0,False,False,,0,False,0,False,,17,BPC_INCOMPLETE_PRICING,DIAGNOSTIC_PRICING_FRONTIER,False,1,8,5,0,0,0,0,,0,3,0.025419,False,False,,True,8,explicit_parameter,False,0,0,0,0,0,/home/kai/work/GAT_BPC_moonTerk/runs/p0v4_frozen_small_full60_20260729/scale_005/pools/scale_005/instance_011/stage_001/probe.json,,12,12,0,0,12,11,1,INCOMPLETE_LIMIT,1,0,0,0,False,0,0,0,0,0,,0,False,0,False,0.224546,False,0,False,0,0,0,0,0,0,False,False,False,3600.0,True,True,False,False,5,lunar_ice_bpc.b4_2_cold_exact_row.v1,b0_incumbent_plus_singletons,0.0,False,/home/kai/work/GAT_BPC_moonTerk/runs/p0v4_frozen_small_full60_20260729/scale_005/pools/scale_005/instance_011/stage_001/probe.json,0,False,0.7,True,5,4,,0,False,False,False,False,False,0,False,relaxed_labeling,False,False
BPC_INCOMPLETE_PRICING,False,0,DIAGNOSTIC_PRICING_FRONTIER,0.0,0.103752,0.238764,instance_json_fixed_seed_same_run_checkpoint_and_partition_feedback,8a015807a5efe243,False,False,root pool did not certify no-negative within cold-start row limit,12,instance_012,/tmp/p0v4-frozen-small-ywVLoI/data/instances/lunar_ice_sp50_005/instance_012_logical_graph.json,8,5,on,0.8,0.5,-0.0001,True,4,240,8,True,0.6,8,5,False,240,12,5,25.0,False,0,False,NATIVE_SPPRC_ACCEPTANCE_V1_S5_native_rcspp_inprocess,True,,,False,,0,INCOMPLETE_LIMIT,V4SH,0.103752,b2b_r3_worker,0,0,,0,False,0,0,0,0,0,0,0.0,0,,0,0,False,False,,0,False,0,False,,24,BPC_INCOMPLETE_PRICING,DIAGNOSTIC_PRICING_FRONTIER,False,1,8,5,0,0,0,0,,0,4,0.027428,False,False,,True,8,explicit_parameter,False,0,0,0,0,0,/home/kai/work/GAT_BPC_moonTerk/runs/p0v4_frozen_small_full60_20260729/scale_005/pools/scale_005/instance_012/stage_001/probe.json,,19,19,0,0,19,18,1,INCOMPLETE_LIMIT,1,0,0,0,False,0,0,0,0,0,,0,False,0,False,0.220499,False,0,False,0,0,0,0,0,0,False,False,False,3600.0,True,True,False,False,5,lunar_ice_bpc.b4_2_cold_exact_row.v1,b0_incumbent_plus_singletons,0.0,False,/home/kai/work/GAT_BPC_moonTerk/runs/p0v4_frozen_small_full60_20260729/scale_005/pools/scale_005/instance_012/stage_001/probe.json,0,False,0.7,True,5,4,,0,False,False,False,False,False,0,False,relaxed_labeling,False,False
BPC_INCOMPLETE_PRICING,False,0,DIAGNOSTIC_PRICING_FRONTIER,0.0,0.101263,0.23544,instance_json_fixed_seed_same_run_checkpoint_and_partition_feedback,8a015807a5efe243,False,False,root pool did not certify no-negative within cold-start row limit,13,instance_013,/tmp/p0v4-frozen-small-ywVLoI/data/instances/lunar_ice_sp50_005/instance_013_logical_graph.json,8,5,on,0.8,0.5,-0.0001,True,4,240,8,True,0.6,8,5,False,240,12,5,25.0,False,0,False,NATIVE_SPPRC_ACCEPTANCE_V1_S5_native_rcspp_inprocess,True,,,False,,0,INCOMPLETE_LIMIT,V4SH,0.101263,b2b_r3_worker,0,0,,0,False,0,0,0,0,0,0,0.0,0,,0,0,False,False,,0,False,0,False,,21,BPC_INCOMPLETE_PRICING,DIAGNOSTIC_PRICING_FRONTIER,False,1,8,5,0,0,0,0,,0,3,0.024466,False,False,,True,8,explicit_parameter,False,0,0,0,0,0,/home/kai/work/GAT_BPC_moonTerk/runs/p0v4_frozen_small_full60_20260729/scale_005/pools/scale_005/instance_013/stage_001/probe.json,,16,16,0,0,16,15,1,INCOMPLETE_LIMIT,1,0,0,0,False,0,0,0,0,0,,0,False,0,False,0.218052,False,0,False,0,0,0,0,0,0,False,False,False,3600.0,True,True,False,False,5,lunar_ice_bpc.b4_2_cold_exact_row.v1,b0_incumbent_plus_singletons,0.0,False,/home/kai/work/GAT_BPC_moonTerk/runs/p0v4_frozen_small_full60_20260729/scale_005/pools/scale_005/instance_013/stage_001/probe.json,0,False,0.7,True,5,4,,0,False,False,False,False,False,0,False,relaxed_labeling,False,False
BPC_INCOMPLETE_PRICING,False,0,DIAGNOSTIC_PRICING_FRONTIER,0.0,0.110065,0.245981,instance_json_fixed_seed_same_run_checkpoint_and_partition_feedback,8a015807a5efe243,False,False,root pool did not certify no-negative within cold-start row limit,14,instance_014,/tmp/p0v4-frozen-small-ywVLoI/data/instances/lunar_ice_sp50_005/instance_014_logical_graph.json,8,5,on,0.8,0.5,-0.0001,True,4,240,8,True,0.6,8,5,False,240,12,5,25.0,False,0,False,NATIVE_SPPRC_ACCEPTANCE_V1_S5_native_rcspp_inprocess,True,,,False,,0,INCOMPLETE_LIMIT,V4SH,0.110065,b2b_r3_worker,0,0,,0,False,0,0,0,0,0,0,0.0,0,,0,0,False,False,,0,False,0,False,,24,BPC_INCOMPLETE_PRICING,DIAGNOSTIC_PRICING_FRONTIER,False,1,8,5,0,0,0,0,,0,4,0.03066,False,False,,True,8,explicit_parameter,False,0,0,0,0,0,/home/kai/work/GAT_BPC_moonTerk/runs/p0v4_frozen_small_full60_20260729/scale_005/pools/scale_005/instance_014/stage_001/probe.json,,19,19,0,0,19,18,1,INCOMPLETE_LIMIT,1,0,0,0,False,0,0,0,0,0,,0,False,0,False,0.227389,False,0,False,0,0,0,0,0,0,False,False,False,3600.0,True,True,False,False,5,lunar_ice_bpc.b4_2_cold_exact_row.v1,b0_incumbent_plus_singletons,0.0,False,/home/kai/work/GAT_BPC_moonTerk/runs/p0v4_frozen_small_full60_20260729/scale_005/pools/scale_005/instance_014/stage_001/probe.json,0,False,0.7,True,5,4,,0,False,False,False,False,False,0,False,relaxed_labeling,False,False
BPC_INCOMPLETE_PRICING,False,0,DIAGNOSTIC_PRICING_FRONTIER,0.0,0.109976,0.248818,instance_json_fixed_seed_same_run_checkpoint_and_partition_feedback,8a015807a5efe243,False,False,root pool did not certify no-negative within cold-start row limit,15,instance_015,/tmp/p0v4-frozen-small-ywVLoI/data/instances/lunar_ice_sp50_005/instance_015_logical_graph.json,8,5,on,0.8,0.5,-0.0001,True,4,240,8,True,0.6,8,5,False,240,12,5,25.0,False,0,False,NATIVE_SPPRC_ACCEPTANCE_V1_S5_native_rcspp_inprocess,True,,,False,,0,INCOMPLETE_LIMIT,V4SH,0.109976,b2b_r3_worker,0,0,,0,False,0,0,0,0,0,0,0.0,0,,0,0,False,False,,0,False,0,False,,26,BPC_INCOMPLETE_PRICING,DIAGNOSTIC_PRICING_FRONTIER,False,1,8,5,0,0,0,0,,0,4,0.0306,False,False,,True,8,explicit_parameter,False,0,0,0,0,0,/home/kai/work/GAT_BPC_moonTerk/runs/p0v4_frozen_small_full60_20260729/scale_005/pools/scale_005/instance_015/stage_001/probe.json,,21,21,0,0,21,20,1,INCOMPLETE_LIMIT,1,0,0,0,False,0,0,0,0,0,,0,False,0,False,0.230628,False,0,False,0,0,0,0,0,0,False,False,False,3600.0,True,True,False,False,5,lunar_ice_bpc.b4_2_cold_exact_row.v1,b0_incumbent_plus_singletons,0.0,False,/home/kai/work/GAT_BPC_moonTerk/runs/p0v4_frozen_small_full60_20260729/scale_005/pools/scale_005/instance_015/stage_001/probe.json,0,False,0.7,True,5,4,,0,False,False,False,False,False,0,False,relaxed_labeling,False,False
BPC_INCOMPLETE_PRICING,False,0,DIAGNOSTIC_PRICING_FRONTIER,0.0,0.13881,0.274176,instance_json_fixed_seed_same_run_checkpoint_and_partition_feedback,8a015807a5efe243,False,False,root pool did not certify no-negative within cold-start row limit,16,instance_016,/tmp/p0v4-frozen-small-ywVLoI/data/instances/lunar_ice_sp50_005/instance_016_logical_graph.json,8,5,on,0.8,0.5,-0.0001,True,4,240,8,True,0.6,8,5,False,240,12,5,25.0,False,0,False,NATIVE_SPPRC_ACCEPTANCE_V1_S5_native_rcspp_inprocess,True,,,False,,0,INCOMPLETE_LIMIT,V4SH,0.13881,b2b_r3_worker,0,0,,0,False,0,0,0,0,0,0,0.0,0,,0,0,False,False,,0,False,0,False,,22,BPC_INCOMPLETE_PRICING,DIAGNOSTIC_PRICING_FRONTIER,False,1,8,5,0,0,0,0,,0,4,0.029382,False,False,,True,8,explicit_parameter,False,0,0,0,0,0,/home/kai/work/GAT_BPC_moonTerk/runs/p0v4_frozen_small_full60_20260729/scale_005/pools/scale_005/instance_016/stage_001/probe.json,,17,17,0,0,17,16,1,INCOMPLETE_LIMIT,1,0,0,0,False,0,0,0,0,0,,0,False,0,False,0.256754,False,0,False,0,0,0,0,0,0,False,False,False,3600.0,True,True,False,False,5,lunar_ice_bpc.b4_2_cold_exact_row.v1,b0_incumbent_plus_singletons,0.0,False,/home/kai/work/GAT_BPC_moonTerk/runs/p0v4_frozen_small_full60_20260729/scale_005/pools/scale_005/instance_016/stage_001/probe.json,0,False,0.7,True,5,4,,0,False,False,False,False,False,0,False,relaxed_labeling,False,False
BPC_INCOMPLETE_PRICING,False,0,DIAGNOSTIC_PRICING_FRONTIER,0.0,0.125166,0.260121,instance_json_fixed_seed_same_run_checkpoint_and_partition_feedback,8a015807a5efe243,False,False,root pool did not certify no-negative within cold-start row limit,17,instance_017,/tmp/p0v4-frozen-small-ywVLoI/data/instances/lunar_ice_sp50_005/instance_017_logical_graph.json,8,5,on,0.8,0.5,-0.0001,True,4,240,8,True,0.6,8,5,False,240,12,5,25.0,False,0,False,NATIVE_SPPRC_ACCEPTANCE_V1_S5_native_rcspp_inprocess,True,,,False,,0,INCOMPLETE_LIMIT,V4SH,0.125166,b2b_r3_worker,0,0,,0,False,0,0,0,0,0,0,0.0,0,,0,0,False,False,,0,False,0,False,,13,BPC_INCOMPLETE_PRICING,DIAGNOSTIC_PRICING_FRONTIER,False,1,8,5,0,0,0,0,,0,2,0.025464,False,False,,True,8,explicit_parameter,False,0,0,0,0,0,/home/kai/work/GAT_BPC_moonTerk/runs/p0v4_frozen_small_full60_20260729/scale_005/pools/scale_005/instance_017/stage_001/probe.json,,8,8,0,0,8,7,1,INCOMPLETE_LIMIT,1,0,0,0,False,0,0,0,0,0,,0,False,0,False,0.243109,False,0,False,0,0,0,0,0,0,False,False,False,3600.0,True,True,False,False,5,lunar_ice_bpc.b4_2_cold_exact_row.v1,b0_incumbent_plus_singletons,0.0,False,/home/kai/work/GAT_BPC_moonTerk/runs/p0v4_frozen_small_full60_20260729/scale_005/pools/scale_005/instance_017/stage_001/probe.json,0,False,0.7,True,5,4,,0,False,False,False,False,False,0,False,relaxed_labeling,False,False
BPC_INCOMPLETE_PRICING,False,0,DIAGNOSTIC_PRICING_FRONTIER,0.0,0.133325,0.271973,instance_json_fixed_seed_same_run_checkpoint_and_partition_feedback,8a015807a5efe243,False,False,root pool did not certify no-negative within cold-start row limit,18,instance_018,/tmp/p0v4-frozen-small-ywVLoI/data/instances/lunar_ice_sp50_005/instance_018_logical_graph.json,8,5,on,0.8,0.5,-0.0001,True,4,240,8,True,0.6,8,5,False,240,12,5,25.0,False,0,False,NATIVE_SPPRC_ACCEPTANCE_V1_S5_native_rcspp_inprocess,True,,,False,,0,INCOMPLETE_LIMIT,V4SH,0.133325,b2b_r3_worker,0,0,,0,False,0,0,0,0,0,0,0.0,0,,0,0,False,False,,0,False,0,False,,27,BPC_INCOMPLETE_PRICING,DIAGNOSTIC_PRICING_FRONTIER,False,1,8,5,0,0,0,0,,0,6,0.048516,False,False,,True,8,explicit_parameter,False,0,0,0,0,0,/home/kai/work/GAT_BPC_moonTerk/runs/p0v4_frozen_small_full60_20260729/scale_005/pools/scale_005/instance_018/stage_001/probe.json,,22,22,0,0,22,21,1,INCOMPLETE_LIMIT,1,0,0,0,False,0,0,0,0,0,,0,False,0,False,0.252334,False,0,False,0,0,0,0,0,0,False,False,False,3600.0,True,True,False,False,5,lunar_ice_bpc.b4_2_cold_exact_row.v1,b0_incumbent_plus_singletons,0.0,False,/home/kai/work/GAT_BPC_moonTerk/runs/p0v4_frozen_small_full60_20260729/scale_005/pools/scale_005/instance_018/stage_001/probe.json,0,False,0.7,True,5,4,,0,False,False,False,False,False,0,False,relaxed_labeling,False,False
BPC_INCOMPLETE_PRICING,False,0,DIAGNOSTIC_PRICING_FRONTIER,0.0,0.104121,0.240251,instance_json_fixed_seed_same_run_checkpoint_and_partition_feedback,8a015807a5efe243,False,False,root pool did not certify no-negative within cold-start row limit,19,instance_019,/tmp/p0v4-frozen-small-ywVLoI/data/instances/lunar_ice_sp50_005/instance_019_logical_graph.json,8,5,on,0.8,0.5,-0.0001,True,4,240,8,True,0.6,8,5,False,240,12,5,25.0,False,0,False,NATIVE_SPPRC_ACCEPTANCE_V1_S5_native_rcspp_inprocess,True,,,False,,0,INCOMPLETE_LIMIT,V4SH,0.104121,b2b_r3_worker,0,0,,0,False,0,0,0,0,0,0,0.0,0,,0,0,False,False,,0,False,0,False,,21,BPC_INCOMPLETE_PRICING,DIAGNOSTIC_PRICING_FRONTIER,False,1,8,5,0,0,0,0,,0,3,0.036531,False,False,,True,8,explicit_parameter,False,0,0,0,0,0,/home/kai/work/GAT_BPC_moonTerk/runs/p0v4_frozen_small_full60_20260729/scale_005/pools/scale_005/instance_019/stage_001/probe.json,,16,16,0,0,16,15,1,INCOMPLETE_LIMIT,1,0,0,0,False,0,0,0,0,0,,0,False,0,False,0.222792,False,0,False,0,0,0,0,0,0,False,False,False,3600.0,True,True,False,False,5,lunar_ice_bpc.b4_2_cold_exact_row.v1,b0_incumbent_plus_singletons,0.0,False,/home/kai/work/GAT_BPC_moonTerk/runs/p0v4_frozen_small_full60_20260729/scale_005/pools/scale_005/instance_019/stage_001/probe.json,0,False,0.7,True,5,4,,0,False,False,False,False,False,0,False,relaxed_labeling,False,False
BPC_INCOMPLETE_PRICING,False,0,DIAGNOSTIC_PRICING_FRONTIER,0.0,0.116749,0.252727,instance_json_fixed_seed_same_run_checkpoint_and_partition_feedback,8a015807a5efe243,False,False,root pool did not certify no-negative within cold-start row limit,20,instance_020,/tmp/p0v4-frozen-small-ywVLoI/data/instances/lunar_ice_sp50_005/instance_020_logical_graph.json,8,5,on,0.8,0.5,-0.0001,True,4,240,8,True,0.6,8,5,False,240,12,5,25.0,False,0,False,NATIVE_SPPRC_ACCEPTANCE_V1_S5_native_rcspp_inprocess,True,,,False,,0,INCOMPLETE_LIMIT,V4SH,0.116749,b2b_r3_worker,0,0,,0,False,0,0,0,0,0,0,0.0,0,,0,0,False,False,,0,False,0,False,,27,BPC_INCOMPLETE_PRICING,DIAGNOSTIC_PRICING_FRONTIER,False,1,8,5,0,0,0,0,,0,5,0.03013,False,False,,True,8,explicit_parameter,False,0,0,0,0,0,/home/kai/work/GAT_BPC_moonTerk/runs/p0v4_frozen_small_full60_20260729/scale_005/pools/scale_005/instance_020/stage_001/probe.json,,22,22,0,0,22,21,1,INCOMPLETE_LIMIT,1,0,0,0,False,0,0,0,0,0,,0,False,0,False,0.235274,False,0,False,0,0,0,0,0,0,False,False,False,3600.0,True,True,False,False,5,lunar_ice_bpc.b4_2_cold_exact_row.v1,b0_incumbent_plus_singletons,0.0,False,/home/kai/work/GAT_BPC_moonTerk/runs/p0v4_frozen_small_full60_20260729/scale_005/pools/scale_005/instance_020/stage_001/probe.json,0,False,0.7,True,5,4,,0,False,False,False,False,False,0,False,relaxed_labeling,False,False
