matrix_group,scale,instance_id,mode,algorithm_status,certificate_scope,pricing_state,uses_true_dual_bpc_certificate,B0_direct_objective,B2B_R3_root_lp_bound,B3_global_lb,B3_global_ub,B3_global_gap,objective_diff_vs_B0,B3_tree_closed,BPC_TREE_OPTIMAL_count,BPC_NODE_LP_CERTIFIED_count,node_count,evaluated_node_count,open_node_count,incomplete_node_count,pruned_by_bound_count,integer_incumbent_count,branch_count,max_depth_reached,NO_FRACTIONAL_RF_PAIR_count,manual_rc_audit_pass,pricing_rc_audit_pass,branch_pricing_audit_pass,proof_debt_unreleased_count,selected_harvest_addability_fail_count,all_node_ledgers_valid,direct_dp_used_as_bpc_certificate,root_bound_gt_B0_violation,tree_incumbent_diff_vs_B0,certificate_scope_regression,manual_rc_fail,pricing_rc_fail,branch_pricing_audit_fail,proof_debt_unreleased_certified,direct_dp_certificate_leak,NO_FRACTIONAL_RF_PAIR_treated_as_integral,open_node_but_tree_optimal,incomplete_node_but_tree_optimal,wall_time,fail_closed_reason
5-scale full,5,lunar_ice_sp50_005_001_seed679001,B0_pure_direct_dp,DIRECT_DP_BASELINE_OPTIMAL,DIRECT_DP_FIXED_GRAPH_OPTIMAL,NOT_PRICED,False,1310.952686,,,,,,False,0,0,0,0,0,0,0,0,0,0,0,,,,0,0,False,False,0,0,0,0,0,0,0,0,0,0,0,0.004559,
5-scale full,5,lunar_ice_sp50_005_001_seed679001,B2_PRODUCT_EXACT_SOLVER,DIRECT_DP_BASELINE_OPTIMAL,DIRECT_DP_FIXED_GRAPH_OPTIMAL,NOT_PRICED,False,1310.952686,,,,,0.0,False,0,0,0,0,0,0,0,0,0,0,0,,,,0,0,False,False,0,0,0,0,0,0,0,0,0,0,0,0.004371,
5-scale full,5,lunar_ice_sp50_005_001_seed679001,B2B_R3_true_dual_negative_search_worker,BPC_GAP_AVAILABLE,BPC_NODE_LP_CERTIFIED,CERTIFIED_NO_NEGATIVE,True,1310.952686,1310.952686,,,,0.0,False,0,1,0,0,0,0,0,0,0,0,0,True,True,,0,0,True,False,0,0,0,0,0,0,0,0,0,0,0,0.153224,
5-scale full,5,lunar_ice_sp50_005_001_seed679001,B3A_full_universe_branch_audit,BPC_GAP_AVAILABLE,BPC_NODE_LP_CERTIFIED,CERTIFIED_NO_NEGATIVE,True,,,1310.952686,,,,False,0,1,1,1,0,0,0,0,0,0,0,True,True,True,0,0,True,False,0,0,0,0,0,0,0,0,0,0,0,0.083753,
5-scale full,5,lunar_ice_sp50_005_001_seed679001,B3B_seeded_branch_price_tree,BPC_OPTIMAL,BPC_TREE_OPTIMAL,CERTIFIED_NO_NEGATIVE,True,1310.952686,,1310.952686,1310.952686,0.0,0.0,True,1,1,1,1,0,0,0,1,0,0,0,,,,0,0,True,False,0,0,0,0,0,0,0,0,0,0,0,0.322542,
5-scale full,5,lunar_ice_sp50_005_002_seed679002,B0_pure_direct_dp,DIRECT_DP_BASELINE_OPTIMAL,DIRECT_DP_FIXED_GRAPH_OPTIMAL,NOT_PRICED,False,1349.525425,,,,,,False,0,0,0,0,0,0,0,0,0,0,0,,,,0,0,False,False,0,0,0,0,0,0,0,0,0,0,0,0.003588,
5-scale full,5,lunar_ice_sp50_005_002_seed679002,B2_PRODUCT_EXACT_SOLVER,DIRECT_DP_BASELINE_OPTIMAL,DIRECT_DP_FIXED_GRAPH_OPTIMAL,NOT_PRICED,False,1349.525425,,,,,0.0,False,0,0,0,0,0,0,0,0,0,0,0,,,,0,0,False,False,0,0,0,0,0,0,0,0,0,0,0,0.003709,
5-scale full,5,lunar_ice_sp50_005_002_seed679002,B2B_R3_true_dual_negative_search_worker,BPC_GAP_AVAILABLE,BPC_NODE_LP_CERTIFIED,CERTIFIED_NO_NEGATIVE,True,1349.525425,1349.525425,,,,0.0,False,0,1,0,0,0,0,0,0,0,0,0,True,True,,0,0,True,False,0,0,0,0,0,0,0,0,0,0,0,0.206731,
5-scale full,5,lunar_ice_sp50_005_002_seed679002,B3A_full_universe_branch_audit,BPC_GAP_AVAILABLE,BPC_NODE_LP_CERTIFIED,CERTIFIED_NO_NEGATIVE,True,,,1349.525425,,,,False,0,1,1,1,0,0,0,0,0,0,0,True,True,True,0,0,True,False,0,0,0,0,0,0,0,0,0,0,0,0.145025,
5-scale full,5,lunar_ice_sp50_005_002_seed679002,B3B_seeded_branch_price_tree,BPC_OPTIMAL,BPC_TREE_OPTIMAL,CERTIFIED_NO_NEGATIVE,True,1349.525425,,1349.525425,1349.525425,0.0,0.0,True,1,1,1,1,0,0,0,1,0,0,0,,,,0,0,True,False,0,0,0,0,0,0,0,0,0,0,0,0.433376,
5-scale full,5,lunar_ice_sp50_005_003_seed679005,B0_pure_direct_dp,DIRECT_DP_BASELINE_OPTIMAL,DIRECT_DP_FIXED_GRAPH_OPTIMAL,NOT_PRICED,False,1316.47124,,,,,,False,0,0,0,0,0,0,0,0,0,0,0,,,,0,0,False,False,0,0,0,0,0,0,0,0,0,0,0,0.005196,
5-scale full,5,lunar_ice_sp50_005_003_seed679005,B2_PRODUCT_EXACT_SOLVER,DIRECT_DP_BASELINE_OPTIMAL,DIRECT_DP_FIXED_GRAPH_OPTIMAL,NOT_PRICED,False,1316.47124,,,,,0.0,False,0,0,0,0,0,0,0,0,0,0,0,,,,0,0,False,False,0,0,0,0,0,0,0,0,0,0,0,0.005367,
5-scale full,5,lunar_ice_sp50_005_003_seed679005,B2B_R3_true_dual_negative_search_worker,BPC_GAP_AVAILABLE,BPC_NODE_LP_CERTIFIED,CERTIFIED_NO_NEGATIVE,True,1316.47124,1316.47124,,,,0.0,False,0,1,0,0,0,0,0,0,0,0,0,True,True,,0,0,True,False,0,0,0,0,0,0,0,0,0,0,0,0.279328,
5-scale full,5,lunar_ice_sp50_005_003_seed679005,B3A_full_universe_branch_audit,BPC_GAP_AVAILABLE,BPC_NODE_LP_CERTIFIED,CERTIFIED_NO_NEGATIVE,True,,,1316.47124,,,,False,0,1,1,1,0,0,0,0,0,0,0,True,True,True,0,0,True,False,0,0,0,0,0,0,0,0,0,0,0,0.173263,
5-scale full,5,lunar_ice_sp50_005_003_seed679005,B3B_seeded_branch_price_tree,BPC_OPTIMAL,BPC_TREE_OPTIMAL,CERTIFIED_NO_NEGATIVE,True,1316.47124,,1316.47124,1316.47124,0.0,0.0,True,1,1,1,1,0,0,0,1,0,0,0,,,,0,0,True,False,0,0,0,0,0,0,0,0,0,0,0,0.572573,
5-scale full,5,lunar_ice_sp50_005_004_seed679030,B0_pure_direct_dp,DIRECT_DP_BASELINE_OPTIMAL,DIRECT_DP_FIXED_GRAPH_OPTIMAL,NOT_PRICED,False,1233.389303,,,,,,False,0,0,0,0,0,0,0,0,0,0,0,,,,0,0,False,False,0,0,0,0,0,0,0,0,0,0,0,0.004226,
5-scale full,5,lunar_ice_sp50_005_004_seed679030,B2_PRODUCT_EXACT_SOLVER,DIRECT_DP_BASELINE_OPTIMAL,DIRECT_DP_FIXED_GRAPH_OPTIMAL,NOT_PRICED,False,1233.389303,,,,,0.0,False,0,0,0,0,0,0,0,0,0,0,0,,,,0,0,False,False,0,0,0,0,0,0,0,0,0,0,0,0.004354,
5-scale full,5,lunar_ice_sp50_005_004_seed679030,B2B_R3_true_dual_negative_search_worker,BPC_GAP_AVAILABLE,BPC_NODE_LP_CERTIFIED,CERTIFIED_NO_NEGATIVE,True,1233.389303,1233.389303,,,,0.0,False,0,1,0,0,0,0,0,0,0,0,0,True,True,,0,0,True,False,0,0,0,0,0,0,0,0,0,0,0,0.233121,
5-scale full,5,lunar_ice_sp50_005_004_seed679030,B3A_full_universe_branch_audit,BPC_GAP_AVAILABLE,BPC_NODE_LP_CERTIFIED,CERTIFIED_NO_NEGATIVE,True,,,1233.389303,,,,False,0,1,1,1,0,0,0,0,0,0,0,True,True,True,0,0,True,False,0,0,0,0,0,0,0,0,0,0,0,0.14842,
5-scale full,5,lunar_ice_sp50_005_004_seed679030,B3B_seeded_branch_price_tree,BPC_OPTIMAL,BPC_TREE_OPTIMAL,CERTIFIED_NO_NEGATIVE,True,1233.389303,,1233.389303,1233.389303,0.0,0.0,True,1,1,1,1,0,0,0,1,0,0,0,,,,0,0,True,False,0,0,0,0,0,0,0,0,0,0,0,0.5157,
5-scale full,5,lunar_ice_sp50_005_005_seed679011,B0_pure_direct_dp,DIRECT_DP_BASELINE_OPTIMAL,DIRECT_DP_FIXED_GRAPH_OPTIMAL,NOT_PRICED,False,1182.368403,,,,,,False,0,0,0,0,0,0,0,0,0,0,0,,,,0,0,False,False,0,0,0,0,0,0,0,0,0,0,0,0.004769,
5-scale full,5,lunar_ice_sp50_005_005_seed679011,B2_PRODUCT_EXACT_SOLVER,DIRECT_DP_BASELINE_OPTIMAL,DIRECT_DP_FIXED_GRAPH_OPTIMAL,NOT_PRICED,False,1182.368403,,,,,0.0,False,0,0,0,0,0,0,0,0,0,0,0,,,,0,0,False,False,0,0,0,0,0,0,0,0,0,0,0,0.004871,
5-scale full,5,lunar_ice_sp50_005_005_seed679011,B2B_R3_true_dual_negative_search_worker,BPC_GAP_AVAILABLE,BPC_NODE_LP_CERTIFIED,CERTIFIED_NO_NEGATIVE,True,1182.368403,1182.368403,,,,0.0,False,0,1,0,0,0,0,0,0,0,0,0,True,True,,0,0,True,False,0,0,0,0,0,0,0,0,0,0,0,0.295726,
5-scale full,5,lunar_ice_sp50_005_005_seed679011,B3A_full_universe_branch_audit,BPC_GAP_AVAILABLE,BPC_NODE_LP_CERTIFIED,CERTIFIED_NO_NEGATIVE,True,,,1182.368403,,,,False,0,1,1,1,0,0,0,0,0,0,0,True,True,True,0,0,True,False,0,0,0,0,0,0,0,0,0,0,0,0.184152,
5-scale full,5,lunar_ice_sp50_005_005_seed679011,B3B_seeded_branch_price_tree,BPC_OPTIMAL,BPC_TREE_OPTIMAL,CERTIFIED_NO_NEGATIVE,True,1182.368403,,1182.368403,1182.368403,0.0,0.0,True,1,1,1,1,0,0,0,1,0,0,0,,,,0,0,True,False,0,0,0,0,0,0,0,0,0,0,0,0.623071,
5-scale full,5,lunar_ice_sp50_005_006_seed679032,B0_pure_direct_dp,DIRECT_DP_BASELINE_OPTIMAL,DIRECT_DP_FIXED_GRAPH_OPTIMAL,NOT_PRICED,False,1244.612406,,,,,,False,0,0,0,0,0,0,0,0,0,0,0,,,,0,0,False,False,0,0,0,0,0,0,0,0,0,0,0,0.003857,
5-scale full,5,lunar_ice_sp50_005_006_seed679032,B2_PRODUCT_EXACT_SOLVER,DIRECT_DP_BASELINE_OPTIMAL,DIRECT_DP_FIXED_GRAPH_OPTIMAL,NOT_PRICED,False,1244.612406,,,,,0.0,False,0,0,0,0,0,0,0,0,0,0,0,,,,0,0,False,False,0,0,0,0,0,0,0,0,0,0,0,0.004014,
5-scale full,5,lunar_ice_sp50_005_006_seed679032,B2B_R3_true_dual_negative_search_worker,BPC_GAP_AVAILABLE,BPC_NODE_LP_CERTIFIED,CERTIFIED_NO_NEGATIVE,True,1244.612406,1244.612406,,,,0.0,False,0,1,0,0,0,0,0,0,0,0,0,True,True,,0,0,True,False,0,0,0,0,0,0,0,0,0,0,0,0.222265,
5-scale full,5,lunar_ice_sp50_005_006_seed679032,B3A_full_universe_branch_audit,BPC_GAP_AVAILABLE,BPC_NODE_LP_CERTIFIED,CERTIFIED_NO_NEGATIVE,True,,,1244.612406,,,,False,0,1,1,1,0,0,0,0,0,0,0,True,True,True,0,0,True,False,0,0,0,0,0,0,0,0,0,0,0,0.144159,
5-scale full,5,lunar_ice_sp50_005_006_seed679032,B3B_seeded_branch_price_tree,BPC_OPTIMAL,BPC_TREE_OPTIMAL,CERTIFIED_NO_NEGATIVE,True,1244.612406,,1244.612406,1244.612406,0.0,0.0,True,1,1,1,1,0,0,0,1,0,0,0,,,,0,0,True,False,0,0,0,0,0,0,0,0,0,0,0,0.471048,
5-scale full,5,lunar_ice_sp50_005_007_seed679013,B0_pure_direct_dp,DIRECT_DP_BASELINE_OPTIMAL,DIRECT_DP_FIXED_GRAPH_OPTIMAL,NOT_PRICED,False,1400.622149,,,,,,False,0,0,0,0,0,0,0,0,0,0,0,,,,0,0,False,False,0,0,0,0,0,0,0,0,0,0,0,0.003492,
5-scale full,5,lunar_ice_sp50_005_007_seed679013,B2_PRODUCT_EXACT_SOLVER,DIRECT_DP_BASELINE_OPTIMAL,DIRECT_DP_FIXED_GRAPH_OPTIMAL,NOT_PRICED,False,1400.622149,,,,,0.0,False,0,0,0,0,0,0,0,0,0,0,0,,,,0,0,False,False,0,0,0,0,0,0,0,0,0,0,0,0.005801,
5-scale full,5,lunar_ice_sp50_005_007_seed679013,B2B_R3_true_dual_negative_search_worker,BPC_GAP_AVAILABLE,BPC_NODE_LP_CERTIFIED,CERTIFIED_NO_NEGATIVE,True,1400.622149,1400.622149,,,,0.0,False,0,1,0,0,0,0,0,0,0,0,0,True,True,,0,0,True,False,0,0,0,0,0,0,0,0,0,0,0,0.368235,
5-scale full,5,lunar_ice_sp50_005_007_seed679013,B3A_full_universe_branch_audit,BPC_GAP_AVAILABLE,BPC_NODE_LP_CERTIFIED,CERTIFIED_NO_NEGATIVE,True,,,1400.622149,,,,False,0,1,1,1,0,0,0,0,0,0,0,True,True,True,0,0,True,False,0,0,0,0,0,0,0,0,0,0,0,0.270628,
5-scale full,5,lunar_ice_sp50_005_007_seed679013,B3B_seeded_branch_price_tree,BPC_OPTIMAL,BPC_TREE_OPTIMAL,CERTIFIED_NO_NEGATIVE,True,1400.622149,,1400.622149,1400.622149,0.0,0.0,True,1,1,1,1,0,0,0,1,0,0,0,,,,0,0,True,False,0,0,0,0,0,0,0,0,0,0,0,0.766451,
5-scale full,5,lunar_ice_sp50_005_008_seed679014,B0_pure_direct_dp,DIRECT_DP_BASELINE_OPTIMAL,DIRECT_DP_FIXED_GRAPH_OPTIMAL,NOT_PRICED,False,1579.649799,,,,,,False,0,0,0,0,0,0,0,0,0,0,0,,,,0,0,False,False,0,0,0,0,0,0,0,0,0,0,0,0.006697,
5-scale full,5,lunar_ice_sp50_005_008_seed679014,B2_PRODUCT_EXACT_SOLVER,DIRECT_DP_BASELINE_OPTIMAL,DIRECT_DP_FIXED_GRAPH_OPTIMAL,NOT_PRICED,False,1579.649799,,,,,0.0,False,0,0,0,0,0,0,0,0,0,0,0,,,,0,0,False,False,0,0,0,0,0,0,0,0,0,0,0,0.006241,
5-scale full,5,lunar_ice_sp50_005_008_seed679014,B2B_R3_true_dual_negative_search_worker,BPC_GAP_AVAILABLE,BPC_NODE_LP_CERTIFIED,CERTIFIED_NO_NEGATIVE,True,1579.649799,1579.649799,,,,0.0,False,0,1,0,0,0,0,0,0,0,0,0,True,True,,0,0,True,False,0,0,0,0,0,0,0,0,0,0,0,0.41079,
5-scale full,5,lunar_ice_sp50_005_008_seed679014,B3A_full_universe_branch_audit,BPC_GAP_AVAILABLE,BPC_NODE_LP_CERTIFIED,CERTIFIED_NO_NEGATIVE,True,,,1579.649799,,,,False,0,1,1,1,0,0,0,0,0,0,0,True,True,True,0,0,True,False,0,0,0,0,0,0,0,0,0,0,0,0.277789,
5-scale full,5,lunar_ice_sp50_005_008_seed679014,B3B_seeded_branch_price_tree,BPC_OPTIMAL,BPC_TREE_OPTIMAL,CERTIFIED_NO_NEGATIVE,True,1579.649799,,1579.649799,1579.649799,0.0,0.0,True,1,1,1,1,0,0,0,1,0,0,0,,,,0,0,True,False,0,0,0,0,0,0,0,0,0,0,0,0.89,
5-scale full,5,lunar_ice_sp50_005_009_seed679015,B0_pure_direct_dp,DIRECT_DP_BASELINE_OPTIMAL,DIRECT_DP_FIXED_GRAPH_OPTIMAL,NOT_PRICED,False,1513.217855,,,,,,False,0,0,0,0,0,0,0,0,0,0,0,,,,0,0,False,False,0,0,0,0,0,0,0,0,0,0,0,0.004689,
5-scale full,5,lunar_ice_sp50_005_009_seed679015,B2_PRODUCT_EXACT_SOLVER,DIRECT_DP_BASELINE_OPTIMAL,DIRECT_DP_FIXED_GRAPH_OPTIMAL,NOT_PRICED,False,1513.217855,,,,,0.0,False,0,0,0,0,0,0,0,0,0,0,0,,,,0,0,False,False,0,0,0,0,0,0,0,0,0,0,0,0.00519,
5-scale full,5,lunar_ice_sp50_005_009_seed679015,B2B_R3_true_dual_negative_search_worker,BPC_GAP_AVAILABLE,BPC_NODE_LP_CERTIFIED,CERTIFIED_NO_NEGATIVE,True,1513.217855,1513.217855,,,,0.0,False,0,1,0,0,0,0,0,0,0,0,0,True,True,,0,0,True,False,0,0,0,0,0,0,0,0,0,0,0,0.250989,
5-scale full,5,lunar_ice_sp50_005_009_seed679015,B3A_full_universe_branch_audit,BPC_GAP_AVAILABLE,BPC_NODE_LP_CERTIFIED,CERTIFIED_NO_NEGATIVE,True,,,1513.217855,,,,False,0,1,1,1,0,0,0,0,0,0,0,True,True,True,0,0,True,False,0,0,0,0,0,0,0,0,0,0,0,0.232036,
5-scale full,5,lunar_ice_sp50_005_009_seed679015,B3B_seeded_branch_price_tree,BPC_OPTIMAL,BPC_TREE_OPTIMAL,CERTIFIED_NO_NEGATIVE,True,1513.217855,,1513.217855,1513.217855,0.0,0.0,True,1,1,1,1,0,0,0,1,0,0,0,,,,0,0,True,False,0,0,0,0,0,0,0,0,0,0,0,0.527242,
5-scale full,5,lunar_ice_sp50_005_010_seed679016,B0_pure_direct_dp,DIRECT_DP_BASELINE_OPTIMAL,DIRECT_DP_FIXED_GRAPH_OPTIMAL,NOT_PRICED,False,1340.689732,,,,,,False,0,0,0,0,0,0,0,0,0,0,0,,,,0,0,False,False,0,0,0,0,0,0,0,0,0,0,0,0.00756,
5-scale full,5,lunar_ice_sp50_005_010_seed679016,B2_PRODUCT_EXACT_SOLVER,DIRECT_DP_BASELINE_OPTIMAL,DIRECT_DP_FIXED_GRAPH_OPTIMAL,NOT_PRICED,False,1340.689732,,,,,0.0,False,0,0,0,0,0,0,0,0,0,0,0,,,,0,0,False,False,0,0,0,0,0,0,0,0,0,0,0,0.008336,
5-scale full,5,lunar_ice_sp50_005_010_seed679016,B2B_R3_true_dual_negative_search_worker,BPC_GAP_AVAILABLE,BPC_NODE_LP_CERTIFIED,CERTIFIED_NO_NEGATIVE,True,1340.689732,1340.689732,,,,0.0,False,0,1,0,0,0,0,0,0,0,0,0,True,True,,0,0,True,False,0,0,0,0,0,0,0,0,0,0,0,0.336162,
5-scale full,5,lunar_ice_sp50_005_010_seed679016,B3A_full_universe_branch_audit,BPC_GAP_AVAILABLE,BPC_NODE_LP_CERTIFIED,CERTIFIED_NO_NEGATIVE,True,,,1340.689732,,,,False,0,1,1,1,0,0,0,0,0,0,0,True,True,True,0,0,True,False,0,0,0,0,0,0,0,0,0,0,0,0.187616,
5-scale full,5,lunar_ice_sp50_005_010_seed679016,B3B_seeded_branch_price_tree,BPC_OPTIMAL,BPC_TREE_OPTIMAL,CERTIFIED_NO_NEGATIVE,True,1340.689732,,1340.689732,1340.689732,0.0,0.0,True,1,1,1,1,0,0,0,1,0,0,0,,,,0,0,True,False,0,0,0,0,0,0,0,0,0,0,0,0.693199,
5-scale full,5,lunar_ice_sp50_005_011_seed679017,B0_pure_direct_dp,DIRECT_DP_BASELINE_OPTIMAL,DIRECT_DP_FIXED_GRAPH_OPTIMAL,NOT_PRICED,False,1432.954994,,,,,,False,0,0,0,0,0,0,0,0,0,0,0,,,,0,0,False,False,0,0,0,0,0,0,0,0,0,0,0,0.005668,
5-scale full,5,lunar_ice_sp50_005_011_seed679017,B2_PRODUCT_EXACT_SOLVER,DIRECT_DP_BASELINE_OPTIMAL,DIRECT_DP_FIXED_GRAPH_OPTIMAL,NOT_PRICED,False,1432.954994,,,,,0.0,False,0,0,0,0,0,0,0,0,0,0,0,,,,0,0,False,False,0,0,0,0,0,0,0,0,0,0,0,0.007262,
5-scale full,5,lunar_ice_sp50_005_011_seed679017,B2B_R3_true_dual_negative_search_worker,BPC_GAP_AVAILABLE,BPC_NODE_LP_CERTIFIED,CERTIFIED_NO_NEGATIVE,True,1432.954994,1432.954994,,,,0.0,False,0,1,0,0,0,0,0,0,0,0,0,True,True,,0,0,True,False,0,0,0,0,0,0,0,0,0,0,0,0.437829,
5-scale full,5,lunar_ice_sp50_005_011_seed679017,B3A_full_universe_branch_audit,BPC_GAP_AVAILABLE,BPC_NODE_LP_CERTIFIED,CERTIFIED_NO_NEGATIVE,True,,,1432.954994,,,,False,0,1,1,1,0,0,0,0,0,0,0,True,True,True,0,0,True,False,0,0,0,0,0,0,0,0,0,0,0,0.319248,
5-scale full,5,lunar_ice_sp50_005_011_seed679017,B3B_seeded_branch_price_tree,BPC_OPTIMAL,BPC_TREE_OPTIMAL,CERTIFIED_NO_NEGATIVE,True,1432.954994,,1432.954994,1432.954994,0.0,0.0,True,1,1,1,1,0,0,0,1,0,0,0,,,,0,0,True,False,0,0,0,0,0,0,0,0,0,0,0,0.956048,
5-scale full,5,lunar_ice_sp50_005_012_seed679018,B0_pure_direct_dp,DIRECT_DP_BASELINE_OPTIMAL,DIRECT_DP_FIXED_GRAPH_OPTIMAL,NOT_PRICED,False,1431.520203,,,,,,False,0,0,0,0,0,0,0,0,0,0,0,,,,0,0,False,False,0,0,0,0,0,0,0,0,0,0,0,0.013203,
5-scale full,5,lunar_ice_sp50_005_012_seed679018,B2_PRODUCT_EXACT_SOLVER,DIRECT_DP_BASELINE_OPTIMAL,DIRECT_DP_FIXED_GRAPH_OPTIMAL,NOT_PRICED,False,1431.520203,,,,,0.0,False,0,0,0,0,0,0,0,0,0,0,0,,,,0,0,False,False,0,0,0,0,0,0,0,0,0,0,0,0.012835,
5-scale full,5,lunar_ice_sp50_005_012_seed679018,B2B_R3_true_dual_negative_search_worker,BPC_GAP_AVAILABLE,BPC_NODE_LP_CERTIFIED,CERTIFIED_NO_NEGATIVE,True,1431.520203,1431.520203,,,,0.0,False,0,1,0,0,0,0,0,0,0,0,0,True,True,,0,0,True,False,0,0,0,0,0,0,0,0,0,0,0,0.483216,
5-scale full,5,lunar_ice_sp50_005_012_seed679018,B3A_full_universe_branch_audit,BPC_GAP_AVAILABLE,BPC_NODE_LP_CERTIFIED,CERTIFIED_NO_NEGATIVE,True,,,1431.520203,,,,False,0,1,1,1,0,0,0,0,0,0,0,True,True,True,0,0,True,False,0,0,0,0,0,0,0,0,0,0,0,0.265166,
5-scale full,5,lunar_ice_sp50_005_012_seed679018,B3B_seeded_branch_price_tree,BPC_OPTIMAL,BPC_TREE_OPTIMAL,CERTIFIED_NO_NEGATIVE,True,1431.520203,,1431.520203,1431.520203,0.0,0.0,True,1,1,1,1,0,0,0,1,0,0,0,,,,0,0,True,False,0,0,0,0,0,0,0,0,0,0,0,0.996253,
5-scale full,5,lunar_ice_sp50_005_013_seed679019,B0_pure_direct_dp,DIRECT_DP_BASELINE_OPTIMAL,DIRECT_DP_FIXED_GRAPH_OPTIMAL,NOT_PRICED,False,1573.234918,,,,,,False,0,0,0,0,0,0,0,0,0,0,0,,,,0,0,False,False,0,0,0,0,0,0,0,0,0,0,0,0.005349,
5-scale full,5,lunar_ice_sp50_005_013_seed679019,B2_PRODUCT_EXACT_SOLVER,DIRECT_DP_BASELINE_OPTIMAL,DIRECT_DP_FIXED_GRAPH_OPTIMAL,NOT_PRICED,False,1573.234918,,,,,0.0,False,0,0,0,0,0,0,0,0,0,0,0,,,,0,0,False,False,0,0,0,0,0,0,0,0,0,0,0,0.006013,
5-scale full,5,lunar_ice_sp50_005_013_seed679019,B2B_R3_true_dual_negative_search_worker,BPC_GAP_AVAILABLE,BPC_NODE_LP_CERTIFIED,CERTIFIED_NO_NEGATIVE,True,1573.234918,1573.234918,,,,0.0,False,0,1,0,0,0,0,0,0,0,0,0,True,True,,0,0,True,False,0,0,0,0,0,0,0,0,0,0,0,0.39236,
5-scale full,5,lunar_ice_sp50_005_013_seed679019,B3A_full_universe_branch_audit,BPC_GAP_AVAILABLE,BPC_NODE_LP_CERTIFIED,CERTIFIED_NO_NEGATIVE,True,,,1573.234918,,,,False,0,1,1,1,0,0,0,0,0,0,0,True,True,True,0,0,True,False,0,0,0,0,0,0,0,0,0,0,0,0.251573,
5-scale full,5,lunar_ice_sp50_005_013_seed679019,B3B_seeded_branch_price_tree,BPC_OPTIMAL,BPC_TREE_OPTIMAL,CERTIFIED_NO_NEGATIVE,True,1573.234918,,1573.234918,1573.234918,0.0,0.0,True,1,1,1,1,0,0,0,1,0,0,0,,,,0,0,True,False,0,0,0,0,0,0,0,0,0,0,0,0.818212,
5-scale full,5,lunar_ice_sp50_005_014_seed679020,B0_pure_direct_dp,DIRECT_DP_BASELINE_OPTIMAL,DIRECT_DP_FIXED_GRAPH_OPTIMAL,NOT_PRICED,False,1544.987555,,,,,,False,0,0,0,0,0,0,0,0,0,0,0,,,,0,0,False,False,0,0,0,0,0,0,0,0,0,0,0,0.007888,
5-scale full,5,lunar_ice_sp50_005_014_seed679020,B2_PRODUCT_EXACT_SOLVER,DIRECT_DP_BASELINE_OPTIMAL,DIRECT_DP_FIXED_GRAPH_OPTIMAL,NOT_PRICED,False,1544.987555,,,,,0.0,False,0,0,0,0,0,0,0,0,0,0,0,,,,0,0,False,False,0,0,0,0,0,0,0,0,0,0,0,0.007912,
5-scale full,5,lunar_ice_sp50_005_014_seed679020,B2B_R3_true_dual_negative_search_worker,BPC_GAP_AVAILABLE,BPC_NODE_LP_CERTIFIED,CERTIFIED_NO_NEGATIVE,True,1544.987555,1544.987555,,,,0.0,False,0,1,0,0,0,0,0,0,0,0,0,True,True,,0,0,True,False,0,0,0,0,0,0,0,0,0,0,0,0.392859,
5-scale full,5,lunar_ice_sp50_005_014_seed679020,B3A_full_universe_branch_audit,BPC_GAP_AVAILABLE,BPC_NODE_LP_CERTIFIED,CERTIFIED_NO_NEGATIVE,True,,,1544.987555,,,,False,0,1,1,1,0,0,0,0,0,0,0,True,True,True,0,0,True,False,0,0,0,0,0,0,0,0,0,0,0,0.310989,
5-scale full,5,lunar_ice_sp50_005_014_seed679020,B3B_seeded_branch_price_tree,BPC_OPTIMAL,BPC_TREE_OPTIMAL,CERTIFIED_NO_NEGATIVE,True,1544.987555,,1544.987555,1544.987555,0.0,0.0,True,1,1,1,1,0,0,0,1,0,0,0,,,,0,0,True,False,0,0,0,0,0,0,0,0,0,0,0,0.807058,
5-scale full,5,lunar_ice_sp50_005_015_seed679021,B0_pure_direct_dp,DIRECT_DP_BASELINE_OPTIMAL,DIRECT_DP_FIXED_GRAPH_OPTIMAL,NOT_PRICED,False,1529.573117,,,,,,False,0,0,0,0,0,0,0,0,0,0,0,,,,0,0,False,False,0,0,0,0,0,0,0,0,0,0,0,0.00559,
5-scale full,5,lunar_ice_sp50_005_015_seed679021,B2_PRODUCT_EXACT_SOLVER,DIRECT_DP_BASELINE_OPTIMAL,DIRECT_DP_FIXED_GRAPH_OPTIMAL,NOT_PRICED,False,1529.573117,,,,,0.0,False,0,0,0,0,0,0,0,0,0,0,0,,,,0,0,False,False,0,0,0,0,0,0,0,0,0,0,0,0.004417,
5-scale full,5,lunar_ice_sp50_005_015_seed679021,B2B_R3_true_dual_negative_search_worker,BPC_GAP_AVAILABLE,BPC_NODE_LP_CERTIFIED,CERTIFIED_NO_NEGATIVE,True,1529.573117,1529.573117,,,,0.0,False,0,1,0,0,0,0,0,0,0,0,0,True,True,,0,0,True,False,0,0,0,0,0,0,0,0,0,0,0,0.245081,
5-scale full,5,lunar_ice_sp50_005_015_seed679021,B3A_full_universe_branch_audit,BPC_GAP_AVAILABLE,BPC_NODE_LP_CERTIFIED,CERTIFIED_NO_NEGATIVE,True,,,1529.573117,,,,False,0,1,1,1,0,0,0,0,0,0,0,True,True,True,0,0,True,False,0,0,0,0,0,0,0,0,0,0,0,0.167517,
5-scale full,5,lunar_ice_sp50_005_015_seed679021,B3B_seeded_branch_price_tree,BPC_OPTIMAL,BPC_TREE_OPTIMAL,CERTIFIED_NO_NEGATIVE,True,1529.573117,,1529.573117,1529.573117,0.0,0.0,True,1,1,1,1,0,0,0,1,0,0,0,,,,0,0,True,False,0,0,0,0,0,0,0,0,0,0,0,0.506007,
5-scale full,5,lunar_ice_sp50_005_016_seed679062,B0_pure_direct_dp,DIRECT_DP_BASELINE_OPTIMAL,DIRECT_DP_FIXED_GRAPH_OPTIMAL,NOT_PRICED,False,1071.627935,,,,,,False,0,0,0,0,0,0,0,0,0,0,0,,,,0,0,False,False,0,0,0,0,0,0,0,0,0,0,0,0.004816,
5-scale full,5,lunar_ice_sp50_005_016_seed679062,B2_PRODUCT_EXACT_SOLVER,DIRECT_DP_BASELINE_OPTIMAL,DIRECT_DP_FIXED_GRAPH_OPTIMAL,NOT_PRICED,False,1071.627935,,,,,0.0,False,0,0,0,0,0,0,0,0,0,0,0,,,,0,0,False,False,0,0,0,0,0,0,0,0,0,0,0,0.004909,
5-scale full,5,lunar_ice_sp50_005_016_seed679062,B2B_R3_true_dual_negative_search_worker,BPC_GAP_AVAILABLE,BPC_NODE_LP_CERTIFIED,CERTIFIED_NO_NEGATIVE,True,1071.627935,1071.627935,,,,0.0,False,0,1,0,0,0,0,0,0,0,0,0,True,True,,0,0,True,False,0,0,0,0,0,0,0,0,0,0,0,0.217263,
5-scale full,5,lunar_ice_sp50_005_016_seed679062,B3A_full_universe_branch_audit,BPC_GAP_AVAILABLE,BPC_NODE_LP_CERTIFIED,CERTIFIED_NO_NEGATIVE,True,,,1071.627935,,,,False,0,1,1,1,0,0,0,0,0,0,0,True,True,True,0,0,True,False,0,0,0,0,0,0,0,0,0,0,0,0.122321,
5-scale full,5,lunar_ice_sp50_005_016_seed679062,B3B_seeded_branch_price_tree,BPC_OPTIMAL,BPC_TREE_OPTIMAL,CERTIFIED_NO_NEGATIVE,True,1071.627935,,1071.627935,1071.627935,0.0,0.0,True,1,1,1,1,0,0,0,1,0,0,0,,,,0,0,True,False,0,0,0,0,0,0,0,0,0,0,0,0.480682,
5-scale full,5,lunar_ice_sp50_005_017_seed679123,B0_pure_direct_dp,DIRECT_DP_BASELINE_OPTIMAL,DIRECT_DP_FIXED_GRAPH_OPTIMAL,NOT_PRICED,False,1255.420499,,,,,,False,0,0,0,0,0,0,0,0,0,0,0,,,,0,0,False,False,0,0,0,0,0,0,0,0,0,0,0,0.008367,
5-scale full,5,lunar_ice_sp50_005_017_seed679123,B2_PRODUCT_EXACT_SOLVER,DIRECT_DP_BASELINE_OPTIMAL,DIRECT_DP_FIXED_GRAPH_OPTIMAL,NOT_PRICED,False,1255.420499,,,,,0.0,False,0,0,0,0,0,0,0,0,0,0,0,,,,0,0,False,False,0,0,0,0,0,0,0,0,0,0,0,0.008309,
5-scale full,5,lunar_ice_sp50_005_017_seed679123,B2B_R3_true_dual_negative_search_worker,BPC_GAP_AVAILABLE,BPC_NODE_LP_CERTIFIED,CERTIFIED_NO_NEGATIVE,True,1255.420499,1255.420499,,,,0.0,False,0,1,0,0,0,0,0,0,0,0,0,True,True,,0,0,True,False,0,0,0,0,0,0,0,0,0,0,0,0.322649,
5-scale full,5,lunar_ice_sp50_005_017_seed679123,B3A_full_universe_branch_audit,BPC_GAP_AVAILABLE,BPC_NODE_LP_CERTIFIED,CERTIFIED_NO_NEGATIVE,True,,,1255.420499,,,,False,0,1,1,1,0,0,0,0,0,0,0,True,True,True,0,0,True,False,0,0,0,0,0,0,0,0,0,0,0,0.242738,
5-scale full,5,lunar_ice_sp50_005_017_seed679123,B3B_seeded_branch_price_tree,BPC_OPTIMAL,BPC_TREE_OPTIMAL,CERTIFIED_NO_NEGATIVE,True,1255.420499,,1255.420499,1255.420499,0.0,0.0,True,1,1,1,1,0,0,0,1,0,0,0,,,,0,0,True,False,0,0,0,0,0,0,0,0,0,0,0,0.719335,
5-scale full,5,lunar_ice_sp50_005_018_seed679064,B0_pure_direct_dp,DIRECT_DP_BASELINE_OPTIMAL,DIRECT_DP_FIXED_GRAPH_OPTIMAL,NOT_PRICED,False,956.173707,,,,,,False,0,0,0,0,0,0,0,0,0,0,0,,,,0,0,False,False,0,0,0,0,0,0,0,0,0,0,0,0.006402,
5-scale full,5,lunar_ice_sp50_005_018_seed679064,B2_PRODUCT_EXACT_SOLVER,DIRECT_DP_BASELINE_OPTIMAL,DIRECT_DP_FIXED_GRAPH_OPTIMAL,NOT_PRICED,False,956.173707,,,,,0.0,False,0,0,0,0,0,0,0,0,0,0,0,,,,0,0,False,False,0,0,0,0,0,0,0,0,0,0,0,0.006025,
5-scale full,5,lunar_ice_sp50_005_018_seed679064,B2B_R3_true_dual_negative_search_worker,BPC_GAP_AVAILABLE,BPC_NODE_LP_CERTIFIED,CERTIFIED_NO_NEGATIVE,True,956.173707,956.173707,,,,0.0,False,0,1,0,0,0,0,0,0,0,0,0,True,True,,0,0,True,False,0,0,0,0,0,0,0,0,0,0,0,0.35198,
5-scale full,5,lunar_ice_sp50_005_018_seed679064,B3A_full_universe_branch_audit,BPC_GAP_AVAILABLE,BPC_NODE_LP_CERTIFIED,CERTIFIED_NO_NEGATIVE,True,,,956.173707,,,,False,0,1,1,1,0,0,0,0,0,0,0,True,True,True,0,0,True,False,0,0,0,0,0,0,0,0,0,0,0,0.19297,
5-scale full,5,lunar_ice_sp50_005_018_seed679064,B3B_seeded_branch_price_tree,BPC_OPTIMAL,BPC_TREE_OPTIMAL,CERTIFIED_NO_NEGATIVE,True,956.173707,,956.173707,956.173707,0.0,0.0,True,1,1,1,1,0,0,0,1,0,0,0,,,,0,0,True,False,0,0,0,0,0,0,0,0,0,0,0,0.745329,
5-scale full,5,lunar_ice_sp50_005_019_seed679025,B0_pure_direct_dp,DIRECT_DP_BASELINE_OPTIMAL,DIRECT_DP_FIXED_GRAPH_OPTIMAL,NOT_PRICED,False,1158.248056,,,,,,False,0,0,0,0,0,0,0,0,0,0,0,,,,0,0,False,False,0,0,0,0,0,0,0,0,0,0,0,0.004689,
5-scale full,5,lunar_ice_sp50_005_019_seed679025,B2_PRODUCT_EXACT_SOLVER,DIRECT_DP_BASELINE_OPTIMAL,DIRECT_DP_FIXED_GRAPH_OPTIMAL,NOT_PRICED,False,1158.248056,,,,,0.0,False,0,0,0,0,0,0,0,0,0,0,0,,,,0,0,False,False,0,0,0,0,0,0,0,0,0,0,0,0.004694,
5-scale full,5,lunar_ice_sp50_005_019_seed679025,B2B_R3_true_dual_negative_search_worker,BPC_GAP_AVAILABLE,BPC_NODE_LP_CERTIFIED,CERTIFIED_NO_NEGATIVE,True,1158.248056,1158.248056,,,,0.0,False,0,1,0,0,0,0,0,0,0,0,0,True,True,,0,0,True,False,0,0,0,0,0,0,0,0,0,0,0,0.292671,
5-scale full,5,lunar_ice_sp50_005_019_seed679025,B3A_full_universe_branch_audit,BPC_GAP_AVAILABLE,BPC_NODE_LP_CERTIFIED,CERTIFIED_NO_NEGATIVE,True,,,1158.248056,,,,False,0,1,1,1,0,0,0,0,0,0,0,True,True,True,0,0,True,False,0,0,0,0,0,0,0,0,0,0,0,0.173923,
5-scale full,5,lunar_ice_sp50_005_019_seed679025,B3B_seeded_branch_price_tree,BPC_OPTIMAL,BPC_TREE_OPTIMAL,CERTIFIED_NO_NEGATIVE,True,1158.248056,,1158.248056,1158.248056,0.0,0.0,True,1,1,1,1,0,0,0,1,0,0,0,,,,0,0,True,False,0,0,0,0,0,0,0,0,0,0,0,0.60234,
5-scale full,5,lunar_ice_sp50_005_020_seed679026,B0_pure_direct_dp,DIRECT_DP_BASELINE_OPTIMAL,DIRECT_DP_FIXED_GRAPH_OPTIMAL,NOT_PRICED,False,1330.682244,,,,,,False,0,0,0,0,0,0,0,0,0,0,0,,,,0,0,False,False,0,0,0,0,0,0,0,0,0,0,0,0.00579,
5-scale full,5,lunar_ice_sp50_005_020_seed679026,B2_PRODUCT_EXACT_SOLVER,DIRECT_DP_BASELINE_OPTIMAL,DIRECT_DP_FIXED_GRAPH_OPTIMAL,NOT_PRICED,False,1330.682244,,,,,0.0,False,0,0,0,0,0,0,0,0,0,0,0,,,,0,0,False,False,0,0,0,0,0,0,0,0,0,0,0,0.005695,
5-scale full,5,lunar_ice_sp50_005_020_seed679026,B2B_R3_true_dual_negative_search_worker,BPC_GAP_AVAILABLE,BPC_NODE_LP_CERTIFIED,CERTIFIED_NO_NEGATIVE,True,1330.682244,1330.682244,,,,0.0,False,0,1,0,0,0,0,0,0,0,0,0,True,True,,0,0,True,False,0,0,0,0,0,0,0,0,0,0,0,0.302059,
5-scale full,5,lunar_ice_sp50_005_020_seed679026,B3A_full_universe_branch_audit,BPC_GAP_AVAILABLE,BPC_NODE_LP_CERTIFIED,CERTIFIED_NO_NEGATIVE,True,,,1330.682244,,,,False,0,1,1,1,0,0,0,0,0,0,0,True,True,True,0,0,True,False,0,0,0,0,0,0,0,0,0,0,0,0.166926,
5-scale full,5,lunar_ice_sp50_005_020_seed679026,B3B_seeded_branch_price_tree,BPC_OPTIMAL,BPC_TREE_OPTIMAL,CERTIFIED_NO_NEGATIVE,True,1330.682244,,1330.682244,1330.682244,0.0,0.0,True,1,1,1,1,0,0,0,1,0,0,0,,,,0,0,True,False,0,0,0,0,0,0,0,0,0,0,0,0.620181,
10-scale selected5,10,lunar_ice_sp50_010_001_seed729001,B0_pure_direct_dp,DIRECT_DP_BASELINE_OPTIMAL,DIRECT_DP_FIXED_GRAPH_OPTIMAL,NOT_PRICED,False,2931.301573,,,,,,False,0,0,0,0,0,0,0,0,0,0,0,,,,0,0,False,False,0,0,0,0,0,0,0,0,0,0,0,0.062569,
10-scale selected5,10,lunar_ice_sp50_010_001_seed729001,B2_PRODUCT_EXACT_SOLVER,DIRECT_DP_BASELINE_OPTIMAL,DIRECT_DP_FIXED_GRAPH_OPTIMAL,NOT_PRICED,False,2931.301573,,,,,0.0,False,0,0,0,0,0,0,0,0,0,0,0,,,,0,0,False,False,0,0,0,0,0,0,0,0,0,0,0,0.061146,
10-scale selected5,10,lunar_ice_sp50_010_001_seed729001,B2B_R3_true_dual_negative_search_worker,BPC_GAP_AVAILABLE,BPC_NODE_LP_CERTIFIED,CERTIFIED_NO_NEGATIVE,True,2931.301573,2931.301573,,,,0.0,False,0,1,0,0,0,0,0,0,0,0,0,True,True,,0,0,True,False,0,0,0,0,0,0,0,0,0,0,0,0.713689,
10-scale selected5,10,lunar_ice_sp50_010_001_seed729001,B3A_full_universe_branch_audit,BPC_INCOMPLETE_PRICING,DIAGNOSTIC_PRICING_FRONTIER,INCOMPLETE_LIMIT,False,,,,,,,False,0,0,0,0,0,0,0,0,0,0,0,,,,0,0,False,False,0,0,0,0,0,0,0,0,0,0,0,0.002177,B3A full-universe branch audit is disabled for this resource-guarded group.
10-scale selected5,10,lunar_ice_sp50_010_001_seed729001,B3B_seeded_branch_price_tree,BPC_OPTIMAL,BPC_TREE_OPTIMAL,CERTIFIED_NO_NEGATIVE,True,2931.301573,,2931.301573,2931.301573,0.0,0.0,True,1,1,1,1,0,0,0,1,0,0,0,,,,0,0,True,False,0,0,0,0,0,0,0,0,0,0,0,1.481594,
10-scale selected5,10,lunar_ice_sp50_010_002_seed729002,B0_pure_direct_dp,DIRECT_DP_BASELINE_OPTIMAL,DIRECT_DP_FIXED_GRAPH_OPTIMAL,NOT_PRICED,False,2458.986666,,,,,,False,0,0,0,0,0,0,0,0,0,0,0,,,,0,0,False,False,0,0,0,0,0,0,0,0,0,0,0,0.068738,
10-scale selected5,10,lunar_ice_sp50_010_002_seed729002,B2_PRODUCT_EXACT_SOLVER,DIRECT_DP_BASELINE_OPTIMAL,DIRECT_DP_FIXED_GRAPH_OPTIMAL,NOT_PRICED,False,2458.986666,,,,,0.0,False,0,0,0,0,0,0,0,0,0,0,0,,,,0,0,False,False,0,0,0,0,0,0,0,0,0,0,0,0.069545,
10-scale selected5,10,lunar_ice_sp50_010_002_seed729002,B2B_R3_true_dual_negative_search_worker,BPC_GAP_AVAILABLE,BPC_NODE_LP_CERTIFIED,CERTIFIED_NO_NEGATIVE,True,2458.986666,2458.986666,,,,0.0,False,0,1,0,0,0,0,0,0,0,0,0,True,True,,0,0,True,False,0,0,0,0,0,0,0,0,0,0,0,0.409908,
10-scale selected5,10,lunar_ice_sp50_010_002_seed729002,B3A_full_universe_branch_audit,BPC_INCOMPLETE_PRICING,DIAGNOSTIC_PRICING_FRONTIER,INCOMPLETE_LIMIT,False,,,,,,,False,0,0,0,0,0,0,0,0,0,0,0,,,,0,0,False,False,0,0,0,0,0,0,0,0,0,0,0,0.001939,B3A full-universe branch audit is disabled for this resource-guarded group.
10-scale selected5,10,lunar_ice_sp50_010_002_seed729002,B3B_seeded_branch_price_tree,BPC_OPTIMAL,BPC_TREE_OPTIMAL,CERTIFIED_NO_NEGATIVE,True,2458.986666,,2458.986666,2458.986666,0.0,0.0,True,1,1,1,1,0,0,0,1,0,0,0,,,,0,0,True,False,0,0,0,0,0,0,0,0,0,0,0,0.8336,
10-scale selected5,10,lunar_ice_sp50_010_003_seed729023,B0_pure_direct_dp,DIRECT_DP_BASELINE_OPTIMAL,DIRECT_DP_FIXED_GRAPH_OPTIMAL,NOT_PRICED,False,2824.685922,,,,,,False,0,0,0,0,0,0,0,0,0,0,0,,,,0,0,False,False,0,0,0,0,0,0,0,0,0,0,0,0.094818,
10-scale selected5,10,lunar_ice_sp50_010_003_seed729023,B2_PRODUCT_EXACT_SOLVER,DIRECT_DP_BASELINE_OPTIMAL,DIRECT_DP_FIXED_GRAPH_OPTIMAL,NOT_PRICED,False,2824.685922,,,,,0.0,False,0,0,0,0,0,0,0,0,0,0,0,,,,0,0,False,False,0,0,0,0,0,0,0,0,0,0,0,0.089136,
10-scale selected5,10,lunar_ice_sp50_010_003_seed729023,B2B_R3_true_dual_negative_search_worker,BPC_GAP_AVAILABLE,BPC_NODE_LP_CERTIFIED,CERTIFIED_NO_NEGATIVE,True,2824.685922,2824.685922,,,,0.0,False,0,1,0,0,0,0,0,0,0,0,0,True,True,,0,0,True,False,0,0,0,0,0,0,0,0,0,0,0,0.642237,
10-scale selected5,10,lunar_ice_sp50_010_003_seed729023,B3A_full_universe_branch_audit,BPC_INCOMPLETE_PRICING,DIAGNOSTIC_PRICING_FRONTIER,INCOMPLETE_LIMIT,False,,,,,,,False,0,0,0,0,0,0,0,0,0,0,0,,,,0,0,False,False,0,0,0,0,0,0,0,0,0,0,0,0.002053,B3A full-universe branch audit is disabled for this resource-guarded group.
10-scale selected5,10,lunar_ice_sp50_010_003_seed729023,B3B_seeded_branch_price_tree,BPC_OPTIMAL,BPC_TREE_OPTIMAL,CERTIFIED_NO_NEGATIVE,True,2824.685922,,2824.685922,2824.685922,0.0,0.0,True,1,1,1,1,0,0,0,1,0,0,0,,,,0,0,True,False,0,0,0,0,0,0,0,0,0,0,0,1.313142,
10-scale selected5,10,lunar_ice_sp50_010_004_seed729004,B0_pure_direct_dp,DIRECT_DP_BASELINE_OPTIMAL,DIRECT_DP_FIXED_GRAPH_OPTIMAL,NOT_PRICED,False,2434.053897,,,,,,False,0,0,0,0,0,0,0,0,0,0,0,,,,0,0,False,False,0,0,0,0,0,0,0,0,0,0,0,0.124712,
10-scale selected5,10,lunar_ice_sp50_010_004_seed729004,B2_PRODUCT_EXACT_SOLVER,DIRECT_DP_BASELINE_OPTIMAL,DIRECT_DP_FIXED_GRAPH_OPTIMAL,NOT_PRICED,False,2434.053897,,,,,0.0,False,0,0,0,0,0,0,0,0,0,0,0,,,,0,0,False,False,0,0,0,0,0,0,0,0,0,0,0,0.130597,
10-scale selected5,10,lunar_ice_sp50_010_004_seed729004,B2B_R3_true_dual_negative_search_worker,BPC_GAP_AVAILABLE,BPC_NODE_LP_CERTIFIED,CERTIFIED_NO_NEGATIVE,True,2434.053897,2434.053897,,,,0.0,False,0,1,0,0,0,0,0,0,0,0,0,True,True,,0,0,True,False,0,0,0,0,0,0,0,0,0,0,0,0.933412,
10-scale selected5,10,lunar_ice_sp50_010_004_seed729004,B3A_full_universe_branch_audit,BPC_INCOMPLETE_PRICING,DIAGNOSTIC_PRICING_FRONTIER,INCOMPLETE_LIMIT,False,,,,,,,False,0,0,0,0,0,0,0,0,0,0,0,,,,0,0,False,False,0,0,0,0,0,0,0,0,0,0,0,0.002204,B3A full-universe branch audit is disabled for this resource-guarded group.
10-scale selected5,10,lunar_ice_sp50_010_004_seed729004,B3B_seeded_branch_price_tree,BPC_OPTIMAL,BPC_TREE_OPTIMAL,CERTIFIED_NO_NEGATIVE,True,2434.053897,,2434.053897,2434.053897,0.0,0.0,True,1,1,1,1,0,0,0,1,0,0,0,,,,0,0,True,False,0,0,0,0,0,0,0,0,0,0,0,1.875641,
10-scale selected5,10,lunar_ice_sp50_010_005_seed729045,B0_pure_direct_dp,DIRECT_DP_BASELINE_OPTIMAL,DIRECT_DP_FIXED_GRAPH_OPTIMAL,NOT_PRICED,False,2205.952701,,,,,,False,0,0,0,0,0,0,0,0,0,0,0,,,,0,0,False,False,0,0,0,0,0,0,0,0,0,0,0,0.268237,
10-scale selected5,10,lunar_ice_sp50_010_005_seed729045,B2_PRODUCT_EXACT_SOLVER,DIRECT_DP_BASELINE_OPTIMAL,DIRECT_DP_FIXED_GRAPH_OPTIMAL,NOT_PRICED,False,2205.952701,,,,,0.0,False,0,0,0,0,0,0,0,0,0,0,0,,,,0,0,False,False,0,0,0,0,0,0,0,0,0,0,0,0.283649,
10-scale selected5,10,lunar_ice_sp50_010_005_seed729045,B2B_R3_true_dual_negative_search_worker,BPC_GAP_AVAILABLE,BPC_NODE_LP_CERTIFIED,CERTIFIED_NO_NEGATIVE,True,2205.952701,2205.952701,,,,0.0,False,0,1,0,0,0,0,0,0,0,0,0,True,True,,0,0,True,False,0,0,0,0,0,0,0,0,0,0,0,1.463509,
10-scale selected5,10,lunar_ice_sp50_010_005_seed729045,B3A_full_universe_branch_audit,BPC_INCOMPLETE_PRICING,DIAGNOSTIC_PRICING_FRONTIER,INCOMPLETE_LIMIT,False,,,,,,,False,0,0,0,0,0,0,0,0,0,0,0,,,,0,0,False,False,0,0,0,0,0,0,0,0,0,0,0,0.002416,B3A full-universe branch audit is disabled for this resource-guarded group.
10-scale selected5,10,lunar_ice_sp50_010_005_seed729045,B3B_seeded_branch_price_tree,BPC_OPTIMAL,BPC_TREE_OPTIMAL,CERTIFIED_NO_NEGATIVE,True,2205.952701,,2205.952701,2205.952701,0.0,0.0,True,1,1,1,1,0,0,0,1,0,0,0,,,,0,0,True,False,0,0,0,0,0,0,0,0,0,0,0,2.956836,
20-scale fail-closed guard,20,lunar_ice_sp50_020_001_seed829001,B0_pure_direct_dp,SKIPPED_TOO_LARGE_FOR_DIRECT_DP_BASELINE,FEASIBLE_INCUMBENT_ONLY,NOT_PRICED,False,,,,,,,False,0,0,0,0,0,0,0,0,0,0,0,,,,0,0,False,False,0,0,0,0,0,0,0,0,0,0,0,0.01929,task_count=20 exceeds max_exact_tasks=10
20-scale fail-closed guard,20,lunar_ice_sp50_020_001_seed829001,B2_PRODUCT_EXACT_SOLVER,SKIPPED_TOO_LARGE_FOR_DIRECT_DP_BASELINE,FEASIBLE_INCUMBENT_ONLY,NOT_PRICED,False,,,,,,,False,0,0,0,0,0,0,0,0,0,0,0,,,,0,0,False,False,0,0,0,0,0,0,0,0,0,0,0,0.010001,task_count=20 exceeds max_exact_tasks=10
20-scale fail-closed guard,20,lunar_ice_sp50_020_001_seed829001,B2B_R3_true_dual_negative_search_worker,BPC_INCOMPLETE_PRICING,FEASIBLE_INCUMBENT_ONLY,INCOMPLETE_LIMIT,False,,,,,,,False,0,0,0,0,0,0,0,0,0,0,0,False,False,,0,0,True,False,0,0,0,0,0,0,0,0,0,0,0,0.009388,task_count=20 exceeds B2 max_direct_tasks=10
20-scale fail-closed guard,20,lunar_ice_sp50_020_001_seed829001,B3A_full_universe_branch_audit,BPC_INCOMPLETE_PRICING,DIAGNOSTIC_PRICING_FRONTIER,INCOMPLETE_LIMIT,False,,,,,,,False,0,0,0,0,0,0,0,0,0,0,0,,,,0,0,False,False,0,0,0,0,0,0,0,0,0,0,0,0.008224,B3A full-universe branch audit is disabled for this resource-guarded group.
20-scale fail-closed guard,20,lunar_ice_sp50_020_001_seed829001,B3B_seeded_branch_price_tree,BPC_INCOMPLETE_PRICING,FEASIBLE_INCUMBENT_ONLY,INCOMPLETE_LIMIT,False,,,,,,,False,0,0,0,0,0,0,0,0,0,0,0,,,,0,0,True,False,0,0,0,0,0,0,0,0,0,0,0,0.009691,task_count=20 exceeds max_direct_tasks=10; B3 fails closed.
20-scale fail-closed guard,20,lunar_ice_sp50_020_002_seed829002,B0_pure_direct_dp,SKIPPED_TOO_LARGE_FOR_DIRECT_DP_BASELINE,FEASIBLE_INCUMBENT_ONLY,NOT_PRICED,False,,,,,,,False,0,0,0,0,0,0,0,0,0,0,0,,,,0,0,False,False,0,0,0,0,0,0,0,0,0,0,0,0.016898,task_count=20 exceeds max_exact_tasks=10
20-scale fail-closed guard,20,lunar_ice_sp50_020_002_seed829002,B2_PRODUCT_EXACT_SOLVER,SKIPPED_TOO_LARGE_FOR_DIRECT_DP_BASELINE,FEASIBLE_INCUMBENT_ONLY,NOT_PRICED,False,,,,,,,False,0,0,0,0,0,0,0,0,0,0,0,,,,0,0,False,False,0,0,0,0,0,0,0,0,0,0,0,0.007783,task_count=20 exceeds max_exact_tasks=10
20-scale fail-closed guard,20,lunar_ice_sp50_020_002_seed829002,B2B_R3_true_dual_negative_search_worker,BPC_INCOMPLETE_PRICING,FEASIBLE_INCUMBENT_ONLY,INCOMPLETE_LIMIT,False,,,,,,,False,0,0,0,0,0,0,0,0,0,0,0,False,False,,0,0,True,False,0,0,0,0,0,0,0,0,0,0,0,0.007812,task_count=20 exceeds B2 max_direct_tasks=10
20-scale fail-closed guard,20,lunar_ice_sp50_020_002_seed829002,B3A_full_universe_branch_audit,BPC_INCOMPLETE_PRICING,DIAGNOSTIC_PRICING_FRONTIER,INCOMPLETE_LIMIT,False,,,,,,,False,0,0,0,0,0,0,0,0,0,0,0,,,,0,0,False,False,0,0,0,0,0,0,0,0,0,0,0,0.008644,B3A full-universe branch audit is disabled for this resource-guarded group.
20-scale fail-closed guard,20,lunar_ice_sp50_020_002_seed829002,B3B_seeded_branch_price_tree,BPC_INCOMPLETE_PRICING,FEASIBLE_INCUMBENT_ONLY,INCOMPLETE_LIMIT,False,,,,,,,False,0,0,0,0,0,0,0,0,0,0,0,,,,0,0,True,False,0,0,0,0,0,0,0,0,0,0,0,0.008016,task_count=20 exceeds max_direct_tasks=10; B3 fails closed.
20-scale fail-closed guard,20,lunar_ice_sp50_020_003_seed829003,B0_pure_direct_dp,SKIPPED_TOO_LARGE_FOR_DIRECT_DP_BASELINE,FEASIBLE_INCUMBENT_ONLY,NOT_PRICED,False,,,,,,,False,0,0,0,0,0,0,0,0,0,0,0,,,,0,0,False,False,0,0,0,0,0,0,0,0,0,0,0,0.017232,task_count=20 exceeds max_exact_tasks=10
20-scale fail-closed guard,20,lunar_ice_sp50_020_003_seed829003,B2_PRODUCT_EXACT_SOLVER,SKIPPED_TOO_LARGE_FOR_DIRECT_DP_BASELINE,FEASIBLE_INCUMBENT_ONLY,NOT_PRICED,False,,,,,,,False,0,0,0,0,0,0,0,0,0,0,0,,,,0,0,False,False,0,0,0,0,0,0,0,0,0,0,0,0.008021,task_count=20 exceeds max_exact_tasks=10
20-scale fail-closed guard,20,lunar_ice_sp50_020_003_seed829003,B2B_R3_true_dual_negative_search_worker,BPC_INCOMPLETE_PRICING,FEASIBLE_INCUMBENT_ONLY,INCOMPLETE_LIMIT,False,,,,,,,False,0,0,0,0,0,0,0,0,0,0,0,False,False,,0,0,True,False,0,0,0,0,0,0,0,0,0,0,0,0.00756,task_count=20 exceeds B2 max_direct_tasks=10
20-scale fail-closed guard,20,lunar_ice_sp50_020_003_seed829003,B3A_full_universe_branch_audit,BPC_INCOMPLETE_PRICING,DIAGNOSTIC_PRICING_FRONTIER,INCOMPLETE_LIMIT,False,,,,,,,False,0,0,0,0,0,0,0,0,0,0,0,,,,0,0,False,False,0,0,0,0,0,0,0,0,0,0,0,0.0074,B3A full-universe branch audit is disabled for this resource-guarded group.
20-scale fail-closed guard,20,lunar_ice_sp50_020_003_seed829003,B3B_seeded_branch_price_tree,BPC_INCOMPLETE_PRICING,FEASIBLE_INCUMBENT_ONLY,INCOMPLETE_LIMIT,False,,,,,,,False,0,0,0,0,0,0,0,0,0,0,0,,,,0,0,True,False,0,0,0,0,0,0,0,0,0,0,0,0.009661,task_count=20 exceeds max_direct_tasks=10; B3 fails closed.
20-scale fail-closed guard,20,lunar_ice_sp50_020_004_seed829004,B0_pure_direct_dp,SKIPPED_TOO_LARGE_FOR_DIRECT_DP_BASELINE,FEASIBLE_INCUMBENT_ONLY,NOT_PRICED,False,,,,,,,False,0,0,0,0,0,0,0,0,0,0,0,,,,0,0,False,False,0,0,0,0,0,0,0,0,0,0,0,0.019636,task_count=20 exceeds max_exact_tasks=10
20-scale fail-closed guard,20,lunar_ice_sp50_020_004_seed829004,B2_PRODUCT_EXACT_SOLVER,SKIPPED_TOO_LARGE_FOR_DIRECT_DP_BASELINE,FEASIBLE_INCUMBENT_ONLY,NOT_PRICED,False,,,,,,,False,0,0,0,0,0,0,0,0,0,0,0,,,,0,0,False,False,0,0,0,0,0,0,0,0,0,0,0,0.008643,task_count=20 exceeds max_exact_tasks=10
20-scale fail-closed guard,20,lunar_ice_sp50_020_004_seed829004,B2B_R3_true_dual_negative_search_worker,BPC_INCOMPLETE_PRICING,FEASIBLE_INCUMBENT_ONLY,INCOMPLETE_LIMIT,False,,,,,,,False,0,0,0,0,0,0,0,0,0,0,0,False,False,,0,0,True,False,0,0,0,0,0,0,0,0,0,0,0,0.008664,task_count=20 exceeds B2 max_direct_tasks=10
20-scale fail-closed guard,20,lunar_ice_sp50_020_004_seed829004,B3A_full_universe_branch_audit,BPC_INCOMPLETE_PRICING,DIAGNOSTIC_PRICING_FRONTIER,INCOMPLETE_LIMIT,False,,,,,,,False,0,0,0,0,0,0,0,0,0,0,0,,,,0,0,False,False,0,0,0,0,0,0,0,0,0,0,0,0.007368,B3A full-universe branch audit is disabled for this resource-guarded group.
20-scale fail-closed guard,20,lunar_ice_sp50_020_004_seed829004,B3B_seeded_branch_price_tree,BPC_INCOMPLETE_PRICING,FEASIBLE_INCUMBENT_ONLY,INCOMPLETE_LIMIT,False,,,,,,,False,0,0,0,0,0,0,0,0,0,0,0,,,,0,0,True,False,0,0,0,0,0,0,0,0,0,0,0,0.008212,task_count=20 exceeds max_direct_tasks=10; B3 fails closed.
20-scale fail-closed guard,20,lunar_ice_sp50_020_005_seed829005,B0_pure_direct_dp,SKIPPED_TOO_LARGE_FOR_DIRECT_DP_BASELINE,FEASIBLE_INCUMBENT_ONLY,NOT_PRICED,False,,,,,,,False,0,0,0,0,0,0,0,0,0,0,0,,,,0,0,False,False,0,0,0,0,0,0,0,0,0,0,0,0.017634,task_count=20 exceeds max_exact_tasks=10
20-scale fail-closed guard,20,lunar_ice_sp50_020_005_seed829005,B2_PRODUCT_EXACT_SOLVER,SKIPPED_TOO_LARGE_FOR_DIRECT_DP_BASELINE,FEASIBLE_INCUMBENT_ONLY,NOT_PRICED,False,,,,,,,False,0,0,0,0,0,0,0,0,0,0,0,,,,0,0,False,False,0,0,0,0,0,0,0,0,0,0,0,0.010685,task_count=20 exceeds max_exact_tasks=10
20-scale fail-closed guard,20,lunar_ice_sp50_020_005_seed829005,B2B_R3_true_dual_negative_search_worker,BPC_INCOMPLETE_PRICING,FEASIBLE_INCUMBENT_ONLY,INCOMPLETE_LIMIT,False,,,,,,,False,0,0,0,0,0,0,0,0,0,0,0,False,False,,0,0,True,False,0,0,0,0,0,0,0,0,0,0,0,0.009248,task_count=20 exceeds B2 max_direct_tasks=10
20-scale fail-closed guard,20,lunar_ice_sp50_020_005_seed829005,B3A_full_universe_branch_audit,BPC_INCOMPLETE_PRICING,DIAGNOSTIC_PRICING_FRONTIER,INCOMPLETE_LIMIT,False,,,,,,,False,0,0,0,0,0,0,0,0,0,0,0,,,,0,0,False,False,0,0,0,0,0,0,0,0,0,0,0,0.008867,B3A full-universe branch audit is disabled for this resource-guarded group.
20-scale fail-closed guard,20,lunar_ice_sp50_020_005_seed829005,B3B_seeded_branch_price_tree,BPC_INCOMPLETE_PRICING,FEASIBLE_INCUMBENT_ONLY,INCOMPLETE_LIMIT,False,,,,,,,False,0,0,0,0,0,0,0,0,0,0,0,,,,0,0,True,False,0,0,0,0,0,0,0,0,0,0,0,0.009037,task_count=20 exceeds max_direct_tasks=10; B3 fails closed.
20-scale fail-closed guard,20,lunar_ice_sp50_020_006_seed829006,B0_pure_direct_dp,SKIPPED_TOO_LARGE_FOR_DIRECT_DP_BASELINE,FEASIBLE_INCUMBENT_ONLY,NOT_PRICED,False,,,,,,,False,0,0,0,0,0,0,0,0,0,0,0,,,,0,0,False,False,0,0,0,0,0,0,0,0,0,0,0,0.019081,task_count=20 exceeds max_exact_tasks=10
20-scale fail-closed guard,20,lunar_ice_sp50_020_006_seed829006,B2_PRODUCT_EXACT_SOLVER,SKIPPED_TOO_LARGE_FOR_DIRECT_DP_BASELINE,FEASIBLE_INCUMBENT_ONLY,NOT_PRICED,False,,,,,,,False,0,0,0,0,0,0,0,0,0,0,0,,,,0,0,False,False,0,0,0,0,0,0,0,0,0,0,0,0.00961,task_count=20 exceeds max_exact_tasks=10
20-scale fail-closed guard,20,lunar_ice_sp50_020_006_seed829006,B2B_R3_true_dual_negative_search_worker,BPC_INCOMPLETE_PRICING,FEASIBLE_INCUMBENT_ONLY,INCOMPLETE_LIMIT,False,,,,,,,False,0,0,0,0,0,0,0,0,0,0,0,False,False,,0,0,True,False,0,0,0,0,0,0,0,0,0,0,0,0.008536,task_count=20 exceeds B2 max_direct_tasks=10
20-scale fail-closed guard,20,lunar_ice_sp50_020_006_seed829006,B3A_full_universe_branch_audit,BPC_INCOMPLETE_PRICING,DIAGNOSTIC_PRICING_FRONTIER,INCOMPLETE_LIMIT,False,,,,,,,False,0,0,0,0,0,0,0,0,0,0,0,,,,0,0,False,False,0,0,0,0,0,0,0,0,0,0,0,0.007815,B3A full-universe branch audit is disabled for this resource-guarded group.
20-scale fail-closed guard,20,lunar_ice_sp50_020_006_seed829006,B3B_seeded_branch_price_tree,BPC_INCOMPLETE_PRICING,FEASIBLE_INCUMBENT_ONLY,INCOMPLETE_LIMIT,False,,,,,,,False,0,0,0,0,0,0,0,0,0,0,0,,,,0,0,True,False,0,0,0,0,0,0,0,0,0,0,0,0.009064,task_count=20 exceeds max_direct_tasks=10; B3 fails closed.
20-scale fail-closed guard,20,lunar_ice_sp50_020_007_seed829027,B0_pure_direct_dp,SKIPPED_TOO_LARGE_FOR_DIRECT_DP_BASELINE,FEASIBLE_INCUMBENT_ONLY,NOT_PRICED,False,,,,,,,False,0,0,0,0,0,0,0,0,0,0,0,,,,0,0,False,False,0,0,0,0,0,0,0,0,0,0,0,0.01806,task_count=20 exceeds max_exact_tasks=10
20-scale fail-closed guard,20,lunar_ice_sp50_020_007_seed829027,B2_PRODUCT_EXACT_SOLVER,SKIPPED_TOO_LARGE_FOR_DIRECT_DP_BASELINE,FEASIBLE_INCUMBENT_ONLY,NOT_PRICED,False,,,,,,,False,0,0,0,0,0,0,0,0,0,0,0,,,,0,0,False,False,0,0,0,0,0,0,0,0,0,0,0,0.008292,task_count=20 exceeds max_exact_tasks=10
20-scale fail-closed guard,20,lunar_ice_sp50_020_007_seed829027,B2B_R3_true_dual_negative_search_worker,BPC_INCOMPLETE_PRICING,FEASIBLE_INCUMBENT_ONLY,INCOMPLETE_LIMIT,False,,,,,,,False,0,0,0,0,0,0,0,0,0,0,0,False,False,,0,0,True,False,0,0,0,0,0,0,0,0,0,0,0,0.00876,task_count=20 exceeds B2 max_direct_tasks=10
20-scale fail-closed guard,20,lunar_ice_sp50_020_007_seed829027,B3A_full_universe_branch_audit,BPC_INCOMPLETE_PRICING,DIAGNOSTIC_PRICING_FRONTIER,INCOMPLETE_LIMIT,False,,,,,,,False,0,0,0,0,0,0,0,0,0,0,0,,,,0,0,False,False,0,0,0,0,0,0,0,0,0,0,0,0.006786,B3A full-universe branch audit is disabled for this resource-guarded group.
20-scale fail-closed guard,20,lunar_ice_sp50_020_007_seed829027,B3B_seeded_branch_price_tree,BPC_INCOMPLETE_PRICING,FEASIBLE_INCUMBENT_ONLY,INCOMPLETE_LIMIT,False,,,,,,,False,0,0,0,0,0,0,0,0,0,0,0,,,,0,0,True,False,0,0,0,0,0,0,0,0,0,0,0,0.010157,task_count=20 exceeds max_direct_tasks=10; B3 fails closed.
20-scale fail-closed guard,20,lunar_ice_sp50_020_008_seed829008,B0_pure_direct_dp,SKIPPED_TOO_LARGE_FOR_DIRECT_DP_BASELINE,FEASIBLE_INCUMBENT_ONLY,NOT_PRICED,False,,,,,,,False,0,0,0,0,0,0,0,0,0,0,0,,,,0,0,False,False,0,0,0,0,0,0,0,0,0,0,0,0.01976,task_count=20 exceeds max_exact_tasks=10
20-scale fail-closed guard,20,lunar_ice_sp50_020_008_seed829008,B2_PRODUCT_EXACT_SOLVER,SKIPPED_TOO_LARGE_FOR_DIRECT_DP_BASELINE,FEASIBLE_INCUMBENT_ONLY,NOT_PRICED,False,,,,,,,False,0,0,0,0,0,0,0,0,0,0,0,,,,0,0,False,False,0,0,0,0,0,0,0,0,0,0,0,0.008931,task_count=20 exceeds max_exact_tasks=10
20-scale fail-closed guard,20,lunar_ice_sp50_020_008_seed829008,B2B_R3_true_dual_negative_search_worker,BPC_INCOMPLETE_PRICING,FEASIBLE_INCUMBENT_ONLY,INCOMPLETE_LIMIT,False,,,,,,,False,0,0,0,0,0,0,0,0,0,0,0,False,False,,0,0,True,False,0,0,0,0,0,0,0,0,0,0,0,0.00876,task_count=20 exceeds B2 max_direct_tasks=10
20-scale fail-closed guard,20,lunar_ice_sp50_020_008_seed829008,B3A_full_universe_branch_audit,BPC_INCOMPLETE_PRICING,DIAGNOSTIC_PRICING_FRONTIER,INCOMPLETE_LIMIT,False,,,,,,,False,0,0,0,0,0,0,0,0,0,0,0,,,,0,0,False,False,0,0,0,0,0,0,0,0,0,0,0,0.007124,B3A full-universe branch audit is disabled for this resource-guarded group.
20-scale fail-closed guard,20,lunar_ice_sp50_020_008_seed829008,B3B_seeded_branch_price_tree,BPC_INCOMPLETE_PRICING,FEASIBLE_INCUMBENT_ONLY,INCOMPLETE_LIMIT,False,,,,,,,False,0,0,0,0,0,0,0,0,0,0,0,,,,0,0,True,False,0,0,0,0,0,0,0,0,0,0,0,0.009824,task_count=20 exceeds max_direct_tasks=10; B3 fails closed.
20-scale fail-closed guard,20,lunar_ice_sp50_020_009_seed829009,B0_pure_direct_dp,SKIPPED_TOO_LARGE_FOR_DIRECT_DP_BASELINE,FEASIBLE_INCUMBENT_ONLY,NOT_PRICED,False,,,,,,,False,0,0,0,0,0,0,0,0,0,0,0,,,,0,0,False,False,0,0,0,0,0,0,0,0,0,0,0,0.018036,task_count=20 exceeds max_exact_tasks=10
20-scale fail-closed guard,20,lunar_ice_sp50_020_009_seed829009,B2_PRODUCT_EXACT_SOLVER,SKIPPED_TOO_LARGE_FOR_DIRECT_DP_BASELINE,FEASIBLE_INCUMBENT_ONLY,NOT_PRICED,False,,,,,,,False,0,0,0,0,0,0,0,0,0,0,0,,,,0,0,False,False,0,0,0,0,0,0,0,0,0,0,0,0.008394,task_count=20 exceeds max_exact_tasks=10
20-scale fail-closed guard,20,lunar_ice_sp50_020_009_seed829009,B2B_R3_true_dual_negative_search_worker,BPC_INCOMPLETE_PRICING,FEASIBLE_INCUMBENT_ONLY,INCOMPLETE_LIMIT,False,,,,,,,False,0,0,0,0,0,0,0,0,0,0,0,False,False,,0,0,True,False,0,0,0,0,0,0,0,0,0,0,0,0.008221,task_count=20 exceeds B2 max_direct_tasks=10
20-scale fail-closed guard,20,lunar_ice_sp50_020_009_seed829009,B3A_full_universe_branch_audit,BPC_INCOMPLETE_PRICING,DIAGNOSTIC_PRICING_FRONTIER,INCOMPLETE_LIMIT,False,,,,,,,False,0,0,0,0,0,0,0,0,0,0,0,,,,0,0,False,False,0,0,0,0,0,0,0,0,0,0,0,0.00718,B3A full-universe branch audit is disabled for this resource-guarded group.
20-scale fail-closed guard,20,lunar_ice_sp50_020_009_seed829009,B3B_seeded_branch_price_tree,BPC_INCOMPLETE_PRICING,FEASIBLE_INCUMBENT_ONLY,INCOMPLETE_LIMIT,False,,,,,,,False,0,0,0,0,0,0,0,0,0,0,0,,,,0,0,True,False,0,0,0,0,0,0,0,0,0,0,0,0.009658,task_count=20 exceeds max_direct_tasks=10; B3 fails closed.
20-scale fail-closed guard,20,lunar_ice_sp50_020_010_seed829010,B0_pure_direct_dp,SKIPPED_TOO_LARGE_FOR_DIRECT_DP_BASELINE,FEASIBLE_INCUMBENT_ONLY,NOT_PRICED,False,,,,,,,False,0,0,0,0,0,0,0,0,0,0,0,,,,0,0,False,False,0,0,0,0,0,0,0,0,0,0,0,0.017875,task_count=20 exceeds max_exact_tasks=10
20-scale fail-closed guard,20,lunar_ice_sp50_020_010_seed829010,B2_PRODUCT_EXACT_SOLVER,SKIPPED_TOO_LARGE_FOR_DIRECT_DP_BASELINE,FEASIBLE_INCUMBENT_ONLY,NOT_PRICED,False,,,,,,,False,0,0,0,0,0,0,0,0,0,0,0,,,,0,0,False,False,0,0,0,0,0,0,0,0,0,0,0,0.008023,task_count=20 exceeds max_exact_tasks=10
20-scale fail-closed guard,20,lunar_ice_sp50_020_010_seed829010,B2B_R3_true_dual_negative_search_worker,BPC_INCOMPLETE_PRICING,FEASIBLE_INCUMBENT_ONLY,INCOMPLETE_LIMIT,False,,,,,,,False,0,0,0,0,0,0,0,0,0,0,0,False,False,,0,0,True,False,0,0,0,0,0,0,0,0,0,0,0,0.008543,task_count=20 exceeds B2 max_direct_tasks=10
20-scale fail-closed guard,20,lunar_ice_sp50_020_010_seed829010,B3A_full_universe_branch_audit,BPC_INCOMPLETE_PRICING,DIAGNOSTIC_PRICING_FRONTIER,INCOMPLETE_LIMIT,False,,,,,,,False,0,0,0,0,0,0,0,0,0,0,0,,,,0,0,False,False,0,0,0,0,0,0,0,0,0,0,0,0.007118,B3A full-universe branch audit is disabled for this resource-guarded group.
20-scale fail-closed guard,20,lunar_ice_sp50_020_010_seed829010,B3B_seeded_branch_price_tree,BPC_INCOMPLETE_PRICING,FEASIBLE_INCUMBENT_ONLY,INCOMPLETE_LIMIT,False,,,,,,,False,0,0,0,0,0,0,0,0,0,0,0,,,,0,0,True,False,0,0,0,0,0,0,0,0,0,0,0,0.00921,task_count=20 exceeds max_direct_tasks=10; B3 fails closed.
20-scale fail-closed guard,20,lunar_ice_sp50_020_011_seed829011,B0_pure_direct_dp,SKIPPED_TOO_LARGE_FOR_DIRECT_DP_BASELINE,FEASIBLE_INCUMBENT_ONLY,NOT_PRICED,False,,,,,,,False,0,0,0,0,0,0,0,0,0,0,0,,,,0,0,False,False,0,0,0,0,0,0,0,0,0,0,0,0.020483,task_count=20 exceeds max_exact_tasks=10
20-scale fail-closed guard,20,lunar_ice_sp50_020_011_seed829011,B2_PRODUCT_EXACT_SOLVER,SKIPPED_TOO_LARGE_FOR_DIRECT_DP_BASELINE,FEASIBLE_INCUMBENT_ONLY,NOT_PRICED,False,,,,,,,False,0,0,0,0,0,0,0,0,0,0,0,,,,0,0,False,False,0,0,0,0,0,0,0,0,0,0,0,0.008414,task_count=20 exceeds max_exact_tasks=10
20-scale fail-closed guard,20,lunar_ice_sp50_020_011_seed829011,B2B_R3_true_dual_negative_search_worker,BPC_INCOMPLETE_PRICING,FEASIBLE_INCUMBENT_ONLY,INCOMPLETE_LIMIT,False,,,,,,,False,0,0,0,0,0,0,0,0,0,0,0,False,False,,0,0,True,False,0,0,0,0,0,0,0,0,0,0,0,0.008666,task_count=20 exceeds B2 max_direct_tasks=10
20-scale fail-closed guard,20,lunar_ice_sp50_020_011_seed829011,B3A_full_universe_branch_audit,BPC_INCOMPLETE_PRICING,DIAGNOSTIC_PRICING_FRONTIER,INCOMPLETE_LIMIT,False,,,,,,,False,0,0,0,0,0,0,0,0,0,0,0,,,,0,0,False,False,0,0,0,0,0,0,0,0,0,0,0,0.007683,B3A full-universe branch audit is disabled for this resource-guarded group.
20-scale fail-closed guard,20,lunar_ice_sp50_020_011_seed829011,B3B_seeded_branch_price_tree,BPC_INCOMPLETE_PRICING,FEASIBLE_INCUMBENT_ONLY,INCOMPLETE_LIMIT,False,,,,,,,False,0,0,0,0,0,0,0,0,0,0,0,,,,0,0,True,False,0,0,0,0,0,0,0,0,0,0,0,0.009058,task_count=20 exceeds max_direct_tasks=10; B3 fails closed.
20-scale fail-closed guard,20,lunar_ice_sp50_020_012_seed829012,B0_pure_direct_dp,SKIPPED_TOO_LARGE_FOR_DIRECT_DP_BASELINE,FEASIBLE_INCUMBENT_ONLY,NOT_PRICED,False,,,,,,,False,0,0,0,0,0,0,0,0,0,0,0,,,,0,0,False,False,0,0,0,0,0,0,0,0,0,0,0,0.018364,task_count=20 exceeds max_exact_tasks=10
20-scale fail-closed guard,20,lunar_ice_sp50_020_012_seed829012,B2_PRODUCT_EXACT_SOLVER,SKIPPED_TOO_LARGE_FOR_DIRECT_DP_BASELINE,FEASIBLE_INCUMBENT_ONLY,NOT_PRICED,False,,,,,,,False,0,0,0,0,0,0,0,0,0,0,0,,,,0,0,False,False,0,0,0,0,0,0,0,0,0,0,0,0.007697,task_count=20 exceeds max_exact_tasks=10
20-scale fail-closed guard,20,lunar_ice_sp50_020_012_seed829012,B2B_R3_true_dual_negative_search_worker,BPC_INCOMPLETE_PRICING,FEASIBLE_INCUMBENT_ONLY,INCOMPLETE_LIMIT,False,,,,,,,False,0,0,0,0,0,0,0,0,0,0,0,False,False,,0,0,True,False,0,0,0,0,0,0,0,0,0,0,0,0.008721,task_count=20 exceeds B2 max_direct_tasks=10
20-scale fail-closed guard,20,lunar_ice_sp50_020_012_seed829012,B3A_full_universe_branch_audit,BPC_INCOMPLETE_PRICING,DIAGNOSTIC_PRICING_FRONTIER,INCOMPLETE_LIMIT,False,,,,,,,False,0,0,0,0,0,0,0,0,0,0,0,,,,0,0,False,False,0,0,0,0,0,0,0,0,0,0,0,0.00712,B3A full-universe branch audit is disabled for this resource-guarded group.
20-scale fail-closed guard,20,lunar_ice_sp50_020_012_seed829012,B3B_seeded_branch_price_tree,BPC_INCOMPLETE_PRICING,FEASIBLE_INCUMBENT_ONLY,INCOMPLETE_LIMIT,False,,,,,,,False,0,0,0,0,0,0,0,0,0,0,0,,,,0,0,True,False,0,0,0,0,0,0,0,0,0,0,0,0.008736,task_count=20 exceeds max_direct_tasks=10; B3 fails closed.
20-scale fail-closed guard,20,lunar_ice_sp50_020_013_seed829013,B0_pure_direct_dp,SKIPPED_TOO_LARGE_FOR_DIRECT_DP_BASELINE,FEASIBLE_INCUMBENT_ONLY,NOT_PRICED,False,,,,,,,False,0,0,0,0,0,0,0,0,0,0,0,,,,0,0,False,False,0,0,0,0,0,0,0,0,0,0,0,0.015316,task_count=20 exceeds max_exact_tasks=10
20-scale fail-closed guard,20,lunar_ice_sp50_020_013_seed829013,B2_PRODUCT_EXACT_SOLVER,SKIPPED_TOO_LARGE_FOR_DIRECT_DP_BASELINE,FEASIBLE_INCUMBENT_ONLY,NOT_PRICED,False,,,,,,,False,0,0,0,0,0,0,0,0,0,0,0,,,,0,0,False,False,0,0,0,0,0,0,0,0,0,0,0,0.009161,task_count=20 exceeds max_exact_tasks=10
20-scale fail-closed guard,20,lunar_ice_sp50_020_013_seed829013,B2B_R3_true_dual_negative_search_worker,BPC_INCOMPLETE_PRICING,FEASIBLE_INCUMBENT_ONLY,INCOMPLETE_LIMIT,False,,,,,,,False,0,0,0,0,0,0,0,0,0,0,0,False,False,,0,0,True,False,0,0,0,0,0,0,0,0,0,0,0,0.007922,task_count=20 exceeds B2 max_direct_tasks=10
20-scale fail-closed guard,20,lunar_ice_sp50_020_013_seed829013,B3A_full_universe_branch_audit,BPC_INCOMPLETE_PRICING,DIAGNOSTIC_PRICING_FRONTIER,INCOMPLETE_LIMIT,False,,,,,,,False,0,0,0,0,0,0,0,0,0,0,0,,,,0,0,False,False,0,0,0,0,0,0,0,0,0,0,0,0.009086,B3A full-universe branch audit is disabled for this resource-guarded group.
20-scale fail-closed guard,20,lunar_ice_sp50_020_013_seed829013,B3B_seeded_branch_price_tree,BPC_INCOMPLETE_PRICING,FEASIBLE_INCUMBENT_ONLY,INCOMPLETE_LIMIT,False,,,,,,,False,0,0,0,0,0,0,0,0,0,0,0,,,,0,0,True,False,0,0,0,0,0,0,0,0,0,0,0,0.009471,task_count=20 exceeds max_direct_tasks=10; B3 fails closed.
20-scale fail-closed guard,20,lunar_ice_sp50_020_014_seed829014,B0_pure_direct_dp,SKIPPED_TOO_LARGE_FOR_DIRECT_DP_BASELINE,FEASIBLE_INCUMBENT_ONLY,NOT_PRICED,False,,,,,,,False,0,0,0,0,0,0,0,0,0,0,0,,,,0,0,False,False,0,0,0,0,0,0,0,0,0,0,0,0.021404,task_count=20 exceeds max_exact_tasks=10
20-scale fail-closed guard,20,lunar_ice_sp50_020_014_seed829014,B2_PRODUCT_EXACT_SOLVER,SKIPPED_TOO_LARGE_FOR_DIRECT_DP_BASELINE,FEASIBLE_INCUMBENT_ONLY,NOT_PRICED,False,,,,,,,False,0,0,0,0,0,0,0,0,0,0,0,,,,0,0,False,False,0,0,0,0,0,0,0,0,0,0,0,0.007717,task_count=20 exceeds max_exact_tasks=10
20-scale fail-closed guard,20,lunar_ice_sp50_020_014_seed829014,B2B_R3_true_dual_negative_search_worker,BPC_INCOMPLETE_PRICING,FEASIBLE_INCUMBENT_ONLY,INCOMPLETE_LIMIT,False,,,,,,,False,0,0,0,0,0,0,0,0,0,0,0,False,False,,0,0,True,False,0,0,0,0,0,0,0,0,0,0,0,0.009455,task_count=20 exceeds B2 max_direct_tasks=10
20-scale fail-closed guard,20,lunar_ice_sp50_020_014_seed829014,B3A_full_universe_branch_audit,BPC_INCOMPLETE_PRICING,DIAGNOSTIC_PRICING_FRONTIER,INCOMPLETE_LIMIT,False,,,,,,,False,0,0,0,0,0,0,0,0,0,0,0,,,,0,0,False,False,0,0,0,0,0,0,0,0,0,0,0,0.007634,B3A full-universe branch audit is disabled for this resource-guarded group.
20-scale fail-closed guard,20,lunar_ice_sp50_020_014_seed829014,B3B_seeded_branch_price_tree,BPC_INCOMPLETE_PRICING,FEASIBLE_INCUMBENT_ONLY,INCOMPLETE_LIMIT,False,,,,,,,False,0,0,0,0,0,0,0,0,0,0,0,,,,0,0,True,False,0,0,0,0,0,0,0,0,0,0,0,0.010551,task_count=20 exceeds max_direct_tasks=10; B3 fails closed.
20-scale fail-closed guard,20,lunar_ice_sp50_020_015_seed829015,B0_pure_direct_dp,SKIPPED_TOO_LARGE_FOR_DIRECT_DP_BASELINE,FEASIBLE_INCUMBENT_ONLY,NOT_PRICED,False,,,,,,,False,0,0,0,0,0,0,0,0,0,0,0,,,,0,0,False,False,0,0,0,0,0,0,0,0,0,0,0,0.020124,task_count=20 exceeds max_exact_tasks=10
20-scale fail-closed guard,20,lunar_ice_sp50_020_015_seed829015,B2_PRODUCT_EXACT_SOLVER,SKIPPED_TOO_LARGE_FOR_DIRECT_DP_BASELINE,FEASIBLE_INCUMBENT_ONLY,NOT_PRICED,False,,,,,,,False,0,0,0,0,0,0,0,0,0,0,0,,,,0,0,False,False,0,0,0,0,0,0,0,0,0,0,0,0.00881,task_count=20 exceeds max_exact_tasks=10
20-scale fail-closed guard,20,lunar_ice_sp50_020_015_seed829015,B2B_R3_true_dual_negative_search_worker,BPC_INCOMPLETE_PRICING,FEASIBLE_INCUMBENT_ONLY,INCOMPLETE_LIMIT,False,,,,,,,False,0,0,0,0,0,0,0,0,0,0,0,False,False,,0,0,True,False,0,0,0,0,0,0,0,0,0,0,0,0.01322,task_count=20 exceeds B2 max_direct_tasks=10
20-scale fail-closed guard,20,lunar_ice_sp50_020_015_seed829015,B3A_full_universe_branch_audit,BPC_INCOMPLETE_PRICING,DIAGNOSTIC_PRICING_FRONTIER,INCOMPLETE_LIMIT,False,,,,,,,False,0,0,0,0,0,0,0,0,0,0,0,,,,0,0,False,False,0,0,0,0,0,0,0,0,0,0,0,0.008918,B3A full-universe branch audit is disabled for this resource-guarded group.
20-scale fail-closed guard,20,lunar_ice_sp50_020_015_seed829015,B3B_seeded_branch_price_tree,BPC_INCOMPLETE_PRICING,FEASIBLE_INCUMBENT_ONLY,INCOMPLETE_LIMIT,False,,,,,,,False,0,0,0,0,0,0,0,0,0,0,0,,,,0,0,True,False,0,0,0,0,0,0,0,0,0,0,0,0.012093,task_count=20 exceeds max_direct_tasks=10; B3 fails closed.
20-scale fail-closed guard,20,lunar_ice_sp50_020_016_seed829016,B0_pure_direct_dp,SKIPPED_TOO_LARGE_FOR_DIRECT_DP_BASELINE,FEASIBLE_INCUMBENT_ONLY,NOT_PRICED,False,,,,,,,False,0,0,0,0,0,0,0,0,0,0,0,,,,0,0,False,False,0,0,0,0,0,0,0,0,0,0,0,0.019435,task_count=20 exceeds max_exact_tasks=10
20-scale fail-closed guard,20,lunar_ice_sp50_020_016_seed829016,B2_PRODUCT_EXACT_SOLVER,SKIPPED_TOO_LARGE_FOR_DIRECT_DP_BASELINE,FEASIBLE_INCUMBENT_ONLY,NOT_PRICED,False,,,,,,,False,0,0,0,0,0,0,0,0,0,0,0,,,,0,0,False,False,0,0,0,0,0,0,0,0,0,0,0,0.007988,task_count=20 exceeds max_exact_tasks=10
20-scale fail-closed guard,20,lunar_ice_sp50_020_016_seed829016,B2B_R3_true_dual_negative_search_worker,BPC_INCOMPLETE_PRICING,FEASIBLE_INCUMBENT_ONLY,INCOMPLETE_LIMIT,False,,,,,,,False,0,0,0,0,0,0,0,0,0,0,0,False,False,,0,0,True,False,0,0,0,0,0,0,0,0,0,0,0,0.007951,task_count=20 exceeds B2 max_direct_tasks=10
20-scale fail-closed guard,20,lunar_ice_sp50_020_016_seed829016,B3A_full_universe_branch_audit,BPC_INCOMPLETE_PRICING,DIAGNOSTIC_PRICING_FRONTIER,INCOMPLETE_LIMIT,False,,,,,,,False,0,0,0,0,0,0,0,0,0,0,0,,,,0,0,False,False,0,0,0,0,0,0,0,0,0,0,0,0.007338,B3A full-universe branch audit is disabled for this resource-guarded group.
20-scale fail-closed guard,20,lunar_ice_sp50_020_016_seed829016,B3B_seeded_branch_price_tree,BPC_INCOMPLETE_PRICING,FEASIBLE_INCUMBENT_ONLY,INCOMPLETE_LIMIT,False,,,,,,,False,0,0,0,0,0,0,0,0,0,0,0,,,,0,0,True,False,0,0,0,0,0,0,0,0,0,0,0,0.008436,task_count=20 exceeds max_direct_tasks=10; B3 fails closed.
20-scale fail-closed guard,20,lunar_ice_sp50_020_017_seed829017,B0_pure_direct_dp,SKIPPED_TOO_LARGE_FOR_DIRECT_DP_BASELINE,FEASIBLE_INCUMBENT_ONLY,NOT_PRICED,False,,,,,,,False,0,0,0,0,0,0,0,0,0,0,0,,,,0,0,False,False,0,0,0,0,0,0,0,0,0,0,0,0.017025,task_count=20 exceeds max_exact_tasks=10
20-scale fail-closed guard,20,lunar_ice_sp50_020_017_seed829017,B2_PRODUCT_EXACT_SOLVER,SKIPPED_TOO_LARGE_FOR_DIRECT_DP_BASELINE,FEASIBLE_INCUMBENT_ONLY,NOT_PRICED,False,,,,,,,False,0,0,0,0,0,0,0,0,0,0,0,,,,0,0,False,False,0,0,0,0,0,0,0,0,0,0,0,0.008793,task_count=20 exceeds max_exact_tasks=10
20-scale fail-closed guard,20,lunar_ice_sp50_020_017_seed829017,B2B_R3_true_dual_negative_search_worker,BPC_INCOMPLETE_PRICING,FEASIBLE_INCUMBENT_ONLY,INCOMPLETE_LIMIT,False,,,,,,,False,0,0,0,0,0,0,0,0,0,0,0,False,False,,0,0,True,False,0,0,0,0,0,0,0,0,0,0,0,0.008937,task_count=20 exceeds B2 max_direct_tasks=10
20-scale fail-closed guard,20,lunar_ice_sp50_020_017_seed829017,B3A_full_universe_branch_audit,BPC_INCOMPLETE_PRICING,DIAGNOSTIC_PRICING_FRONTIER,INCOMPLETE_LIMIT,False,,,,,,,False,0,0,0,0,0,0,0,0,0,0,0,,,,0,0,False,False,0,0,0,0,0,0,0,0,0,0,0,0.008388,B3A full-universe branch audit is disabled for this resource-guarded group.
20-scale fail-closed guard,20,lunar_ice_sp50_020_017_seed829017,B3B_seeded_branch_price_tree,BPC_INCOMPLETE_PRICING,FEASIBLE_INCUMBENT_ONLY,INCOMPLETE_LIMIT,False,,,,,,,False,0,0,0,0,0,0,0,0,0,0,0,,,,0,0,True,False,0,0,0,0,0,0,0,0,0,0,0,0.009817,task_count=20 exceeds max_direct_tasks=10; B3 fails closed.
20-scale fail-closed guard,20,lunar_ice_sp50_020_018_seed829018,B0_pure_direct_dp,SKIPPED_TOO_LARGE_FOR_DIRECT_DP_BASELINE,FEASIBLE_INCUMBENT_ONLY,NOT_PRICED,False,,,,,,,False,0,0,0,0,0,0,0,0,0,0,0,,,,0,0,False,False,0,0,0,0,0,0,0,0,0,0,0,0.019964,task_count=20 exceeds max_exact_tasks=10
20-scale fail-closed guard,20,lunar_ice_sp50_020_018_seed829018,B2_PRODUCT_EXACT_SOLVER,SKIPPED_TOO_LARGE_FOR_DIRECT_DP_BASELINE,FEASIBLE_INCUMBENT_ONLY,NOT_PRICED,False,,,,,,,False,0,0,0,0,0,0,0,0,0,0,0,,,,0,0,False,False,0,0,0,0,0,0,0,0,0,0,0,0.009238,task_count=20 exceeds max_exact_tasks=10
20-scale fail-closed guard,20,lunar_ice_sp50_020_018_seed829018,B2B_R3_true_dual_negative_search_worker,BPC_INCOMPLETE_PRICING,FEASIBLE_INCUMBENT_ONLY,INCOMPLETE_LIMIT,False,,,,,,,False,0,0,0,0,0,0,0,0,0,0,0,False,False,,0,0,True,False,0,0,0,0,0,0,0,0,0,0,0,0.007983,task_count=20 exceeds B2 max_direct_tasks=10
20-scale fail-closed guard,20,lunar_ice_sp50_020_018_seed829018,B3A_full_universe_branch_audit,BPC_INCOMPLETE_PRICING,DIAGNOSTIC_PRICING_FRONTIER,INCOMPLETE_LIMIT,False,,,,,,,False,0,0,0,0,0,0,0,0,0,0,0,,,,0,0,False,False,0,0,0,0,0,0,0,0,0,0,0,0.010281,B3A full-universe branch audit is disabled for this resource-guarded group.
20-scale fail-closed guard,20,lunar_ice_sp50_020_018_seed829018,B3B_seeded_branch_price_tree,BPC_INCOMPLETE_PRICING,FEASIBLE_INCUMBENT_ONLY,INCOMPLETE_LIMIT,False,,,,,,,False,0,0,0,0,0,0,0,0,0,0,0,,,,0,0,True,False,0,0,0,0,0,0,0,0,0,0,0,0.009813,task_count=20 exceeds max_direct_tasks=10; B3 fails closed.
20-scale fail-closed guard,20,lunar_ice_sp50_020_019_seed829019,B0_pure_direct_dp,SKIPPED_TOO_LARGE_FOR_DIRECT_DP_BASELINE,FEASIBLE_INCUMBENT_ONLY,NOT_PRICED,False,,,,,,,False,0,0,0,0,0,0,0,0,0,0,0,,,,0,0,False,False,0,0,0,0,0,0,0,0,0,0,0,0.021726,task_count=20 exceeds max_exact_tasks=10
20-scale fail-closed guard,20,lunar_ice_sp50_020_019_seed829019,B2_PRODUCT_EXACT_SOLVER,SKIPPED_TOO_LARGE_FOR_DIRECT_DP_BASELINE,FEASIBLE_INCUMBENT_ONLY,NOT_PRICED,False,,,,,,,False,0,0,0,0,0,0,0,0,0,0,0,,,,0,0,False,False,0,0,0,0,0,0,0,0,0,0,0,0.009334,task_count=20 exceeds max_exact_tasks=10
20-scale fail-closed guard,20,lunar_ice_sp50_020_019_seed829019,B2B_R3_true_dual_negative_search_worker,BPC_INCOMPLETE_PRICING,FEASIBLE_INCUMBENT_ONLY,INCOMPLETE_LIMIT,False,,,,,,,False,0,0,0,0,0,0,0,0,0,0,0,False,False,,0,0,True,False,0,0,0,0,0,0,0,0,0,0,0,0.008532,task_count=20 exceeds B2 max_direct_tasks=10
20-scale fail-closed guard,20,lunar_ice_sp50_020_019_seed829019,B3A_full_universe_branch_audit,BPC_INCOMPLETE_PRICING,DIAGNOSTIC_PRICING_FRONTIER,INCOMPLETE_LIMIT,False,,,,,,,False,0,0,0,0,0,0,0,0,0,0,0,,,,0,0,False,False,0,0,0,0,0,0,0,0,0,0,0,0.008408,B3A full-universe branch audit is disabled for this resource-guarded group.
20-scale fail-closed guard,20,lunar_ice_sp50_020_019_seed829019,B3B_seeded_branch_price_tree,BPC_INCOMPLETE_PRICING,FEASIBLE_INCUMBENT_ONLY,INCOMPLETE_LIMIT,False,,,,,,,False,0,0,0,0,0,0,0,0,0,0,0,,,,0,0,True,False,0,0,0,0,0,0,0,0,0,0,0,0.009527,task_count=20 exceeds max_direct_tasks=10; B3 fails closed.
20-scale fail-closed guard,20,lunar_ice_sp50_020_020_seed829020,B0_pure_direct_dp,SKIPPED_TOO_LARGE_FOR_DIRECT_DP_BASELINE,FEASIBLE_INCUMBENT_ONLY,NOT_PRICED,False,,,,,,,False,0,0,0,0,0,0,0,0,0,0,0,,,,0,0,False,False,0,0,0,0,0,0,0,0,0,0,0,0.019424,task_count=20 exceeds max_exact_tasks=10
20-scale fail-closed guard,20,lunar_ice_sp50_020_020_seed829020,B2_PRODUCT_EXACT_SOLVER,SKIPPED_TOO_LARGE_FOR_DIRECT_DP_BASELINE,FEASIBLE_INCUMBENT_ONLY,NOT_PRICED,False,,,,,,,False,0,0,0,0,0,0,0,0,0,0,0,,,,0,0,False,False,0,0,0,0,0,0,0,0,0,0,0,0.008425,task_count=20 exceeds max_exact_tasks=10
20-scale fail-closed guard,20,lunar_ice_sp50_020_020_seed829020,B2B_R3_true_dual_negative_search_worker,BPC_INCOMPLETE_PRICING,FEASIBLE_INCUMBENT_ONLY,INCOMPLETE_LIMIT,False,,,,,,,False,0,0,0,0,0,0,0,0,0,0,0,False,False,,0,0,True,False,0,0,0,0,0,0,0,0,0,0,0,0.009049,task_count=20 exceeds B2 max_direct_tasks=10
20-scale fail-closed guard,20,lunar_ice_sp50_020_020_seed829020,B3A_full_universe_branch_audit,BPC_INCOMPLETE_PRICING,DIAGNOSTIC_PRICING_FRONTIER,INCOMPLETE_LIMIT,False,,,,,,,False,0,0,0,0,0,0,0,0,0,0,0,,,,0,0,False,False,0,0,0,0,0,0,0,0,0,0,0,0.008229,B3A full-universe branch audit is disabled for this resource-guarded group.
20-scale fail-closed guard,20,lunar_ice_sp50_020_020_seed829020,B3B_seeded_branch_price_tree,BPC_INCOMPLETE_PRICING,FEASIBLE_INCUMBENT_ONLY,INCOMPLETE_LIMIT,False,,,,,,,False,0,0,0,0,0,0,0,0,0,0,0,,,,0,0,True,False,0,0,0,0,0,0,0,0,0,0,0,0.010481,task_count=20 exceeds max_direct_tasks=10; B3 fails closed.
30-scale fail-closed diagnostic,30,lunar_ice_sp50_030_001_seed929001,B0_pure_direct_dp,SKIPPED_TOO_LARGE_FOR_DIRECT_DP_BASELINE,FEASIBLE_INCUMBENT_ONLY,NOT_PRICED,False,,,,,,,False,0,0,0,0,0,0,0,0,0,0,0,,,,0,0,False,False,0,0,0,0,0,0,0,0,0,0,0,0.035189,task_count=30 exceeds max_exact_tasks=10
30-scale fail-closed diagnostic,30,lunar_ice_sp50_030_001_seed929001,B2_PRODUCT_EXACT_SOLVER,SKIPPED_TOO_LARGE_FOR_DIRECT_DP_BASELINE,FEASIBLE_INCUMBENT_ONLY,NOT_PRICED,False,,,,,,,False,0,0,0,0,0,0,0,0,0,0,0,,,,0,0,False,False,0,0,0,0,0,0,0,0,0,0,0,0.020041,task_count=30 exceeds max_exact_tasks=10
30-scale fail-closed diagnostic,30,lunar_ice_sp50_030_001_seed929001,B2B_R3_true_dual_negative_search_worker,BPC_INCOMPLETE_PRICING,FEASIBLE_INCUMBENT_ONLY,INCOMPLETE_LIMIT,False,,,,,,,False,0,0,0,0,0,0,0,0,0,0,0,False,False,,0,0,True,False,0,0,0,0,0,0,0,0,0,0,0,0.020737,task_count=30 exceeds B2 max_direct_tasks=10
30-scale fail-closed diagnostic,30,lunar_ice_sp50_030_001_seed929001,B3A_full_universe_branch_audit,BPC_INCOMPLETE_PRICING,DIAGNOSTIC_PRICING_FRONTIER,INCOMPLETE_LIMIT,False,,,,,,,False,0,0,0,0,0,0,0,0,0,0,0,,,,0,0,False,False,0,0,0,0,0,0,0,0,0,0,0,0.02188,B3A full-universe branch audit is disabled for this resource-guarded group.
30-scale fail-closed diagnostic,30,lunar_ice_sp50_030_001_seed929001,B3B_seeded_branch_price_tree,BPC_INCOMPLETE_PRICING,FEASIBLE_INCUMBENT_ONLY,INCOMPLETE_LIMIT,False,,,,,,,False,0,0,0,0,0,0,0,0,0,0,0,,,,0,0,True,False,0,0,0,0,0,0,0,0,0,0,0,0.022978,task_count=30 exceeds max_direct_tasks=10; B3 fails closed.
30-scale fail-closed diagnostic,30,lunar_ice_sp50_030_002_seed929002,B0_pure_direct_dp,SKIPPED_TOO_LARGE_FOR_DIRECT_DP_BASELINE,FEASIBLE_INCUMBENT_ONLY,NOT_PRICED,False,,,,,,,False,0,0,0,0,0,0,0,0,0,0,0,,,,0,0,False,False,0,0,0,0,0,0,0,0,0,0,0,0.037802,task_count=30 exceeds max_exact_tasks=10
30-scale fail-closed diagnostic,30,lunar_ice_sp50_030_002_seed929002,B2_PRODUCT_EXACT_SOLVER,SKIPPED_TOO_LARGE_FOR_DIRECT_DP_BASELINE,FEASIBLE_INCUMBENT_ONLY,NOT_PRICED,False,,,,,,,False,0,0,0,0,0,0,0,0,0,0,0,,,,0,0,False,False,0,0,0,0,0,0,0,0,0,0,0,0.01774,task_count=30 exceeds max_exact_tasks=10
30-scale fail-closed diagnostic,30,lunar_ice_sp50_030_002_seed929002,B2B_R3_true_dual_negative_search_worker,BPC_INCOMPLETE_PRICING,FEASIBLE_INCUMBENT_ONLY,INCOMPLETE_LIMIT,False,,,,,,,False,0,0,0,0,0,0,0,0,0,0,0,False,False,,0,0,True,False,0,0,0,0,0,0,0,0,0,0,0,0.017172,task_count=30 exceeds B2 max_direct_tasks=10
30-scale fail-closed diagnostic,30,lunar_ice_sp50_030_002_seed929002,B3A_full_universe_branch_audit,BPC_INCOMPLETE_PRICING,DIAGNOSTIC_PRICING_FRONTIER,INCOMPLETE_LIMIT,False,,,,,,,False,0,0,0,0,0,0,0,0,0,0,0,,,,0,0,False,False,0,0,0,0,0,0,0,0,0,0,0,0.017904,B3A full-universe branch audit is disabled for this resource-guarded group.
30-scale fail-closed diagnostic,30,lunar_ice_sp50_030_002_seed929002,B3B_seeded_branch_price_tree,BPC_INCOMPLETE_PRICING,FEASIBLE_INCUMBENT_ONLY,INCOMPLETE_LIMIT,False,,,,,,,False,0,0,0,0,0,0,0,0,0,0,0,,,,0,0,True,False,0,0,0,0,0,0,0,0,0,0,0,0.020415,task_count=30 exceeds max_direct_tasks=10; B3 fails closed.
30-scale fail-closed diagnostic,30,lunar_ice_sp50_030_003_seed929003,B0_pure_direct_dp,SKIPPED_TOO_LARGE_FOR_DIRECT_DP_BASELINE,FEASIBLE_INCUMBENT_ONLY,NOT_PRICED,False,,,,,,,False,0,0,0,0,0,0,0,0,0,0,0,,,,0,0,False,False,0,0,0,0,0,0,0,0,0,0,0,0.04835,task_count=30 exceeds max_exact_tasks=10
30-scale fail-closed diagnostic,30,lunar_ice_sp50_030_003_seed929003,B2_PRODUCT_EXACT_SOLVER,SKIPPED_TOO_LARGE_FOR_DIRECT_DP_BASELINE,FEASIBLE_INCUMBENT_ONLY,NOT_PRICED,False,,,,,,,False,0,0,0,0,0,0,0,0,0,0,0,,,,0,0,False,False,0,0,0,0,0,0,0,0,0,0,0,0.020794,task_count=30 exceeds max_exact_tasks=10
30-scale fail-closed diagnostic,30,lunar_ice_sp50_030_003_seed929003,B2B_R3_true_dual_negative_search_worker,BPC_INCOMPLETE_PRICING,FEASIBLE_INCUMBENT_ONLY,INCOMPLETE_LIMIT,False,,,,,,,False,0,0,0,0,0,0,0,0,0,0,0,False,False,,0,0,True,False,0,0,0,0,0,0,0,0,0,0,0,0.019636,task_count=30 exceeds B2 max_direct_tasks=10
30-scale fail-closed diagnostic,30,lunar_ice_sp50_030_003_seed929003,B3A_full_universe_branch_audit,BPC_INCOMPLETE_PRICING,DIAGNOSTIC_PRICING_FRONTIER,INCOMPLETE_LIMIT,False,,,,,,,False,0,0,0,0,0,0,0,0,0,0,0,,,,0,0,False,False,0,0,0,0,0,0,0,0,0,0,0,0.018993,B3A full-universe branch audit is disabled for this resource-guarded group.
30-scale fail-closed diagnostic,30,lunar_ice_sp50_030_003_seed929003,B3B_seeded_branch_price_tree,BPC_INCOMPLETE_PRICING,FEASIBLE_INCUMBENT_ONLY,INCOMPLETE_LIMIT,False,,,,,,,False,0,0,0,0,0,0,0,0,0,0,0,,,,0,0,True,False,0,0,0,0,0,0,0,0,0,0,0,0.022584,task_count=30 exceeds max_direct_tasks=10; B3 fails closed.
30-scale fail-closed diagnostic,30,lunar_ice_sp50_030_004_seed929004,B0_pure_direct_dp,SKIPPED_TOO_LARGE_FOR_DIRECT_DP_BASELINE,FEASIBLE_INCUMBENT_ONLY,NOT_PRICED,False,,,,,,,False,0,0,0,0,0,0,0,0,0,0,0,,,,0,0,False,False,0,0,0,0,0,0,0,0,0,0,0,0.038784,task_count=30 exceeds max_exact_tasks=10
30-scale fail-closed diagnostic,30,lunar_ice_sp50_030_004_seed929004,B2_PRODUCT_EXACT_SOLVER,SKIPPED_TOO_LARGE_FOR_DIRECT_DP_BASELINE,FEASIBLE_INCUMBENT_ONLY,NOT_PRICED,False,,,,,,,False,0,0,0,0,0,0,0,0,0,0,0,,,,0,0,False,False,0,0,0,0,0,0,0,0,0,0,0,0.021164,task_count=30 exceeds max_exact_tasks=10
30-scale fail-closed diagnostic,30,lunar_ice_sp50_030_004_seed929004,B2B_R3_true_dual_negative_search_worker,BPC_INCOMPLETE_PRICING,FEASIBLE_INCUMBENT_ONLY,INCOMPLETE_LIMIT,False,,,,,,,False,0,0,0,0,0,0,0,0,0,0,0,False,False,,0,0,True,False,0,0,0,0,0,0,0,0,0,0,0,0.018128,task_count=30 exceeds B2 max_direct_tasks=10
30-scale fail-closed diagnostic,30,lunar_ice_sp50_030_004_seed929004,B3A_full_universe_branch_audit,BPC_INCOMPLETE_PRICING,DIAGNOSTIC_PRICING_FRONTIER,INCOMPLETE_LIMIT,False,,,,,,,False,0,0,0,0,0,0,0,0,0,0,0,,,,0,0,False,False,0,0,0,0,0,0,0,0,0,0,0,0.017129,B3A full-universe branch audit is disabled for this resource-guarded group.
30-scale fail-closed diagnostic,30,lunar_ice_sp50_030_004_seed929004,B3B_seeded_branch_price_tree,BPC_INCOMPLETE_PRICING,FEASIBLE_INCUMBENT_ONLY,INCOMPLETE_LIMIT,False,,,,,,,False,0,0,0,0,0,0,0,0,0,0,0,,,,0,0,True,False,0,0,0,0,0,0,0,0,0,0,0,0.020856,task_count=30 exceeds max_direct_tasks=10; B3 fails closed.
30-scale fail-closed diagnostic,30,lunar_ice_sp50_030_005_seed929005,B0_pure_direct_dp,SKIPPED_TOO_LARGE_FOR_DIRECT_DP_BASELINE,FEASIBLE_INCUMBENT_ONLY,NOT_PRICED,False,,,,,,,False,0,0,0,0,0,0,0,0,0,0,0,,,,0,0,False,False,0,0,0,0,0,0,0,0,0,0,0,0.044006,task_count=30 exceeds max_exact_tasks=10
30-scale fail-closed diagnostic,30,lunar_ice_sp50_030_005_seed929005,B2_PRODUCT_EXACT_SOLVER,SKIPPED_TOO_LARGE_FOR_DIRECT_DP_BASELINE,FEASIBLE_INCUMBENT_ONLY,NOT_PRICED,False,,,,,,,False,0,0,0,0,0,0,0,0,0,0,0,,,,0,0,False,False,0,0,0,0,0,0,0,0,0,0,0,0.021891,task_count=30 exceeds max_exact_tasks=10
30-scale fail-closed diagnostic,30,lunar_ice_sp50_030_005_seed929005,B2B_R3_true_dual_negative_search_worker,BPC_INCOMPLETE_PRICING,FEASIBLE_INCUMBENT_ONLY,INCOMPLETE_LIMIT,False,,,,,,,False,0,0,0,0,0,0,0,0,0,0,0,False,False,,0,0,True,False,0,0,0,0,0,0,0,0,0,0,0,0.018983,task_count=30 exceeds B2 max_direct_tasks=10
30-scale fail-closed diagnostic,30,lunar_ice_sp50_030_005_seed929005,B3A_full_universe_branch_audit,BPC_INCOMPLETE_PRICING,DIAGNOSTIC_PRICING_FRONTIER,INCOMPLETE_LIMIT,False,,,,,,,False,0,0,0,0,0,0,0,0,0,0,0,,,,0,0,False,False,0,0,0,0,0,0,0,0,0,0,0,0.017558,B3A full-universe branch audit is disabled for this resource-guarded group.
30-scale fail-closed diagnostic,30,lunar_ice_sp50_030_005_seed929005,B3B_seeded_branch_price_tree,BPC_INCOMPLETE_PRICING,FEASIBLE_INCUMBENT_ONLY,INCOMPLETE_LIMIT,False,,,,,,,False,0,0,0,0,0,0,0,0,0,0,0,,,,0,0,True,False,0,0,0,0,0,0,0,0,0,0,0,0.021457,task_count=30 exceeds max_direct_tasks=10; B3 fails closed.
30-scale fail-closed diagnostic,30,lunar_ice_sp50_030_006_seed929006,B0_pure_direct_dp,SKIPPED_TOO_LARGE_FOR_DIRECT_DP_BASELINE,FEASIBLE_INCUMBENT_ONLY,NOT_PRICED,False,,,,,,,False,0,0,0,0,0,0,0,0,0,0,0,,,,0,0,False,False,0,0,0,0,0,0,0,0,0,0,0,0.033573,task_count=30 exceeds max_exact_tasks=10
30-scale fail-closed diagnostic,30,lunar_ice_sp50_030_006_seed929006,B2_PRODUCT_EXACT_SOLVER,SKIPPED_TOO_LARGE_FOR_DIRECT_DP_BASELINE,FEASIBLE_INCUMBENT_ONLY,NOT_PRICED,False,,,,,,,False,0,0,0,0,0,0,0,0,0,0,0,,,,0,0,False,False,0,0,0,0,0,0,0,0,0,0,0,0.019433,task_count=30 exceeds max_exact_tasks=10
30-scale fail-closed diagnostic,30,lunar_ice_sp50_030_006_seed929006,B2B_R3_true_dual_negative_search_worker,BPC_INCOMPLETE_PRICING,FEASIBLE_INCUMBENT_ONLY,INCOMPLETE_LIMIT,False,,,,,,,False,0,0,0,0,0,0,0,0,0,0,0,False,False,,0,0,True,False,0,0,0,0,0,0,0,0,0,0,0,0.017958,task_count=30 exceeds B2 max_direct_tasks=10
30-scale fail-closed diagnostic,30,lunar_ice_sp50_030_006_seed929006,B3A_full_universe_branch_audit,BPC_INCOMPLETE_PRICING,DIAGNOSTIC_PRICING_FRONTIER,INCOMPLETE_LIMIT,False,,,,,,,False,0,0,0,0,0,0,0,0,0,0,0,,,,0,0,False,False,0,0,0,0,0,0,0,0,0,0,0,0.016979,B3A full-universe branch audit is disabled for this resource-guarded group.
30-scale fail-closed diagnostic,30,lunar_ice_sp50_030_006_seed929006,B3B_seeded_branch_price_tree,BPC_INCOMPLETE_PRICING,FEASIBLE_INCUMBENT_ONLY,INCOMPLETE_LIMIT,False,,,,,,,False,0,0,0,0,0,0,0,0,0,0,0,,,,0,0,True,False,0,0,0,0,0,0,0,0,0,0,0,0.019707,task_count=30 exceeds max_direct_tasks=10; B3 fails closed.
30-scale fail-closed diagnostic,30,lunar_ice_sp50_030_007_seed929007,B0_pure_direct_dp,SKIPPED_TOO_LARGE_FOR_DIRECT_DP_BASELINE,FEASIBLE_INCUMBENT_ONLY,NOT_PRICED,False,,,,,,,False,0,0,0,0,0,0,0,0,0,0,0,,,,0,0,False,False,0,0,0,0,0,0,0,0,0,0,0,0.048365,task_count=30 exceeds max_exact_tasks=10
30-scale fail-closed diagnostic,30,lunar_ice_sp50_030_007_seed929007,B2_PRODUCT_EXACT_SOLVER,SKIPPED_TOO_LARGE_FOR_DIRECT_DP_BASELINE,FEASIBLE_INCUMBENT_ONLY,NOT_PRICED,False,,,,,,,False,0,0,0,0,0,0,0,0,0,0,0,,,,0,0,False,False,0,0,0,0,0,0,0,0,0,0,0,0.018926,task_count=30 exceeds max_exact_tasks=10
30-scale fail-closed diagnostic,30,lunar_ice_sp50_030_007_seed929007,B2B_R3_true_dual_negative_search_worker,BPC_INCOMPLETE_PRICING,FEASIBLE_INCUMBENT_ONLY,INCOMPLETE_LIMIT,False,,,,,,,False,0,0,0,0,0,0,0,0,0,0,0,False,False,,0,0,True,False,0,0,0,0,0,0,0,0,0,0,0,0.020213,task_count=30 exceeds B2 max_direct_tasks=10
30-scale fail-closed diagnostic,30,lunar_ice_sp50_030_007_seed929007,B3A_full_universe_branch_audit,BPC_INCOMPLETE_PRICING,DIAGNOSTIC_PRICING_FRONTIER,INCOMPLETE_LIMIT,False,,,,,,,False,0,0,0,0,0,0,0,0,0,0,0,,,,0,0,False,False,0,0,0,0,0,0,0,0,0,0,0,0.018828,B3A full-universe branch audit is disabled for this resource-guarded group.
30-scale fail-closed diagnostic,30,lunar_ice_sp50_030_007_seed929007,B3B_seeded_branch_price_tree,BPC_INCOMPLETE_PRICING,FEASIBLE_INCUMBENT_ONLY,INCOMPLETE_LIMIT,False,,,,,,,False,0,0,0,0,0,0,0,0,0,0,0,,,,0,0,True,False,0,0,0,0,0,0,0,0,0,0,0,0.020222,task_count=30 exceeds max_direct_tasks=10; B3 fails closed.
30-scale fail-closed diagnostic,30,lunar_ice_sp50_030_008_seed929008,B0_pure_direct_dp,SKIPPED_TOO_LARGE_FOR_DIRECT_DP_BASELINE,FEASIBLE_INCUMBENT_ONLY,NOT_PRICED,False,,,,,,,False,0,0,0,0,0,0,0,0,0,0,0,,,,0,0,False,False,0,0,0,0,0,0,0,0,0,0,0,0.043239,task_count=30 exceeds max_exact_tasks=10
30-scale fail-closed diagnostic,30,lunar_ice_sp50_030_008_seed929008,B2_PRODUCT_EXACT_SOLVER,SKIPPED_TOO_LARGE_FOR_DIRECT_DP_BASELINE,FEASIBLE_INCUMBENT_ONLY,NOT_PRICED,False,,,,,,,False,0,0,0,0,0,0,0,0,0,0,0,,,,0,0,False,False,0,0,0,0,0,0,0,0,0,0,0,0.019876,task_count=30 exceeds max_exact_tasks=10
30-scale fail-closed diagnostic,30,lunar_ice_sp50_030_008_seed929008,B2B_R3_true_dual_negative_search_worker,BPC_INCOMPLETE_PRICING,FEASIBLE_INCUMBENT_ONLY,INCOMPLETE_LIMIT,False,,,,,,,False,0,0,0,0,0,0,0,0,0,0,0,False,False,,0,0,True,False,0,0,0,0,0,0,0,0,0,0,0,0.019321,task_count=30 exceeds B2 max_direct_tasks=10
30-scale fail-closed diagnostic,30,lunar_ice_sp50_030_008_seed929008,B3A_full_universe_branch_audit,BPC_INCOMPLETE_PRICING,DIAGNOSTIC_PRICING_FRONTIER,INCOMPLETE_LIMIT,False,,,,,,,False,0,0,0,0,0,0,0,0,0,0,0,,,,0,0,False,False,0,0,0,0,0,0,0,0,0,0,0,0.017419,B3A full-universe branch audit is disabled for this resource-guarded group.
30-scale fail-closed diagnostic,30,lunar_ice_sp50_030_008_seed929008,B3B_seeded_branch_price_tree,BPC_INCOMPLETE_PRICING,FEASIBLE_INCUMBENT_ONLY,INCOMPLETE_LIMIT,False,,,,,,,False,0,0,0,0,0,0,0,0,0,0,0,,,,0,0,True,False,0,0,0,0,0,0,0,0,0,0,0,0.019702,task_count=30 exceeds max_direct_tasks=10; B3 fails closed.
30-scale fail-closed diagnostic,30,lunar_ice_sp50_030_009_seed929009,B0_pure_direct_dp,SKIPPED_TOO_LARGE_FOR_DIRECT_DP_BASELINE,FEASIBLE_INCUMBENT_ONLY,NOT_PRICED,False,,,,,,,False,0,0,0,0,0,0,0,0,0,0,0,,,,0,0,False,False,0,0,0,0,0,0,0,0,0,0,0,0.047105,task_count=30 exceeds max_exact_tasks=10
30-scale fail-closed diagnostic,30,lunar_ice_sp50_030_009_seed929009,B2_PRODUCT_EXACT_SOLVER,SKIPPED_TOO_LARGE_FOR_DIRECT_DP_BASELINE,FEASIBLE_INCUMBENT_ONLY,NOT_PRICED,False,,,,,,,False,0,0,0,0,0,0,0,0,0,0,0,,,,0,0,False,False,0,0,0,0,0,0,0,0,0,0,0,0.021442,task_count=30 exceeds max_exact_tasks=10
30-scale fail-closed diagnostic,30,lunar_ice_sp50_030_009_seed929009,B2B_R3_true_dual_negative_search_worker,BPC_INCOMPLETE_PRICING,FEASIBLE_INCUMBENT_ONLY,INCOMPLETE_LIMIT,False,,,,,,,False,0,0,0,0,0,0,0,0,0,0,0,False,False,,0,0,True,False,0,0,0,0,0,0,0,0,0,0,0,0.019823,task_count=30 exceeds B2 max_direct_tasks=10
30-scale fail-closed diagnostic,30,lunar_ice_sp50_030_009_seed929009,B3A_full_universe_branch_audit,BPC_INCOMPLETE_PRICING,DIAGNOSTIC_PRICING_FRONTIER,INCOMPLETE_LIMIT,False,,,,,,,False,0,0,0,0,0,0,0,0,0,0,0,,,,0,0,False,False,0,0,0,0,0,0,0,0,0,0,0,0.01711,B3A full-universe branch audit is disabled for this resource-guarded group.
30-scale fail-closed diagnostic,30,lunar_ice_sp50_030_009_seed929009,B3B_seeded_branch_price_tree,BPC_INCOMPLETE_PRICING,FEASIBLE_INCUMBENT_ONLY,INCOMPLETE_LIMIT,False,,,,,,,False,0,0,0,0,0,0,0,0,0,0,0,,,,0,0,True,False,0,0,0,0,0,0,0,0,0,0,0,0.021818,task_count=30 exceeds max_direct_tasks=10; B3 fails closed.
30-scale fail-closed diagnostic,30,lunar_ice_sp50_030_010_seed929010,B0_pure_direct_dp,SKIPPED_TOO_LARGE_FOR_DIRECT_DP_BASELINE,FEASIBLE_INCUMBENT_ONLY,NOT_PRICED,False,,,,,,,False,0,0,0,0,0,0,0,0,0,0,0,,,,0,0,False,False,0,0,0,0,0,0,0,0,0,0,0,0.041003,task_count=30 exceeds max_exact_tasks=10
30-scale fail-closed diagnostic,30,lunar_ice_sp50_030_010_seed929010,B2_PRODUCT_EXACT_SOLVER,SKIPPED_TOO_LARGE_FOR_DIRECT_DP_BASELINE,FEASIBLE_INCUMBENT_ONLY,NOT_PRICED,False,,,,,,,False,0,0,0,0,0,0,0,0,0,0,0,,,,0,0,False,False,0,0,0,0,0,0,0,0,0,0,0,0.022934,task_count=30 exceeds max_exact_tasks=10
30-scale fail-closed diagnostic,30,lunar_ice_sp50_030_010_seed929010,B2B_R3_true_dual_negative_search_worker,BPC_INCOMPLETE_PRICING,FEASIBLE_INCUMBENT_ONLY,INCOMPLETE_LIMIT,False,,,,,,,False,0,0,0,0,0,0,0,0,0,0,0,False,False,,0,0,True,False,0,0,0,0,0,0,0,0,0,0,0,0.018755,task_count=30 exceeds B2 max_direct_tasks=10
30-scale fail-closed diagnostic,30,lunar_ice_sp50_030_010_seed929010,B3A_full_universe_branch_audit,BPC_INCOMPLETE_PRICING,DIAGNOSTIC_PRICING_FRONTIER,INCOMPLETE_LIMIT,False,,,,,,,False,0,0,0,0,0,0,0,0,0,0,0,,,,0,0,False,False,0,0,0,0,0,0,0,0,0,0,0,0.017441,B3A full-universe branch audit is disabled for this resource-guarded group.
30-scale fail-closed diagnostic,30,lunar_ice_sp50_030_010_seed929010,B3B_seeded_branch_price_tree,BPC_INCOMPLETE_PRICING,FEASIBLE_INCUMBENT_ONLY,INCOMPLETE_LIMIT,False,,,,,,,False,0,0,0,0,0,0,0,0,0,0,0,,,,0,0,True,False,0,0,0,0,0,0,0,0,0,0,0,0.020965,task_count=30 exceeds max_direct_tasks=10; B3 fails closed.
30-scale fail-closed diagnostic,30,lunar_ice_sp50_030_011_seed929011,B0_pure_direct_dp,SKIPPED_TOO_LARGE_FOR_DIRECT_DP_BASELINE,FEASIBLE_INCUMBENT_ONLY,NOT_PRICED,False,,,,,,,False,0,0,0,0,0,0,0,0,0,0,0,,,,0,0,False,False,0,0,0,0,0,0,0,0,0,0,0,0.043101,task_count=30 exceeds max_exact_tasks=10
30-scale fail-closed diagnostic,30,lunar_ice_sp50_030_011_seed929011,B2_PRODUCT_EXACT_SOLVER,SKIPPED_TOO_LARGE_FOR_DIRECT_DP_BASELINE,FEASIBLE_INCUMBENT_ONLY,NOT_PRICED,False,,,,,,,False,0,0,0,0,0,0,0,0,0,0,0,,,,0,0,False,False,0,0,0,0,0,0,0,0,0,0,0,0.020647,task_count=30 exceeds max_exact_tasks=10
30-scale fail-closed diagnostic,30,lunar_ice_sp50_030_011_seed929011,B2B_R3_true_dual_negative_search_worker,BPC_INCOMPLETE_PRICING,FEASIBLE_INCUMBENT_ONLY,INCOMPLETE_LIMIT,False,,,,,,,False,0,0,0,0,0,0,0,0,0,0,0,False,False,,0,0,True,False,0,0,0,0,0,0,0,0,0,0,0,0.019411,task_count=30 exceeds B2 max_direct_tasks=10
30-scale fail-closed diagnostic,30,lunar_ice_sp50_030_011_seed929011,B3A_full_universe_branch_audit,BPC_INCOMPLETE_PRICING,DIAGNOSTIC_PRICING_FRONTIER,INCOMPLETE_LIMIT,False,,,,,,,False,0,0,0,0,0,0,0,0,0,0,0,,,,0,0,False,False,0,0,0,0,0,0,0,0,0,0,0,0.018564,B3A full-universe branch audit is disabled for this resource-guarded group.
30-scale fail-closed diagnostic,30,lunar_ice_sp50_030_011_seed929011,B3B_seeded_branch_price_tree,BPC_INCOMPLETE_PRICING,FEASIBLE_INCUMBENT_ONLY,INCOMPLETE_LIMIT,False,,,,,,,False,0,0,0,0,0,0,0,0,0,0,0,,,,0,0,True,False,0,0,0,0,0,0,0,0,0,0,0,0.022712,task_count=30 exceeds max_direct_tasks=10; B3 fails closed.
30-scale fail-closed diagnostic,30,lunar_ice_sp50_030_012_seed929012,B0_pure_direct_dp,SKIPPED_TOO_LARGE_FOR_DIRECT_DP_BASELINE,FEASIBLE_INCUMBENT_ONLY,NOT_PRICED,False,,,,,,,False,0,0,0,0,0,0,0,0,0,0,0,,,,0,0,False,False,0,0,0,0,0,0,0,0,0,0,0,0.045869,task_count=30 exceeds max_exact_tasks=10
30-scale fail-closed diagnostic,30,lunar_ice_sp50_030_012_seed929012,B2_PRODUCT_EXACT_SOLVER,SKIPPED_TOO_LARGE_FOR_DIRECT_DP_BASELINE,FEASIBLE_INCUMBENT_ONLY,NOT_PRICED,False,,,,,,,False,0,0,0,0,0,0,0,0,0,0,0,,,,0,0,False,False,0,0,0,0,0,0,0,0,0,0,0,0.019182,task_count=30 exceeds max_exact_tasks=10
30-scale fail-closed diagnostic,30,lunar_ice_sp50_030_012_seed929012,B2B_R3_true_dual_negative_search_worker,BPC_INCOMPLETE_PRICING,FEASIBLE_INCUMBENT_ONLY,INCOMPLETE_LIMIT,False,,,,,,,False,0,0,0,0,0,0,0,0,0,0,0,False,False,,0,0,True,False,0,0,0,0,0,0,0,0,0,0,0,0.018882,task_count=30 exceeds B2 max_direct_tasks=10
30-scale fail-closed diagnostic,30,lunar_ice_sp50_030_012_seed929012,B3A_full_universe_branch_audit,BPC_INCOMPLETE_PRICING,DIAGNOSTIC_PRICING_FRONTIER,INCOMPLETE_LIMIT,False,,,,,,,False,0,0,0,0,0,0,0,0,0,0,0,,,,0,0,False,False,0,0,0,0,0,0,0,0,0,0,0,0.019878,B3A full-universe branch audit is disabled for this resource-guarded group.
30-scale fail-closed diagnostic,30,lunar_ice_sp50_030_012_seed929012,B3B_seeded_branch_price_tree,BPC_INCOMPLETE_PRICING,FEASIBLE_INCUMBENT_ONLY,INCOMPLETE_LIMIT,False,,,,,,,False,0,0,0,0,0,0,0,0,0,0,0,,,,0,0,True,False,0,0,0,0,0,0,0,0,0,0,0,0.021802,task_count=30 exceeds max_direct_tasks=10; B3 fails closed.
30-scale fail-closed diagnostic,30,lunar_ice_sp50_030_013_seed929013,B0_pure_direct_dp,SKIPPED_TOO_LARGE_FOR_DIRECT_DP_BASELINE,FEASIBLE_INCUMBENT_ONLY,NOT_PRICED,False,,,,,,,False,0,0,0,0,0,0,0,0,0,0,0,,,,0,0,False,False,0,0,0,0,0,0,0,0,0,0,0,0.049361,task_count=30 exceeds max_exact_tasks=10
30-scale fail-closed diagnostic,30,lunar_ice_sp50_030_013_seed929013,B2_PRODUCT_EXACT_SOLVER,SKIPPED_TOO_LARGE_FOR_DIRECT_DP_BASELINE,FEASIBLE_INCUMBENT_ONLY,NOT_PRICED,False,,,,,,,False,0,0,0,0,0,0,0,0,0,0,0,,,,0,0,False,False,0,0,0,0,0,0,0,0,0,0,0,0.018806,task_count=30 exceeds max_exact_tasks=10
30-scale fail-closed diagnostic,30,lunar_ice_sp50_030_013_seed929013,B2B_R3_true_dual_negative_search_worker,BPC_INCOMPLETE_PRICING,FEASIBLE_INCUMBENT_ONLY,INCOMPLETE_LIMIT,False,,,,,,,False,0,0,0,0,0,0,0,0,0,0,0,False,False,,0,0,True,False,0,0,0,0,0,0,0,0,0,0,0,0.020243,task_count=30 exceeds B2 max_direct_tasks=10
30-scale fail-closed diagnostic,30,lunar_ice_sp50_030_013_seed929013,B3A_full_universe_branch_audit,BPC_INCOMPLETE_PRICING,DIAGNOSTIC_PRICING_FRONTIER,INCOMPLETE_LIMIT,False,,,,,,,False,0,0,0,0,0,0,0,0,0,0,0,,,,0,0,False,False,0,0,0,0,0,0,0,0,0,0,0,0.018385,B3A full-universe branch audit is disabled for this resource-guarded group.
30-scale fail-closed diagnostic,30,lunar_ice_sp50_030_013_seed929013,B3B_seeded_branch_price_tree,BPC_INCOMPLETE_PRICING,FEASIBLE_INCUMBENT_ONLY,INCOMPLETE_LIMIT,False,,,,,,,False,0,0,0,0,0,0,0,0,0,0,0,,,,0,0,True,False,0,0,0,0,0,0,0,0,0,0,0,0.02233,task_count=30 exceeds max_direct_tasks=10; B3 fails closed.
30-scale fail-closed diagnostic,30,lunar_ice_sp50_030_014_seed929014,B0_pure_direct_dp,SKIPPED_TOO_LARGE_FOR_DIRECT_DP_BASELINE,FEASIBLE_INCUMBENT_ONLY,NOT_PRICED,False,,,,,,,False,0,0,0,0,0,0,0,0,0,0,0,,,,0,0,False,False,0,0,0,0,0,0,0,0,0,0,0,0.043496,task_count=30 exceeds max_exact_tasks=10
30-scale fail-closed diagnostic,30,lunar_ice_sp50_030_014_seed929014,B2_PRODUCT_EXACT_SOLVER,SKIPPED_TOO_LARGE_FOR_DIRECT_DP_BASELINE,FEASIBLE_INCUMBENT_ONLY,NOT_PRICED,False,,,,,,,False,0,0,0,0,0,0,0,0,0,0,0,,,,0,0,False,False,0,0,0,0,0,0,0,0,0,0,0,0.020926,task_count=30 exceeds max_exact_tasks=10
30-scale fail-closed diagnostic,30,lunar_ice_sp50_030_014_seed929014,B2B_R3_true_dual_negative_search_worker,BPC_INCOMPLETE_PRICING,FEASIBLE_INCUMBENT_ONLY,INCOMPLETE_LIMIT,False,,,,,,,False,0,0,0,0,0,0,0,0,0,0,0,False,False,,0,0,True,False,0,0,0,0,0,0,0,0,0,0,0,0.020047,task_count=30 exceeds B2 max_direct_tasks=10
30-scale fail-closed diagnostic,30,lunar_ice_sp50_030_014_seed929014,B3A_full_universe_branch_audit,BPC_INCOMPLETE_PRICING,DIAGNOSTIC_PRICING_FRONTIER,INCOMPLETE_LIMIT,False,,,,,,,False,0,0,0,0,0,0,0,0,0,0,0,,,,0,0,False,False,0,0,0,0,0,0,0,0,0,0,0,0.018084,B3A full-universe branch audit is disabled for this resource-guarded group.
30-scale fail-closed diagnostic,30,lunar_ice_sp50_030_014_seed929014,B3B_seeded_branch_price_tree,BPC_INCOMPLETE_PRICING,FEASIBLE_INCUMBENT_ONLY,INCOMPLETE_LIMIT,False,,,,,,,False,0,0,0,0,0,0,0,0,0,0,0,,,,0,0,True,False,0,0,0,0,0,0,0,0,0,0,0,0.021765,task_count=30 exceeds max_direct_tasks=10; B3 fails closed.
30-scale fail-closed diagnostic,30,lunar_ice_sp50_030_015_seed929015,B0_pure_direct_dp,SKIPPED_TOO_LARGE_FOR_DIRECT_DP_BASELINE,FEASIBLE_INCUMBENT_ONLY,NOT_PRICED,False,,,,,,,False,0,0,0,0,0,0,0,0,0,0,0,,,,0,0,False,False,0,0,0,0,0,0,0,0,0,0,0,0.046019,task_count=30 exceeds max_exact_tasks=10
30-scale fail-closed diagnostic,30,lunar_ice_sp50_030_015_seed929015,B2_PRODUCT_EXACT_SOLVER,SKIPPED_TOO_LARGE_FOR_DIRECT_DP_BASELINE,FEASIBLE_INCUMBENT_ONLY,NOT_PRICED,False,,,,,,,False,0,0,0,0,0,0,0,0,0,0,0,,,,0,0,False,False,0,0,0,0,0,0,0,0,0,0,0,0.018777,task_count=30 exceeds max_exact_tasks=10
30-scale fail-closed diagnostic,30,lunar_ice_sp50_030_015_seed929015,B2B_R3_true_dual_negative_search_worker,BPC_INCOMPLETE_PRICING,FEASIBLE_INCUMBENT_ONLY,INCOMPLETE_LIMIT,False,,,,,,,False,0,0,0,0,0,0,0,0,0,0,0,False,False,,0,0,True,False,0,0,0,0,0,0,0,0,0,0,0,0.019989,task_count=30 exceeds B2 max_direct_tasks=10
30-scale fail-closed diagnostic,30,lunar_ice_sp50_030_015_seed929015,B3A_full_universe_branch_audit,BPC_INCOMPLETE_PRICING,DIAGNOSTIC_PRICING_FRONTIER,INCOMPLETE_LIMIT,False,,,,,,,False,0,0,0,0,0,0,0,0,0,0,0,,,,0,0,False,False,0,0,0,0,0,0,0,0,0,0,0,0.018712,B3A full-universe branch audit is disabled for this resource-guarded group.
30-scale fail-closed diagnostic,30,lunar_ice_sp50_030_015_seed929015,B3B_seeded_branch_price_tree,BPC_INCOMPLETE_PRICING,FEASIBLE_INCUMBENT_ONLY,INCOMPLETE_LIMIT,False,,,,,,,False,0,0,0,0,0,0,0,0,0,0,0,,,,0,0,True,False,0,0,0,0,0,0,0,0,0,0,0,0.01967,task_count=30 exceeds max_direct_tasks=10; B3 fails closed.
30-scale fail-closed diagnostic,30,lunar_ice_sp50_030_016_seed929016,B0_pure_direct_dp,SKIPPED_TOO_LARGE_FOR_DIRECT_DP_BASELINE,FEASIBLE_INCUMBENT_ONLY,NOT_PRICED,False,,,,,,,False,0,0,0,0,0,0,0,0,0,0,0,,,,0,0,False,False,0,0,0,0,0,0,0,0,0,0,0,0.042166,task_count=30 exceeds max_exact_tasks=10
30-scale fail-closed diagnostic,30,lunar_ice_sp50_030_016_seed929016,B2_PRODUCT_EXACT_SOLVER,SKIPPED_TOO_LARGE_FOR_DIRECT_DP_BASELINE,FEASIBLE_INCUMBENT_ONLY,NOT_PRICED,False,,,,,,,False,0,0,0,0,0,0,0,0,0,0,0,,,,0,0,False,False,0,0,0,0,0,0,0,0,0,0,0,0.018856,task_count=30 exceeds max_exact_tasks=10
30-scale fail-closed diagnostic,30,lunar_ice_sp50_030_016_seed929016,B2B_R3_true_dual_negative_search_worker,BPC_INCOMPLETE_PRICING,FEASIBLE_INCUMBENT_ONLY,INCOMPLETE_LIMIT,False,,,,,,,False,0,0,0,0,0,0,0,0,0,0,0,False,False,,0,0,True,False,0,0,0,0,0,0,0,0,0,0,0,0.018772,task_count=30 exceeds B2 max_direct_tasks=10
30-scale fail-closed diagnostic,30,lunar_ice_sp50_030_016_seed929016,B3A_full_universe_branch_audit,BPC_INCOMPLETE_PRICING,DIAGNOSTIC_PRICING_FRONTIER,INCOMPLETE_LIMIT,False,,,,,,,False,0,0,0,0,0,0,0,0,0,0,0,,,,0,0,False,False,0,0,0,0,0,0,0,0,0,0,0,0.018475,B3A full-universe branch audit is disabled for this resource-guarded group.
30-scale fail-closed diagnostic,30,lunar_ice_sp50_030_016_seed929016,B3B_seeded_branch_price_tree,BPC_INCOMPLETE_PRICING,FEASIBLE_INCUMBENT_ONLY,INCOMPLETE_LIMIT,False,,,,,,,False,0,0,0,0,0,0,0,0,0,0,0,,,,0,0,True,False,0,0,0,0,0,0,0,0,0,0,0,0.02291,task_count=30 exceeds max_direct_tasks=10; B3 fails closed.
30-scale fail-closed diagnostic,30,lunar_ice_sp50_030_017_seed929017,B0_pure_direct_dp,SKIPPED_TOO_LARGE_FOR_DIRECT_DP_BASELINE,FEASIBLE_INCUMBENT_ONLY,NOT_PRICED,False,,,,,,,False,0,0,0,0,0,0,0,0,0,0,0,,,,0,0,False,False,0,0,0,0,0,0,0,0,0,0,0,0.047598,task_count=30 exceeds max_exact_tasks=10
30-scale fail-closed diagnostic,30,lunar_ice_sp50_030_017_seed929017,B2_PRODUCT_EXACT_SOLVER,SKIPPED_TOO_LARGE_FOR_DIRECT_DP_BASELINE,FEASIBLE_INCUMBENT_ONLY,NOT_PRICED,False,,,,,,,False,0,0,0,0,0,0,0,0,0,0,0,,,,0,0,False,False,0,0,0,0,0,0,0,0,0,0,0,0.02148,task_count=30 exceeds max_exact_tasks=10
30-scale fail-closed diagnostic,30,lunar_ice_sp50_030_017_seed929017,B2B_R3_true_dual_negative_search_worker,BPC_INCOMPLETE_PRICING,FEASIBLE_INCUMBENT_ONLY,INCOMPLETE_LIMIT,False,,,,,,,False,0,0,0,0,0,0,0,0,0,0,0,False,False,,0,0,True,False,0,0,0,0,0,0,0,0,0,0,0,0.020767,task_count=30 exceeds B2 max_direct_tasks=10
30-scale fail-closed diagnostic,30,lunar_ice_sp50_030_017_seed929017,B3A_full_universe_branch_audit,BPC_INCOMPLETE_PRICING,DIAGNOSTIC_PRICING_FRONTIER,INCOMPLETE_LIMIT,False,,,,,,,False,0,0,0,0,0,0,0,0,0,0,0,,,,0,0,False,False,0,0,0,0,0,0,0,0,0,0,0,0.017087,B3A full-universe branch audit is disabled for this resource-guarded group.
30-scale fail-closed diagnostic,30,lunar_ice_sp50_030_017_seed929017,B3B_seeded_branch_price_tree,BPC_INCOMPLETE_PRICING,FEASIBLE_INCUMBENT_ONLY,INCOMPLETE_LIMIT,False,,,,,,,False,0,0,0,0,0,0,0,0,0,0,0,,,,0,0,True,False,0,0,0,0,0,0,0,0,0,0,0,0.019905,task_count=30 exceeds max_direct_tasks=10; B3 fails closed.
30-scale fail-closed diagnostic,30,lunar_ice_sp50_030_018_seed929018,B0_pure_direct_dp,SKIPPED_TOO_LARGE_FOR_DIRECT_DP_BASELINE,FEASIBLE_INCUMBENT_ONLY,NOT_PRICED,False,,,,,,,False,0,0,0,0,0,0,0,0,0,0,0,,,,0,0,False,False,0,0,0,0,0,0,0,0,0,0,0,0.047811,task_count=30 exceeds max_exact_tasks=10
30-scale fail-closed diagnostic,30,lunar_ice_sp50_030_018_seed929018,B2_PRODUCT_EXACT_SOLVER,SKIPPED_TOO_LARGE_FOR_DIRECT_DP_BASELINE,FEASIBLE_INCUMBENT_ONLY,NOT_PRICED,False,,,,,,,False,0,0,0,0,0,0,0,0,0,0,0,,,,0,0,False,False,0,0,0,0,0,0,0,0,0,0,0,0.019937,task_count=30 exceeds max_exact_tasks=10
30-scale fail-closed diagnostic,30,lunar_ice_sp50_030_018_seed929018,B2B_R3_true_dual_negative_search_worker,BPC_INCOMPLETE_PRICING,FEASIBLE_INCUMBENT_ONLY,INCOMPLETE_LIMIT,False,,,,,,,False,0,0,0,0,0,0,0,0,0,0,0,False,False,,0,0,True,False,0,0,0,0,0,0,0,0,0,0,0,0.020825,task_count=30 exceeds B2 max_direct_tasks=10
30-scale fail-closed diagnostic,30,lunar_ice_sp50_030_018_seed929018,B3A_full_universe_branch_audit,BPC_INCOMPLETE_PRICING,DIAGNOSTIC_PRICING_FRONTIER,INCOMPLETE_LIMIT,False,,,,,,,False,0,0,0,0,0,0,0,0,0,0,0,,,,0,0,False,False,0,0,0,0,0,0,0,0,0,0,0,0.018375,B3A full-universe branch audit is disabled for this resource-guarded group.
30-scale fail-closed diagnostic,30,lunar_ice_sp50_030_018_seed929018,B3B_seeded_branch_price_tree,BPC_INCOMPLETE_PRICING,FEASIBLE_INCUMBENT_ONLY,INCOMPLETE_LIMIT,False,,,,,,,False,0,0,0,0,0,0,0,0,0,0,0,,,,0,0,True,False,0,0,0,0,0,0,0,0,0,0,0,0.021852,task_count=30 exceeds max_direct_tasks=10; B3 fails closed.
30-scale fail-closed diagnostic,30,lunar_ice_sp50_030_019_seed929019,B0_pure_direct_dp,SKIPPED_TOO_LARGE_FOR_DIRECT_DP_BASELINE,FEASIBLE_INCUMBENT_ONLY,NOT_PRICED,False,,,,,,,False,0,0,0,0,0,0,0,0,0,0,0,,,,0,0,False,False,0,0,0,0,0,0,0,0,0,0,0,0.043447,task_count=30 exceeds max_exact_tasks=10
30-scale fail-closed diagnostic,30,lunar_ice_sp50_030_019_seed929019,B2_PRODUCT_EXACT_SOLVER,SKIPPED_TOO_LARGE_FOR_DIRECT_DP_BASELINE,FEASIBLE_INCUMBENT_ONLY,NOT_PRICED,False,,,,,,,False,0,0,0,0,0,0,0,0,0,0,0,,,,0,0,False,False,0,0,0,0,0,0,0,0,0,0,0,0.018876,task_count=30 exceeds max_exact_tasks=10
30-scale fail-closed diagnostic,30,lunar_ice_sp50_030_019_seed929019,B2B_R3_true_dual_negative_search_worker,BPC_INCOMPLETE_PRICING,FEASIBLE_INCUMBENT_ONLY,INCOMPLETE_LIMIT,False,,,,,,,False,0,0,0,0,0,0,0,0,0,0,0,False,False,,0,0,True,False,0,0,0,0,0,0,0,0,0,0,0,0.018764,task_count=30 exceeds B2 max_direct_tasks=10
30-scale fail-closed diagnostic,30,lunar_ice_sp50_030_019_seed929019,B3A_full_universe_branch_audit,BPC_INCOMPLETE_PRICING,DIAGNOSTIC_PRICING_FRONTIER,INCOMPLETE_LIMIT,False,,,,,,,False,0,0,0,0,0,0,0,0,0,0,0,,,,0,0,False,False,0,0,0,0,0,0,0,0,0,0,0,0.017006,B3A full-universe branch audit is disabled for this resource-guarded group.
30-scale fail-closed diagnostic,30,lunar_ice_sp50_030_019_seed929019,B3B_seeded_branch_price_tree,BPC_INCOMPLETE_PRICING,FEASIBLE_INCUMBENT_ONLY,INCOMPLETE_LIMIT,False,,,,,,,False,0,0,0,0,0,0,0,0,0,0,0,,,,0,0,True,False,0,0,0,0,0,0,0,0,0,0,0,0.025838,task_count=30 exceeds max_direct_tasks=10; B3 fails closed.
30-scale fail-closed diagnostic,30,lunar_ice_sp50_030_020_seed929020,B0_pure_direct_dp,SKIPPED_TOO_LARGE_FOR_DIRECT_DP_BASELINE,FEASIBLE_INCUMBENT_ONLY,NOT_PRICED,False,,,,,,,False,0,0,0,0,0,0,0,0,0,0,0,,,,0,0,False,False,0,0,0,0,0,0,0,0,0,0,0,0.040156,task_count=30 exceeds max_exact_tasks=10
30-scale fail-closed diagnostic,30,lunar_ice_sp50_030_020_seed929020,B2_PRODUCT_EXACT_SOLVER,SKIPPED_TOO_LARGE_FOR_DIRECT_DP_BASELINE,FEASIBLE_INCUMBENT_ONLY,NOT_PRICED,False,,,,,,,False,0,0,0,0,0,0,0,0,0,0,0,,,,0,0,False,False,0,0,0,0,0,0,0,0,0,0,0,0.01982,task_count=30 exceeds max_exact_tasks=10
30-scale fail-closed diagnostic,30,lunar_ice_sp50_030_020_seed929020,B2B_R3_true_dual_negative_search_worker,BPC_INCOMPLETE_PRICING,FEASIBLE_INCUMBENT_ONLY,INCOMPLETE_LIMIT,False,,,,,,,False,0,0,0,0,0,0,0,0,0,0,0,False,False,,0,0,True,False,0,0,0,0,0,0,0,0,0,0,0,0.019703,task_count=30 exceeds B2 max_direct_tasks=10
30-scale fail-closed diagnostic,30,lunar_ice_sp50_030_020_seed929020,B3A_full_universe_branch_audit,BPC_INCOMPLETE_PRICING,DIAGNOSTIC_PRICING_FRONTIER,INCOMPLETE_LIMIT,False,,,,,,,False,0,0,0,0,0,0,0,0,0,0,0,,,,0,0,False,False,0,0,0,0,0,0,0,0,0,0,0,0.019041,B3A full-universe branch audit is disabled for this resource-guarded group.
30-scale fail-closed diagnostic,30,lunar_ice_sp50_030_020_seed929020,B3B_seeded_branch_price_tree,BPC_INCOMPLETE_PRICING,FEASIBLE_INCUMBENT_ONLY,INCOMPLETE_LIMIT,False,,,,,,,False,0,0,0,0,0,0,0,0,0,0,0,,,,0,0,True,False,0,0,0,0,0,0,0,0,0,0,0,0.024104,task_count=30 exceeds max_direct_tasks=10; B3 fails closed.
