matrix_group,scale,instance_id,mode,algorithm_status,certificate_scope,pricing_state,uses_true_dual_bpc_certificate,B0_direct_objective,B2B_R3_root_lp_bound,B3_global_lb,B3_global_ub,B3_global_gap,B3_tree_closed,BPC_TREE_OPTIMAL_count,BPC_NODE_LP_CERTIFIED_count,node_count,evaluated_node_count,open_node_count,incomplete_node_count,pruned_by_bound_count,integer_incumbent_count,branch_count,max_depth_reached,NO_FRACTIONAL_RF_PAIR_count,manual_rc_audit_pass,pricing_rc_audit_pass,branch_pricing_audit_pass,proof_debt_unreleased_count,selected_harvest_addability_fail_count,all_node_ledgers_valid,direct_dp_used_as_bpc_certificate,root_bound_gt_B0_violation,tree_incumbent_diff_vs_B0,certificate_scope_regression,manual_rc_fail,pricing_rc_fail,branch_pricing_audit_fail,proof_debt_unreleased_certified,direct_dp_certificate_leak,NO_FRACTIONAL_RF_PAIR_treated_as_integral,open_node_but_tree_optimal,incomplete_node_but_tree_optimal,wall_time,fail_closed_reason
5-scale selected,5,lunar_ice_sp50_005_001_seed679001,B0_pure_direct_dp,DIRECT_DP_BASELINE_OPTIMAL,DIRECT_DP_FIXED_GRAPH_OPTIMAL,NOT_PRICED,False,1310.952686,,,,,False,0,0,0,0,0,0,0,0,0,0,0,,,,0,0,False,False,0,0,0,0,0,0,0,0,0,0,0,0.004549,
5-scale selected,5,lunar_ice_sp50_005_001_seed679001,B2_PRODUCT_EXACT_SOLVER,DIRECT_DP_BASELINE_OPTIMAL,DIRECT_DP_FIXED_GRAPH_OPTIMAL,NOT_PRICED,False,1310.952686,,,,,False,0,0,0,0,0,0,0,0,0,0,0,,,,0,0,False,False,0,0,0,0,0,0,0,0,0,0,0,0.00454,
5-scale selected,5,lunar_ice_sp50_005_001_seed679001,B2B_R3_true_dual_negative_search_worker,BPC_GAP_AVAILABLE,BPC_NODE_LP_CERTIFIED,CERTIFIED_NO_NEGATIVE,True,1310.952686,1310.952686,,,,False,0,0,0,0,0,0,0,0,0,0,0,True,True,,0,0,True,False,0,0,0,0,0,0,0,0,0,0,0,0.152875,
5-scale selected,5,lunar_ice_sp50_005_001_seed679001,B3A_full_universe_branch_audit,BPC_GAP_AVAILABLE,BPC_NODE_LP_CERTIFIED,CERTIFIED_NO_NEGATIVE,True,,,1310.952686,,,False,0,0,1,1,0,0,0,0,0,0,0,True,True,True,0,0,True,False,0,0,0,0,0,0,0,0,0,0,0,0.088533,
5-scale selected,5,lunar_ice_sp50_005_001_seed679001,B3B_seeded_branch_price_tree,BPC_OPTIMAL,BPC_TREE_OPTIMAL,CERTIFIED_NO_NEGATIVE,True,1310.952686,,1310.952686,1310.952686,0.0,True,1,1,1,1,0,0,0,1,0,0,0,,,,0,0,True,False,0,0,0,0,0,0,0,0,0,0,0,0.322386,
20-scale fail-closed guard,20,lunar_ice_sp50_020_001_seed829001,B0_pure_direct_dp,SKIPPED_TOO_LARGE_FOR_DIRECT_DP_BASELINE,FEASIBLE_INCUMBENT_ONLY,NOT_PRICED,False,,,,,,False,0,0,0,0,0,0,0,0,0,0,0,,,,0,0,False,False,0,0,0,0,0,0,0,0,0,0,0,0.011901,task_count=20 exceeds max_exact_tasks=10
20-scale fail-closed guard,20,lunar_ice_sp50_020_001_seed829001,B2_PRODUCT_EXACT_SOLVER,SKIPPED_TOO_LARGE_FOR_DIRECT_DP_BASELINE,FEASIBLE_INCUMBENT_ONLY,NOT_PRICED,False,,,,,,False,0,0,0,0,0,0,0,0,0,0,0,,,,0,0,False,False,0,0,0,0,0,0,0,0,0,0,0,0.008068,task_count=20 exceeds max_exact_tasks=10
20-scale fail-closed guard,20,lunar_ice_sp50_020_001_seed829001,B2B_R3_true_dual_negative_search_worker,BPC_INCOMPLETE_PRICING,FEASIBLE_INCUMBENT_ONLY,INCOMPLETE_LIMIT,False,,,,,,False,0,0,0,0,0,0,0,0,0,0,0,False,False,,0,0,True,False,0,0,0,0,0,0,0,0,0,0,0,0.014287,task_count=20 exceeds B2 max_direct_tasks=10
20-scale fail-closed guard,20,lunar_ice_sp50_020_001_seed829001,B3B_seeded_branch_price_tree,BPC_INCOMPLETE_PRICING,FEASIBLE_INCUMBENT_ONLY,INCOMPLETE_LIMIT,False,,,,,,False,0,0,0,0,0,0,0,0,0,0,0,,,,0,0,True,False,0,0,0,0,0,0,0,0,0,0,0,0.00826,task_count=20 exceeds max_direct_tasks=10; B3 fails closed.
20-scale fail-closed guard,20,lunar_ice_sp50_020_002_seed829002,B0_pure_direct_dp,SKIPPED_TOO_LARGE_FOR_DIRECT_DP_BASELINE,FEASIBLE_INCUMBENT_ONLY,NOT_PRICED,False,,,,,,False,0,0,0,0,0,0,0,0,0,0,0,,,,0,0,False,False,0,0,0,0,0,0,0,0,0,0,0,0.010706,task_count=20 exceeds max_exact_tasks=10
20-scale fail-closed guard,20,lunar_ice_sp50_020_002_seed829002,B2_PRODUCT_EXACT_SOLVER,SKIPPED_TOO_LARGE_FOR_DIRECT_DP_BASELINE,FEASIBLE_INCUMBENT_ONLY,NOT_PRICED,False,,,,,,False,0,0,0,0,0,0,0,0,0,0,0,,,,0,0,False,False,0,0,0,0,0,0,0,0,0,0,0,0.014601,task_count=20 exceeds max_exact_tasks=10
20-scale fail-closed guard,20,lunar_ice_sp50_020_002_seed829002,B2B_R3_true_dual_negative_search_worker,BPC_INCOMPLETE_PRICING,FEASIBLE_INCUMBENT_ONLY,INCOMPLETE_LIMIT,False,,,,,,False,0,0,0,0,0,0,0,0,0,0,0,False,False,,0,0,True,False,0,0,0,0,0,0,0,0,0,0,0,0.008059,task_count=20 exceeds B2 max_direct_tasks=10
20-scale fail-closed guard,20,lunar_ice_sp50_020_002_seed829002,B3B_seeded_branch_price_tree,BPC_INCOMPLETE_PRICING,FEASIBLE_INCUMBENT_ONLY,INCOMPLETE_LIMIT,False,,,,,,False,0,0,0,0,0,0,0,0,0,0,0,,,,0,0,True,False,0,0,0,0,0,0,0,0,0,0,0,0.007738,task_count=20 exceeds max_direct_tasks=10; B3 fails closed.
20-scale fail-closed guard,20,lunar_ice_sp50_020_003_seed829003,B0_pure_direct_dp,SKIPPED_TOO_LARGE_FOR_DIRECT_DP_BASELINE,FEASIBLE_INCUMBENT_ONLY,NOT_PRICED,False,,,,,,False,0,0,0,0,0,0,0,0,0,0,0,,,,0,0,False,False,0,0,0,0,0,0,0,0,0,0,0,0.016916,task_count=20 exceeds max_exact_tasks=10
20-scale fail-closed guard,20,lunar_ice_sp50_020_003_seed829003,B2_PRODUCT_EXACT_SOLVER,SKIPPED_TOO_LARGE_FOR_DIRECT_DP_BASELINE,FEASIBLE_INCUMBENT_ONLY,NOT_PRICED,False,,,,,,False,0,0,0,0,0,0,0,0,0,0,0,,,,0,0,False,False,0,0,0,0,0,0,0,0,0,0,0,0.007161,task_count=20 exceeds max_exact_tasks=10
20-scale fail-closed guard,20,lunar_ice_sp50_020_003_seed829003,B2B_R3_true_dual_negative_search_worker,BPC_INCOMPLETE_PRICING,FEASIBLE_INCUMBENT_ONLY,INCOMPLETE_LIMIT,False,,,,,,False,0,0,0,0,0,0,0,0,0,0,0,False,False,,0,0,True,False,0,0,0,0,0,0,0,0,0,0,0,0.007613,task_count=20 exceeds B2 max_direct_tasks=10
20-scale fail-closed guard,20,lunar_ice_sp50_020_003_seed829003,B3B_seeded_branch_price_tree,BPC_INCOMPLETE_PRICING,FEASIBLE_INCUMBENT_ONLY,INCOMPLETE_LIMIT,False,,,,,,False,0,0,0,0,0,0,0,0,0,0,0,,,,0,0,True,False,0,0,0,0,0,0,0,0,0,0,0,0.007557,task_count=20 exceeds max_direct_tasks=10; B3 fails closed.
20-scale fail-closed guard,20,lunar_ice_sp50_020_004_seed829004,B0_pure_direct_dp,SKIPPED_TOO_LARGE_FOR_DIRECT_DP_BASELINE,FEASIBLE_INCUMBENT_ONLY,NOT_PRICED,False,,,,,,False,0,0,0,0,0,0,0,0,0,0,0,,,,0,0,False,False,0,0,0,0,0,0,0,0,0,0,0,0.016998,task_count=20 exceeds max_exact_tasks=10
20-scale fail-closed guard,20,lunar_ice_sp50_020_004_seed829004,B2_PRODUCT_EXACT_SOLVER,SKIPPED_TOO_LARGE_FOR_DIRECT_DP_BASELINE,FEASIBLE_INCUMBENT_ONLY,NOT_PRICED,False,,,,,,False,0,0,0,0,0,0,0,0,0,0,0,,,,0,0,False,False,0,0,0,0,0,0,0,0,0,0,0,0.008386,task_count=20 exceeds max_exact_tasks=10
20-scale fail-closed guard,20,lunar_ice_sp50_020_004_seed829004,B2B_R3_true_dual_negative_search_worker,BPC_INCOMPLETE_PRICING,FEASIBLE_INCUMBENT_ONLY,INCOMPLETE_LIMIT,False,,,,,,False,0,0,0,0,0,0,0,0,0,0,0,False,False,,0,0,True,False,0,0,0,0,0,0,0,0,0,0,0,0.007782,task_count=20 exceeds B2 max_direct_tasks=10
20-scale fail-closed guard,20,lunar_ice_sp50_020_004_seed829004,B3B_seeded_branch_price_tree,BPC_INCOMPLETE_PRICING,FEASIBLE_INCUMBENT_ONLY,INCOMPLETE_LIMIT,False,,,,,,False,0,0,0,0,0,0,0,0,0,0,0,,,,0,0,True,False,0,0,0,0,0,0,0,0,0,0,0,0.008785,task_count=20 exceeds max_direct_tasks=10; B3 fails closed.
20-scale fail-closed guard,20,lunar_ice_sp50_020_005_seed829005,B0_pure_direct_dp,SKIPPED_TOO_LARGE_FOR_DIRECT_DP_BASELINE,FEASIBLE_INCUMBENT_ONLY,NOT_PRICED,False,,,,,,False,0,0,0,0,0,0,0,0,0,0,0,,,,0,0,False,False,0,0,0,0,0,0,0,0,0,0,0,0.017308,task_count=20 exceeds max_exact_tasks=10
20-scale fail-closed guard,20,lunar_ice_sp50_020_005_seed829005,B2_PRODUCT_EXACT_SOLVER,SKIPPED_TOO_LARGE_FOR_DIRECT_DP_BASELINE,FEASIBLE_INCUMBENT_ONLY,NOT_PRICED,False,,,,,,False,0,0,0,0,0,0,0,0,0,0,0,,,,0,0,False,False,0,0,0,0,0,0,0,0,0,0,0,0.008732,task_count=20 exceeds max_exact_tasks=10
20-scale fail-closed guard,20,lunar_ice_sp50_020_005_seed829005,B2B_R3_true_dual_negative_search_worker,BPC_INCOMPLETE_PRICING,FEASIBLE_INCUMBENT_ONLY,INCOMPLETE_LIMIT,False,,,,,,False,0,0,0,0,0,0,0,0,0,0,0,False,False,,0,0,True,False,0,0,0,0,0,0,0,0,0,0,0,0.008453,task_count=20 exceeds B2 max_direct_tasks=10
20-scale fail-closed guard,20,lunar_ice_sp50_020_005_seed829005,B3B_seeded_branch_price_tree,BPC_INCOMPLETE_PRICING,FEASIBLE_INCUMBENT_ONLY,INCOMPLETE_LIMIT,False,,,,,,False,0,0,0,0,0,0,0,0,0,0,0,,,,0,0,True,False,0,0,0,0,0,0,0,0,0,0,0,0.009195,task_count=20 exceeds max_direct_tasks=10; B3 fails closed.
20-scale fail-closed guard,20,lunar_ice_sp50_020_006_seed829006,B0_pure_direct_dp,SKIPPED_TOO_LARGE_FOR_DIRECT_DP_BASELINE,FEASIBLE_INCUMBENT_ONLY,NOT_PRICED,False,,,,,,False,0,0,0,0,0,0,0,0,0,0,0,,,,0,0,False,False,0,0,0,0,0,0,0,0,0,0,0,0.01671,task_count=20 exceeds max_exact_tasks=10
20-scale fail-closed guard,20,lunar_ice_sp50_020_006_seed829006,B2_PRODUCT_EXACT_SOLVER,SKIPPED_TOO_LARGE_FOR_DIRECT_DP_BASELINE,FEASIBLE_INCUMBENT_ONLY,NOT_PRICED,False,,,,,,False,0,0,0,0,0,0,0,0,0,0,0,,,,0,0,False,False,0,0,0,0,0,0,0,0,0,0,0,0.007237,task_count=20 exceeds max_exact_tasks=10
20-scale fail-closed guard,20,lunar_ice_sp50_020_006_seed829006,B2B_R3_true_dual_negative_search_worker,BPC_INCOMPLETE_PRICING,FEASIBLE_INCUMBENT_ONLY,INCOMPLETE_LIMIT,False,,,,,,False,0,0,0,0,0,0,0,0,0,0,0,False,False,,0,0,True,False,0,0,0,0,0,0,0,0,0,0,0,0.007928,task_count=20 exceeds B2 max_direct_tasks=10
20-scale fail-closed guard,20,lunar_ice_sp50_020_006_seed829006,B3B_seeded_branch_price_tree,BPC_INCOMPLETE_PRICING,FEASIBLE_INCUMBENT_ONLY,INCOMPLETE_LIMIT,False,,,,,,False,0,0,0,0,0,0,0,0,0,0,0,,,,0,0,True,False,0,0,0,0,0,0,0,0,0,0,0,0.007729,task_count=20 exceeds max_direct_tasks=10; B3 fails closed.
20-scale fail-closed guard,20,lunar_ice_sp50_020_007_seed829027,B0_pure_direct_dp,SKIPPED_TOO_LARGE_FOR_DIRECT_DP_BASELINE,FEASIBLE_INCUMBENT_ONLY,NOT_PRICED,False,,,,,,False,0,0,0,0,0,0,0,0,0,0,0,,,,0,0,False,False,0,0,0,0,0,0,0,0,0,0,0,0.01614,task_count=20 exceeds max_exact_tasks=10
20-scale fail-closed guard,20,lunar_ice_sp50_020_007_seed829027,B2_PRODUCT_EXACT_SOLVER,SKIPPED_TOO_LARGE_FOR_DIRECT_DP_BASELINE,FEASIBLE_INCUMBENT_ONLY,NOT_PRICED,False,,,,,,False,0,0,0,0,0,0,0,0,0,0,0,,,,0,0,False,False,0,0,0,0,0,0,0,0,0,0,0,0.007721,task_count=20 exceeds max_exact_tasks=10
20-scale fail-closed guard,20,lunar_ice_sp50_020_007_seed829027,B2B_R3_true_dual_negative_search_worker,BPC_INCOMPLETE_PRICING,FEASIBLE_INCUMBENT_ONLY,INCOMPLETE_LIMIT,False,,,,,,False,0,0,0,0,0,0,0,0,0,0,0,False,False,,0,0,True,False,0,0,0,0,0,0,0,0,0,0,0,0.007365,task_count=20 exceeds B2 max_direct_tasks=10
20-scale fail-closed guard,20,lunar_ice_sp50_020_007_seed829027,B3B_seeded_branch_price_tree,BPC_INCOMPLETE_PRICING,FEASIBLE_INCUMBENT_ONLY,INCOMPLETE_LIMIT,False,,,,,,False,0,0,0,0,0,0,0,0,0,0,0,,,,0,0,True,False,0,0,0,0,0,0,0,0,0,0,0,0.009293,task_count=20 exceeds max_direct_tasks=10; B3 fails closed.
20-scale fail-closed guard,20,lunar_ice_sp50_020_008_seed829008,B0_pure_direct_dp,SKIPPED_TOO_LARGE_FOR_DIRECT_DP_BASELINE,FEASIBLE_INCUMBENT_ONLY,NOT_PRICED,False,,,,,,False,0,0,0,0,0,0,0,0,0,0,0,,,,0,0,False,False,0,0,0,0,0,0,0,0,0,0,0,0.016052,task_count=20 exceeds max_exact_tasks=10
20-scale fail-closed guard,20,lunar_ice_sp50_020_008_seed829008,B2_PRODUCT_EXACT_SOLVER,SKIPPED_TOO_LARGE_FOR_DIRECT_DP_BASELINE,FEASIBLE_INCUMBENT_ONLY,NOT_PRICED,False,,,,,,False,0,0,0,0,0,0,0,0,0,0,0,,,,0,0,False,False,0,0,0,0,0,0,0,0,0,0,0,0.008012,task_count=20 exceeds max_exact_tasks=10
20-scale fail-closed guard,20,lunar_ice_sp50_020_008_seed829008,B2B_R3_true_dual_negative_search_worker,BPC_INCOMPLETE_PRICING,FEASIBLE_INCUMBENT_ONLY,INCOMPLETE_LIMIT,False,,,,,,False,0,0,0,0,0,0,0,0,0,0,0,False,False,,0,0,True,False,0,0,0,0,0,0,0,0,0,0,0,0.008257,task_count=20 exceeds B2 max_direct_tasks=10
20-scale fail-closed guard,20,lunar_ice_sp50_020_008_seed829008,B3B_seeded_branch_price_tree,BPC_INCOMPLETE_PRICING,FEASIBLE_INCUMBENT_ONLY,INCOMPLETE_LIMIT,False,,,,,,False,0,0,0,0,0,0,0,0,0,0,0,,,,0,0,True,False,0,0,0,0,0,0,0,0,0,0,0,0.0087,task_count=20 exceeds max_direct_tasks=10; B3 fails closed.
20-scale fail-closed guard,20,lunar_ice_sp50_020_009_seed829009,B0_pure_direct_dp,SKIPPED_TOO_LARGE_FOR_DIRECT_DP_BASELINE,FEASIBLE_INCUMBENT_ONLY,NOT_PRICED,False,,,,,,False,0,0,0,0,0,0,0,0,0,0,0,,,,0,0,False,False,0,0,0,0,0,0,0,0,0,0,0,0.017631,task_count=20 exceeds max_exact_tasks=10
20-scale fail-closed guard,20,lunar_ice_sp50_020_009_seed829009,B2_PRODUCT_EXACT_SOLVER,SKIPPED_TOO_LARGE_FOR_DIRECT_DP_BASELINE,FEASIBLE_INCUMBENT_ONLY,NOT_PRICED,False,,,,,,False,0,0,0,0,0,0,0,0,0,0,0,,,,0,0,False,False,0,0,0,0,0,0,0,0,0,0,0,0.007293,task_count=20 exceeds max_exact_tasks=10
20-scale fail-closed guard,20,lunar_ice_sp50_020_009_seed829009,B2B_R3_true_dual_negative_search_worker,BPC_INCOMPLETE_PRICING,FEASIBLE_INCUMBENT_ONLY,INCOMPLETE_LIMIT,False,,,,,,False,0,0,0,0,0,0,0,0,0,0,0,False,False,,0,0,True,False,0,0,0,0,0,0,0,0,0,0,0,0.009275,task_count=20 exceeds B2 max_direct_tasks=10
20-scale fail-closed guard,20,lunar_ice_sp50_020_009_seed829009,B3B_seeded_branch_price_tree,BPC_INCOMPLETE_PRICING,FEASIBLE_INCUMBENT_ONLY,INCOMPLETE_LIMIT,False,,,,,,False,0,0,0,0,0,0,0,0,0,0,0,,,,0,0,True,False,0,0,0,0,0,0,0,0,0,0,0,0.008428,task_count=20 exceeds max_direct_tasks=10; B3 fails closed.
20-scale fail-closed guard,20,lunar_ice_sp50_020_010_seed829010,B0_pure_direct_dp,SKIPPED_TOO_LARGE_FOR_DIRECT_DP_BASELINE,FEASIBLE_INCUMBENT_ONLY,NOT_PRICED,False,,,,,,False,0,0,0,0,0,0,0,0,0,0,0,,,,0,0,False,False,0,0,0,0,0,0,0,0,0,0,0,0.022737,task_count=20 exceeds max_exact_tasks=10
20-scale fail-closed guard,20,lunar_ice_sp50_020_010_seed829010,B2_PRODUCT_EXACT_SOLVER,SKIPPED_TOO_LARGE_FOR_DIRECT_DP_BASELINE,FEASIBLE_INCUMBENT_ONLY,NOT_PRICED,False,,,,,,False,0,0,0,0,0,0,0,0,0,0,0,,,,0,0,False,False,0,0,0,0,0,0,0,0,0,0,0,0.008372,task_count=20 exceeds max_exact_tasks=10
20-scale fail-closed guard,20,lunar_ice_sp50_020_010_seed829010,B2B_R3_true_dual_negative_search_worker,BPC_INCOMPLETE_PRICING,FEASIBLE_INCUMBENT_ONLY,INCOMPLETE_LIMIT,False,,,,,,False,0,0,0,0,0,0,0,0,0,0,0,False,False,,0,0,True,False,0,0,0,0,0,0,0,0,0,0,0,0.008006,task_count=20 exceeds B2 max_direct_tasks=10
20-scale fail-closed guard,20,lunar_ice_sp50_020_010_seed829010,B3B_seeded_branch_price_tree,BPC_INCOMPLETE_PRICING,FEASIBLE_INCUMBENT_ONLY,INCOMPLETE_LIMIT,False,,,,,,False,0,0,0,0,0,0,0,0,0,0,0,,,,0,0,True,False,0,0,0,0,0,0,0,0,0,0,0,0.009587,task_count=20 exceeds max_direct_tasks=10; B3 fails closed.
20-scale fail-closed guard,20,lunar_ice_sp50_020_011_seed829011,B0_pure_direct_dp,SKIPPED_TOO_LARGE_FOR_DIRECT_DP_BASELINE,FEASIBLE_INCUMBENT_ONLY,NOT_PRICED,False,,,,,,False,0,0,0,0,0,0,0,0,0,0,0,,,,0,0,False,False,0,0,0,0,0,0,0,0,0,0,0,0.014724,task_count=20 exceeds max_exact_tasks=10
20-scale fail-closed guard,20,lunar_ice_sp50_020_011_seed829011,B2_PRODUCT_EXACT_SOLVER,SKIPPED_TOO_LARGE_FOR_DIRECT_DP_BASELINE,FEASIBLE_INCUMBENT_ONLY,NOT_PRICED,False,,,,,,False,0,0,0,0,0,0,0,0,0,0,0,,,,0,0,False,False,0,0,0,0,0,0,0,0,0,0,0,0.007794,task_count=20 exceeds max_exact_tasks=10
20-scale fail-closed guard,20,lunar_ice_sp50_020_011_seed829011,B2B_R3_true_dual_negative_search_worker,BPC_INCOMPLETE_PRICING,FEASIBLE_INCUMBENT_ONLY,INCOMPLETE_LIMIT,False,,,,,,False,0,0,0,0,0,0,0,0,0,0,0,False,False,,0,0,True,False,0,0,0,0,0,0,0,0,0,0,0,0.009385,task_count=20 exceeds B2 max_direct_tasks=10
20-scale fail-closed guard,20,lunar_ice_sp50_020_011_seed829011,B3B_seeded_branch_price_tree,BPC_INCOMPLETE_PRICING,FEASIBLE_INCUMBENT_ONLY,INCOMPLETE_LIMIT,False,,,,,,False,0,0,0,0,0,0,0,0,0,0,0,,,,0,0,True,False,0,0,0,0,0,0,0,0,0,0,0,0.008558,task_count=20 exceeds max_direct_tasks=10; B3 fails closed.
20-scale fail-closed guard,20,lunar_ice_sp50_020_012_seed829012,B0_pure_direct_dp,SKIPPED_TOO_LARGE_FOR_DIRECT_DP_BASELINE,FEASIBLE_INCUMBENT_ONLY,NOT_PRICED,False,,,,,,False,0,0,0,0,0,0,0,0,0,0,0,,,,0,0,False,False,0,0,0,0,0,0,0,0,0,0,0,0.016966,task_count=20 exceeds max_exact_tasks=10
20-scale fail-closed guard,20,lunar_ice_sp50_020_012_seed829012,B2_PRODUCT_EXACT_SOLVER,SKIPPED_TOO_LARGE_FOR_DIRECT_DP_BASELINE,FEASIBLE_INCUMBENT_ONLY,NOT_PRICED,False,,,,,,False,0,0,0,0,0,0,0,0,0,0,0,,,,0,0,False,False,0,0,0,0,0,0,0,0,0,0,0,0.008813,task_count=20 exceeds max_exact_tasks=10
20-scale fail-closed guard,20,lunar_ice_sp50_020_012_seed829012,B2B_R3_true_dual_negative_search_worker,BPC_INCOMPLETE_PRICING,FEASIBLE_INCUMBENT_ONLY,INCOMPLETE_LIMIT,False,,,,,,False,0,0,0,0,0,0,0,0,0,0,0,False,False,,0,0,True,False,0,0,0,0,0,0,0,0,0,0,0,0.008528,task_count=20 exceeds B2 max_direct_tasks=10
20-scale fail-closed guard,20,lunar_ice_sp50_020_012_seed829012,B3B_seeded_branch_price_tree,BPC_INCOMPLETE_PRICING,FEASIBLE_INCUMBENT_ONLY,INCOMPLETE_LIMIT,False,,,,,,False,0,0,0,0,0,0,0,0,0,0,0,,,,0,0,True,False,0,0,0,0,0,0,0,0,0,0,0,0.007997,task_count=20 exceeds max_direct_tasks=10; B3 fails closed.
20-scale fail-closed guard,20,lunar_ice_sp50_020_013_seed829013,B0_pure_direct_dp,SKIPPED_TOO_LARGE_FOR_DIRECT_DP_BASELINE,FEASIBLE_INCUMBENT_ONLY,NOT_PRICED,False,,,,,,False,0,0,0,0,0,0,0,0,0,0,0,,,,0,0,False,False,0,0,0,0,0,0,0,0,0,0,0,0.017399,task_count=20 exceeds max_exact_tasks=10
20-scale fail-closed guard,20,lunar_ice_sp50_020_013_seed829013,B2_PRODUCT_EXACT_SOLVER,SKIPPED_TOO_LARGE_FOR_DIRECT_DP_BASELINE,FEASIBLE_INCUMBENT_ONLY,NOT_PRICED,False,,,,,,False,0,0,0,0,0,0,0,0,0,0,0,,,,0,0,False,False,0,0,0,0,0,0,0,0,0,0,0,0.007729,task_count=20 exceeds max_exact_tasks=10
20-scale fail-closed guard,20,lunar_ice_sp50_020_013_seed829013,B2B_R3_true_dual_negative_search_worker,BPC_INCOMPLETE_PRICING,FEASIBLE_INCUMBENT_ONLY,INCOMPLETE_LIMIT,False,,,,,,False,0,0,0,0,0,0,0,0,0,0,0,False,False,,0,0,True,False,0,0,0,0,0,0,0,0,0,0,0,0.00766,task_count=20 exceeds B2 max_direct_tasks=10
20-scale fail-closed guard,20,lunar_ice_sp50_020_013_seed829013,B3B_seeded_branch_price_tree,BPC_INCOMPLETE_PRICING,FEASIBLE_INCUMBENT_ONLY,INCOMPLETE_LIMIT,False,,,,,,False,0,0,0,0,0,0,0,0,0,0,0,,,,0,0,True,False,0,0,0,0,0,0,0,0,0,0,0,0.010044,task_count=20 exceeds max_direct_tasks=10; B3 fails closed.
20-scale fail-closed guard,20,lunar_ice_sp50_020_014_seed829014,B0_pure_direct_dp,SKIPPED_TOO_LARGE_FOR_DIRECT_DP_BASELINE,FEASIBLE_INCUMBENT_ONLY,NOT_PRICED,False,,,,,,False,0,0,0,0,0,0,0,0,0,0,0,,,,0,0,False,False,0,0,0,0,0,0,0,0,0,0,0,0.018978,task_count=20 exceeds max_exact_tasks=10
20-scale fail-closed guard,20,lunar_ice_sp50_020_014_seed829014,B2_PRODUCT_EXACT_SOLVER,SKIPPED_TOO_LARGE_FOR_DIRECT_DP_BASELINE,FEASIBLE_INCUMBENT_ONLY,NOT_PRICED,False,,,,,,False,0,0,0,0,0,0,0,0,0,0,0,,,,0,0,False,False,0,0,0,0,0,0,0,0,0,0,0,0.00717,task_count=20 exceeds max_exact_tasks=10
20-scale fail-closed guard,20,lunar_ice_sp50_020_014_seed829014,B2B_R3_true_dual_negative_search_worker,BPC_INCOMPLETE_PRICING,FEASIBLE_INCUMBENT_ONLY,INCOMPLETE_LIMIT,False,,,,,,False,0,0,0,0,0,0,0,0,0,0,0,False,False,,0,0,True,False,0,0,0,0,0,0,0,0,0,0,0,0.009518,task_count=20 exceeds B2 max_direct_tasks=10
20-scale fail-closed guard,20,lunar_ice_sp50_020_014_seed829014,B3B_seeded_branch_price_tree,BPC_INCOMPLETE_PRICING,FEASIBLE_INCUMBENT_ONLY,INCOMPLETE_LIMIT,False,,,,,,False,0,0,0,0,0,0,0,0,0,0,0,,,,0,0,True,False,0,0,0,0,0,0,0,0,0,0,0,0.008817,task_count=20 exceeds max_direct_tasks=10; B3 fails closed.
20-scale fail-closed guard,20,lunar_ice_sp50_020_015_seed829015,B0_pure_direct_dp,SKIPPED_TOO_LARGE_FOR_DIRECT_DP_BASELINE,FEASIBLE_INCUMBENT_ONLY,NOT_PRICED,False,,,,,,False,0,0,0,0,0,0,0,0,0,0,0,,,,0,0,False,False,0,0,0,0,0,0,0,0,0,0,0,0.019517,task_count=20 exceeds max_exact_tasks=10
20-scale fail-closed guard,20,lunar_ice_sp50_020_015_seed829015,B2_PRODUCT_EXACT_SOLVER,SKIPPED_TOO_LARGE_FOR_DIRECT_DP_BASELINE,FEASIBLE_INCUMBENT_ONLY,NOT_PRICED,False,,,,,,False,0,0,0,0,0,0,0,0,0,0,0,,,,0,0,False,False,0,0,0,0,0,0,0,0,0,0,0,0.008468,task_count=20 exceeds max_exact_tasks=10
20-scale fail-closed guard,20,lunar_ice_sp50_020_015_seed829015,B2B_R3_true_dual_negative_search_worker,BPC_INCOMPLETE_PRICING,FEASIBLE_INCUMBENT_ONLY,INCOMPLETE_LIMIT,False,,,,,,False,0,0,0,0,0,0,0,0,0,0,0,False,False,,0,0,True,False,0,0,0,0,0,0,0,0,0,0,0,0.008829,task_count=20 exceeds B2 max_direct_tasks=10
20-scale fail-closed guard,20,lunar_ice_sp50_020_015_seed829015,B3B_seeded_branch_price_tree,BPC_INCOMPLETE_PRICING,FEASIBLE_INCUMBENT_ONLY,INCOMPLETE_LIMIT,False,,,,,,False,0,0,0,0,0,0,0,0,0,0,0,,,,0,0,True,False,0,0,0,0,0,0,0,0,0,0,0,0.009165,task_count=20 exceeds max_direct_tasks=10; B3 fails closed.
20-scale fail-closed guard,20,lunar_ice_sp50_020_016_seed829016,B0_pure_direct_dp,SKIPPED_TOO_LARGE_FOR_DIRECT_DP_BASELINE,FEASIBLE_INCUMBENT_ONLY,NOT_PRICED,False,,,,,,False,0,0,0,0,0,0,0,0,0,0,0,,,,0,0,False,False,0,0,0,0,0,0,0,0,0,0,0,0.020035,task_count=20 exceeds max_exact_tasks=10
20-scale fail-closed guard,20,lunar_ice_sp50_020_016_seed829016,B2_PRODUCT_EXACT_SOLVER,SKIPPED_TOO_LARGE_FOR_DIRECT_DP_BASELINE,FEASIBLE_INCUMBENT_ONLY,NOT_PRICED,False,,,,,,False,0,0,0,0,0,0,0,0,0,0,0,,,,0,0,False,False,0,0,0,0,0,0,0,0,0,0,0,0.008254,task_count=20 exceeds max_exact_tasks=10
20-scale fail-closed guard,20,lunar_ice_sp50_020_016_seed829016,B2B_R3_true_dual_negative_search_worker,BPC_INCOMPLETE_PRICING,FEASIBLE_INCUMBENT_ONLY,INCOMPLETE_LIMIT,False,,,,,,False,0,0,0,0,0,0,0,0,0,0,0,False,False,,0,0,True,False,0,0,0,0,0,0,0,0,0,0,0,0.008985,task_count=20 exceeds B2 max_direct_tasks=10
20-scale fail-closed guard,20,lunar_ice_sp50_020_016_seed829016,B3B_seeded_branch_price_tree,BPC_INCOMPLETE_PRICING,FEASIBLE_INCUMBENT_ONLY,INCOMPLETE_LIMIT,False,,,,,,False,0,0,0,0,0,0,0,0,0,0,0,,,,0,0,True,False,0,0,0,0,0,0,0,0,0,0,0,0.008972,task_count=20 exceeds max_direct_tasks=10; B3 fails closed.
20-scale fail-closed guard,20,lunar_ice_sp50_020_017_seed829017,B0_pure_direct_dp,SKIPPED_TOO_LARGE_FOR_DIRECT_DP_BASELINE,FEASIBLE_INCUMBENT_ONLY,NOT_PRICED,False,,,,,,False,0,0,0,0,0,0,0,0,0,0,0,,,,0,0,False,False,0,0,0,0,0,0,0,0,0,0,0,0.018172,task_count=20 exceeds max_exact_tasks=10
20-scale fail-closed guard,20,lunar_ice_sp50_020_017_seed829017,B2_PRODUCT_EXACT_SOLVER,SKIPPED_TOO_LARGE_FOR_DIRECT_DP_BASELINE,FEASIBLE_INCUMBENT_ONLY,NOT_PRICED,False,,,,,,False,0,0,0,0,0,0,0,0,0,0,0,,,,0,0,False,False,0,0,0,0,0,0,0,0,0,0,0,0.008204,task_count=20 exceeds max_exact_tasks=10
20-scale fail-closed guard,20,lunar_ice_sp50_020_017_seed829017,B2B_R3_true_dual_negative_search_worker,BPC_INCOMPLETE_PRICING,FEASIBLE_INCUMBENT_ONLY,INCOMPLETE_LIMIT,False,,,,,,False,0,0,0,0,0,0,0,0,0,0,0,False,False,,0,0,True,False,0,0,0,0,0,0,0,0,0,0,0,0.007531,task_count=20 exceeds B2 max_direct_tasks=10
20-scale fail-closed guard,20,lunar_ice_sp50_020_017_seed829017,B3B_seeded_branch_price_tree,BPC_INCOMPLETE_PRICING,FEASIBLE_INCUMBENT_ONLY,INCOMPLETE_LIMIT,False,,,,,,False,0,0,0,0,0,0,0,0,0,0,0,,,,0,0,True,False,0,0,0,0,0,0,0,0,0,0,0,0.00919,task_count=20 exceeds max_direct_tasks=10; B3 fails closed.
20-scale fail-closed guard,20,lunar_ice_sp50_020_018_seed829018,B0_pure_direct_dp,SKIPPED_TOO_LARGE_FOR_DIRECT_DP_BASELINE,FEASIBLE_INCUMBENT_ONLY,NOT_PRICED,False,,,,,,False,0,0,0,0,0,0,0,0,0,0,0,,,,0,0,False,False,0,0,0,0,0,0,0,0,0,0,0,0.01937,task_count=20 exceeds max_exact_tasks=10
20-scale fail-closed guard,20,lunar_ice_sp50_020_018_seed829018,B2_PRODUCT_EXACT_SOLVER,SKIPPED_TOO_LARGE_FOR_DIRECT_DP_BASELINE,FEASIBLE_INCUMBENT_ONLY,NOT_PRICED,False,,,,,,False,0,0,0,0,0,0,0,0,0,0,0,,,,0,0,False,False,0,0,0,0,0,0,0,0,0,0,0,0.008354,task_count=20 exceeds max_exact_tasks=10
20-scale fail-closed guard,20,lunar_ice_sp50_020_018_seed829018,B2B_R3_true_dual_negative_search_worker,BPC_INCOMPLETE_PRICING,FEASIBLE_INCUMBENT_ONLY,INCOMPLETE_LIMIT,False,,,,,,False,0,0,0,0,0,0,0,0,0,0,0,False,False,,0,0,True,False,0,0,0,0,0,0,0,0,0,0,0,0.008523,task_count=20 exceeds B2 max_direct_tasks=10
20-scale fail-closed guard,20,lunar_ice_sp50_020_018_seed829018,B3B_seeded_branch_price_tree,BPC_INCOMPLETE_PRICING,FEASIBLE_INCUMBENT_ONLY,INCOMPLETE_LIMIT,False,,,,,,False,0,0,0,0,0,0,0,0,0,0,0,,,,0,0,True,False,0,0,0,0,0,0,0,0,0,0,0,0.008816,task_count=20 exceeds max_direct_tasks=10; B3 fails closed.
20-scale fail-closed guard,20,lunar_ice_sp50_020_019_seed829019,B0_pure_direct_dp,SKIPPED_TOO_LARGE_FOR_DIRECT_DP_BASELINE,FEASIBLE_INCUMBENT_ONLY,NOT_PRICED,False,,,,,,False,0,0,0,0,0,0,0,0,0,0,0,,,,0,0,False,False,0,0,0,0,0,0,0,0,0,0,0,0.020035,task_count=20 exceeds max_exact_tasks=10
20-scale fail-closed guard,20,lunar_ice_sp50_020_019_seed829019,B2_PRODUCT_EXACT_SOLVER,SKIPPED_TOO_LARGE_FOR_DIRECT_DP_BASELINE,FEASIBLE_INCUMBENT_ONLY,NOT_PRICED,False,,,,,,False,0,0,0,0,0,0,0,0,0,0,0,,,,0,0,False,False,0,0,0,0,0,0,0,0,0,0,0,0.00768,task_count=20 exceeds max_exact_tasks=10
20-scale fail-closed guard,20,lunar_ice_sp50_020_019_seed829019,B2B_R3_true_dual_negative_search_worker,BPC_INCOMPLETE_PRICING,FEASIBLE_INCUMBENT_ONLY,INCOMPLETE_LIMIT,False,,,,,,False,0,0,0,0,0,0,0,0,0,0,0,False,False,,0,0,True,False,0,0,0,0,0,0,0,0,0,0,0,0.007856,task_count=20 exceeds B2 max_direct_tasks=10
20-scale fail-closed guard,20,lunar_ice_sp50_020_019_seed829019,B3B_seeded_branch_price_tree,BPC_INCOMPLETE_PRICING,FEASIBLE_INCUMBENT_ONLY,INCOMPLETE_LIMIT,False,,,,,,False,0,0,0,0,0,0,0,0,0,0,0,,,,0,0,True,False,0,0,0,0,0,0,0,0,0,0,0,0.009619,task_count=20 exceeds max_direct_tasks=10; B3 fails closed.
20-scale fail-closed guard,20,lunar_ice_sp50_020_020_seed829020,B0_pure_direct_dp,SKIPPED_TOO_LARGE_FOR_DIRECT_DP_BASELINE,FEASIBLE_INCUMBENT_ONLY,NOT_PRICED,False,,,,,,False,0,0,0,0,0,0,0,0,0,0,0,,,,0,0,False,False,0,0,0,0,0,0,0,0,0,0,0,0.019297,task_count=20 exceeds max_exact_tasks=10
20-scale fail-closed guard,20,lunar_ice_sp50_020_020_seed829020,B2_PRODUCT_EXACT_SOLVER,SKIPPED_TOO_LARGE_FOR_DIRECT_DP_BASELINE,FEASIBLE_INCUMBENT_ONLY,NOT_PRICED,False,,,,,,False,0,0,0,0,0,0,0,0,0,0,0,,,,0,0,False,False,0,0,0,0,0,0,0,0,0,0,0,0.007971,task_count=20 exceeds max_exact_tasks=10
20-scale fail-closed guard,20,lunar_ice_sp50_020_020_seed829020,B2B_R3_true_dual_negative_search_worker,BPC_INCOMPLETE_PRICING,FEASIBLE_INCUMBENT_ONLY,INCOMPLETE_LIMIT,False,,,,,,False,0,0,0,0,0,0,0,0,0,0,0,False,False,,0,0,True,False,0,0,0,0,0,0,0,0,0,0,0,0.007552,task_count=20 exceeds B2 max_direct_tasks=10
20-scale fail-closed guard,20,lunar_ice_sp50_020_020_seed829020,B3B_seeded_branch_price_tree,BPC_INCOMPLETE_PRICING,FEASIBLE_INCUMBENT_ONLY,INCOMPLETE_LIMIT,False,,,,,,False,0,0,0,0,0,0,0,0,0,0,0,,,,0,0,True,False,0,0,0,0,0,0,0,0,0,0,0,0.009072,task_count=20 exceeds max_direct_tasks=10; B3 fails closed.
30-scale fail-closed diagnostic,30,lunar_ice_sp50_030_001_seed929001,B0_pure_direct_dp,SKIPPED_TOO_LARGE_FOR_DIRECT_DP_BASELINE,FEASIBLE_INCUMBENT_ONLY,NOT_PRICED,False,,,,,,False,0,0,0,0,0,0,0,0,0,0,0,,,,0,0,False,False,0,0,0,0,0,0,0,0,0,0,0,0.040857,task_count=30 exceeds max_exact_tasks=10
30-scale fail-closed diagnostic,30,lunar_ice_sp50_030_001_seed929001,B2_PRODUCT_EXACT_SOLVER,SKIPPED_TOO_LARGE_FOR_DIRECT_DP_BASELINE,FEASIBLE_INCUMBENT_ONLY,NOT_PRICED,False,,,,,,False,0,0,0,0,0,0,0,0,0,0,0,,,,0,0,False,False,0,0,0,0,0,0,0,0,0,0,0,0.019576,task_count=30 exceeds max_exact_tasks=10
30-scale fail-closed diagnostic,30,lunar_ice_sp50_030_001_seed929001,B2B_R3_true_dual_negative_search_worker,BPC_INCOMPLETE_PRICING,FEASIBLE_INCUMBENT_ONLY,INCOMPLETE_LIMIT,False,,,,,,False,0,0,0,0,0,0,0,0,0,0,0,False,False,,0,0,True,False,0,0,0,0,0,0,0,0,0,0,0,0.018961,task_count=30 exceeds B2 max_direct_tasks=10
30-scale fail-closed diagnostic,30,lunar_ice_sp50_030_001_seed929001,B3B_seeded_branch_price_tree,BPC_INCOMPLETE_PRICING,FEASIBLE_INCUMBENT_ONLY,INCOMPLETE_LIMIT,False,,,,,,False,0,0,0,0,0,0,0,0,0,0,0,,,,0,0,True,False,0,0,0,0,0,0,0,0,0,0,0,0.023732,task_count=30 exceeds max_direct_tasks=10; B3 fails closed.
30-scale fail-closed diagnostic,30,lunar_ice_sp50_030_002_seed929002,B0_pure_direct_dp,SKIPPED_TOO_LARGE_FOR_DIRECT_DP_BASELINE,FEASIBLE_INCUMBENT_ONLY,NOT_PRICED,False,,,,,,False,0,0,0,0,0,0,0,0,0,0,0,,,,0,0,False,False,0,0,0,0,0,0,0,0,0,0,0,0.041294,task_count=30 exceeds max_exact_tasks=10
30-scale fail-closed diagnostic,30,lunar_ice_sp50_030_002_seed929002,B2_PRODUCT_EXACT_SOLVER,SKIPPED_TOO_LARGE_FOR_DIRECT_DP_BASELINE,FEASIBLE_INCUMBENT_ONLY,NOT_PRICED,False,,,,,,False,0,0,0,0,0,0,0,0,0,0,0,,,,0,0,False,False,0,0,0,0,0,0,0,0,0,0,0,0.019152,task_count=30 exceeds max_exact_tasks=10
30-scale fail-closed diagnostic,30,lunar_ice_sp50_030_002_seed929002,B2B_R3_true_dual_negative_search_worker,BPC_INCOMPLETE_PRICING,FEASIBLE_INCUMBENT_ONLY,INCOMPLETE_LIMIT,False,,,,,,False,0,0,0,0,0,0,0,0,0,0,0,False,False,,0,0,True,False,0,0,0,0,0,0,0,0,0,0,0,0.018243,task_count=30 exceeds B2 max_direct_tasks=10
30-scale fail-closed diagnostic,30,lunar_ice_sp50_030_002_seed929002,B3B_seeded_branch_price_tree,BPC_INCOMPLETE_PRICING,FEASIBLE_INCUMBENT_ONLY,INCOMPLETE_LIMIT,False,,,,,,False,0,0,0,0,0,0,0,0,0,0,0,,,,0,0,True,False,0,0,0,0,0,0,0,0,0,0,0,0.021491,task_count=30 exceeds max_direct_tasks=10; B3 fails closed.
30-scale fail-closed diagnostic,30,lunar_ice_sp50_030_003_seed929003,B0_pure_direct_dp,SKIPPED_TOO_LARGE_FOR_DIRECT_DP_BASELINE,FEASIBLE_INCUMBENT_ONLY,NOT_PRICED,False,,,,,,False,0,0,0,0,0,0,0,0,0,0,0,,,,0,0,False,False,0,0,0,0,0,0,0,0,0,0,0,0.044785,task_count=30 exceeds max_exact_tasks=10
30-scale fail-closed diagnostic,30,lunar_ice_sp50_030_003_seed929003,B2_PRODUCT_EXACT_SOLVER,SKIPPED_TOO_LARGE_FOR_DIRECT_DP_BASELINE,FEASIBLE_INCUMBENT_ONLY,NOT_PRICED,False,,,,,,False,0,0,0,0,0,0,0,0,0,0,0,,,,0,0,False,False,0,0,0,0,0,0,0,0,0,0,0,0.018408,task_count=30 exceeds max_exact_tasks=10
30-scale fail-closed diagnostic,30,lunar_ice_sp50_030_003_seed929003,B2B_R3_true_dual_negative_search_worker,BPC_INCOMPLETE_PRICING,FEASIBLE_INCUMBENT_ONLY,INCOMPLETE_LIMIT,False,,,,,,False,0,0,0,0,0,0,0,0,0,0,0,False,False,,0,0,True,False,0,0,0,0,0,0,0,0,0,0,0,0.01755,task_count=30 exceeds B2 max_direct_tasks=10
30-scale fail-closed diagnostic,30,lunar_ice_sp50_030_003_seed929003,B3B_seeded_branch_price_tree,BPC_INCOMPLETE_PRICING,FEASIBLE_INCUMBENT_ONLY,INCOMPLETE_LIMIT,False,,,,,,False,0,0,0,0,0,0,0,0,0,0,0,,,,0,0,True,False,0,0,0,0,0,0,0,0,0,0,0,0.019535,task_count=30 exceeds max_direct_tasks=10; B3 fails closed.
30-scale fail-closed diagnostic,30,lunar_ice_sp50_030_004_seed929004,B0_pure_direct_dp,SKIPPED_TOO_LARGE_FOR_DIRECT_DP_BASELINE,FEASIBLE_INCUMBENT_ONLY,NOT_PRICED,False,,,,,,False,0,0,0,0,0,0,0,0,0,0,0,,,,0,0,False,False,0,0,0,0,0,0,0,0,0,0,0,0.037721,task_count=30 exceeds max_exact_tasks=10
30-scale fail-closed diagnostic,30,lunar_ice_sp50_030_004_seed929004,B2_PRODUCT_EXACT_SOLVER,SKIPPED_TOO_LARGE_FOR_DIRECT_DP_BASELINE,FEASIBLE_INCUMBENT_ONLY,NOT_PRICED,False,,,,,,False,0,0,0,0,0,0,0,0,0,0,0,,,,0,0,False,False,0,0,0,0,0,0,0,0,0,0,0,0.018466,task_count=30 exceeds max_exact_tasks=10
30-scale fail-closed diagnostic,30,lunar_ice_sp50_030_004_seed929004,B2B_R3_true_dual_negative_search_worker,BPC_INCOMPLETE_PRICING,FEASIBLE_INCUMBENT_ONLY,INCOMPLETE_LIMIT,False,,,,,,False,0,0,0,0,0,0,0,0,0,0,0,False,False,,0,0,True,False,0,0,0,0,0,0,0,0,0,0,0,0.018618,task_count=30 exceeds B2 max_direct_tasks=10
30-scale fail-closed diagnostic,30,lunar_ice_sp50_030_004_seed929004,B3B_seeded_branch_price_tree,BPC_INCOMPLETE_PRICING,FEASIBLE_INCUMBENT_ONLY,INCOMPLETE_LIMIT,False,,,,,,False,0,0,0,0,0,0,0,0,0,0,0,,,,0,0,True,False,0,0,0,0,0,0,0,0,0,0,0,0.022224,task_count=30 exceeds max_direct_tasks=10; B3 fails closed.
30-scale fail-closed diagnostic,30,lunar_ice_sp50_030_005_seed929005,B0_pure_direct_dp,SKIPPED_TOO_LARGE_FOR_DIRECT_DP_BASELINE,FEASIBLE_INCUMBENT_ONLY,NOT_PRICED,False,,,,,,False,0,0,0,0,0,0,0,0,0,0,0,,,,0,0,False,False,0,0,0,0,0,0,0,0,0,0,0,0.042074,task_count=30 exceeds max_exact_tasks=10
30-scale fail-closed diagnostic,30,lunar_ice_sp50_030_005_seed929005,B2_PRODUCT_EXACT_SOLVER,SKIPPED_TOO_LARGE_FOR_DIRECT_DP_BASELINE,FEASIBLE_INCUMBENT_ONLY,NOT_PRICED,False,,,,,,False,0,0,0,0,0,0,0,0,0,0,0,,,,0,0,False,False,0,0,0,0,0,0,0,0,0,0,0,0.017645,task_count=30 exceeds max_exact_tasks=10
30-scale fail-closed diagnostic,30,lunar_ice_sp50_030_005_seed929005,B2B_R3_true_dual_negative_search_worker,BPC_INCOMPLETE_PRICING,FEASIBLE_INCUMBENT_ONLY,INCOMPLETE_LIMIT,False,,,,,,False,0,0,0,0,0,0,0,0,0,0,0,False,False,,0,0,True,False,0,0,0,0,0,0,0,0,0,0,0,0.022074,task_count=30 exceeds B2 max_direct_tasks=10
30-scale fail-closed diagnostic,30,lunar_ice_sp50_030_005_seed929005,B3B_seeded_branch_price_tree,BPC_INCOMPLETE_PRICING,FEASIBLE_INCUMBENT_ONLY,INCOMPLETE_LIMIT,False,,,,,,False,0,0,0,0,0,0,0,0,0,0,0,,,,0,0,True,False,0,0,0,0,0,0,0,0,0,0,0,0.020881,task_count=30 exceeds max_direct_tasks=10; B3 fails closed.
30-scale fail-closed diagnostic,30,lunar_ice_sp50_030_006_seed929006,B0_pure_direct_dp,SKIPPED_TOO_LARGE_FOR_DIRECT_DP_BASELINE,FEASIBLE_INCUMBENT_ONLY,NOT_PRICED,False,,,,,,False,0,0,0,0,0,0,0,0,0,0,0,,,,0,0,False,False,0,0,0,0,0,0,0,0,0,0,0,0.039098,task_count=30 exceeds max_exact_tasks=10
30-scale fail-closed diagnostic,30,lunar_ice_sp50_030_006_seed929006,B2_PRODUCT_EXACT_SOLVER,SKIPPED_TOO_LARGE_FOR_DIRECT_DP_BASELINE,FEASIBLE_INCUMBENT_ONLY,NOT_PRICED,False,,,,,,False,0,0,0,0,0,0,0,0,0,0,0,,,,0,0,False,False,0,0,0,0,0,0,0,0,0,0,0,0.018842,task_count=30 exceeds max_exact_tasks=10
30-scale fail-closed diagnostic,30,lunar_ice_sp50_030_006_seed929006,B2B_R3_true_dual_negative_search_worker,BPC_INCOMPLETE_PRICING,FEASIBLE_INCUMBENT_ONLY,INCOMPLETE_LIMIT,False,,,,,,False,0,0,0,0,0,0,0,0,0,0,0,False,False,,0,0,True,False,0,0,0,0,0,0,0,0,0,0,0,0.017854,task_count=30 exceeds B2 max_direct_tasks=10
30-scale fail-closed diagnostic,30,lunar_ice_sp50_030_006_seed929006,B3B_seeded_branch_price_tree,BPC_INCOMPLETE_PRICING,FEASIBLE_INCUMBENT_ONLY,INCOMPLETE_LIMIT,False,,,,,,False,0,0,0,0,0,0,0,0,0,0,0,,,,0,0,True,False,0,0,0,0,0,0,0,0,0,0,0,0.019574,task_count=30 exceeds max_direct_tasks=10; B3 fails closed.
30-scale fail-closed diagnostic,30,lunar_ice_sp50_030_007_seed929007,B0_pure_direct_dp,SKIPPED_TOO_LARGE_FOR_DIRECT_DP_BASELINE,FEASIBLE_INCUMBENT_ONLY,NOT_PRICED,False,,,,,,False,0,0,0,0,0,0,0,0,0,0,0,,,,0,0,False,False,0,0,0,0,0,0,0,0,0,0,0,0.041007,task_count=30 exceeds max_exact_tasks=10
30-scale fail-closed diagnostic,30,lunar_ice_sp50_030_007_seed929007,B2_PRODUCT_EXACT_SOLVER,SKIPPED_TOO_LARGE_FOR_DIRECT_DP_BASELINE,FEASIBLE_INCUMBENT_ONLY,NOT_PRICED,False,,,,,,False,0,0,0,0,0,0,0,0,0,0,0,,,,0,0,False,False,0,0,0,0,0,0,0,0,0,0,0,0.017924,task_count=30 exceeds max_exact_tasks=10
30-scale fail-closed diagnostic,30,lunar_ice_sp50_030_007_seed929007,B2B_R3_true_dual_negative_search_worker,BPC_INCOMPLETE_PRICING,FEASIBLE_INCUMBENT_ONLY,INCOMPLETE_LIMIT,False,,,,,,False,0,0,0,0,0,0,0,0,0,0,0,False,False,,0,0,True,False,0,0,0,0,0,0,0,0,0,0,0,0.018863,task_count=30 exceeds B2 max_direct_tasks=10
30-scale fail-closed diagnostic,30,lunar_ice_sp50_030_007_seed929007,B3B_seeded_branch_price_tree,BPC_INCOMPLETE_PRICING,FEASIBLE_INCUMBENT_ONLY,INCOMPLETE_LIMIT,False,,,,,,False,0,0,0,0,0,0,0,0,0,0,0,,,,0,0,True,False,0,0,0,0,0,0,0,0,0,0,0,0.020918,task_count=30 exceeds max_direct_tasks=10; B3 fails closed.
30-scale fail-closed diagnostic,30,lunar_ice_sp50_030_008_seed929008,B0_pure_direct_dp,SKIPPED_TOO_LARGE_FOR_DIRECT_DP_BASELINE,FEASIBLE_INCUMBENT_ONLY,NOT_PRICED,False,,,,,,False,0,0,0,0,0,0,0,0,0,0,0,,,,0,0,False,False,0,0,0,0,0,0,0,0,0,0,0,0.039275,task_count=30 exceeds max_exact_tasks=10
30-scale fail-closed diagnostic,30,lunar_ice_sp50_030_008_seed929008,B2_PRODUCT_EXACT_SOLVER,SKIPPED_TOO_LARGE_FOR_DIRECT_DP_BASELINE,FEASIBLE_INCUMBENT_ONLY,NOT_PRICED,False,,,,,,False,0,0,0,0,0,0,0,0,0,0,0,,,,0,0,False,False,0,0,0,0,0,0,0,0,0,0,0,0.019964,task_count=30 exceeds max_exact_tasks=10
30-scale fail-closed diagnostic,30,lunar_ice_sp50_030_008_seed929008,B2B_R3_true_dual_negative_search_worker,BPC_INCOMPLETE_PRICING,FEASIBLE_INCUMBENT_ONLY,INCOMPLETE_LIMIT,False,,,,,,False,0,0,0,0,0,0,0,0,0,0,0,False,False,,0,0,True,False,0,0,0,0,0,0,0,0,0,0,0,0.020279,task_count=30 exceeds B2 max_direct_tasks=10
30-scale fail-closed diagnostic,30,lunar_ice_sp50_030_008_seed929008,B3B_seeded_branch_price_tree,BPC_INCOMPLETE_PRICING,FEASIBLE_INCUMBENT_ONLY,INCOMPLETE_LIMIT,False,,,,,,False,0,0,0,0,0,0,0,0,0,0,0,,,,0,0,True,False,0,0,0,0,0,0,0,0,0,0,0,0.018834,task_count=30 exceeds max_direct_tasks=10; B3 fails closed.
30-scale fail-closed diagnostic,30,lunar_ice_sp50_030_009_seed929009,B0_pure_direct_dp,SKIPPED_TOO_LARGE_FOR_DIRECT_DP_BASELINE,FEASIBLE_INCUMBENT_ONLY,NOT_PRICED,False,,,,,,False,0,0,0,0,0,0,0,0,0,0,0,,,,0,0,False,False,0,0,0,0,0,0,0,0,0,0,0,0.048452,task_count=30 exceeds max_exact_tasks=10
30-scale fail-closed diagnostic,30,lunar_ice_sp50_030_009_seed929009,B2_PRODUCT_EXACT_SOLVER,SKIPPED_TOO_LARGE_FOR_DIRECT_DP_BASELINE,FEASIBLE_INCUMBENT_ONLY,NOT_PRICED,False,,,,,,False,0,0,0,0,0,0,0,0,0,0,0,,,,0,0,False,False,0,0,0,0,0,0,0,0,0,0,0,0.021078,task_count=30 exceeds max_exact_tasks=10
30-scale fail-closed diagnostic,30,lunar_ice_sp50_030_009_seed929009,B2B_R3_true_dual_negative_search_worker,BPC_INCOMPLETE_PRICING,FEASIBLE_INCUMBENT_ONLY,INCOMPLETE_LIMIT,False,,,,,,False,0,0,0,0,0,0,0,0,0,0,0,False,False,,0,0,True,False,0,0,0,0,0,0,0,0,0,0,0,0.023245,task_count=30 exceeds B2 max_direct_tasks=10
30-scale fail-closed diagnostic,30,lunar_ice_sp50_030_009_seed929009,B3B_seeded_branch_price_tree,BPC_INCOMPLETE_PRICING,FEASIBLE_INCUMBENT_ONLY,INCOMPLETE_LIMIT,False,,,,,,False,0,0,0,0,0,0,0,0,0,0,0,,,,0,0,True,False,0,0,0,0,0,0,0,0,0,0,0,0.020969,task_count=30 exceeds max_direct_tasks=10; B3 fails closed.
30-scale fail-closed diagnostic,30,lunar_ice_sp50_030_010_seed929010,B0_pure_direct_dp,SKIPPED_TOO_LARGE_FOR_DIRECT_DP_BASELINE,FEASIBLE_INCUMBENT_ONLY,NOT_PRICED,False,,,,,,False,0,0,0,0,0,0,0,0,0,0,0,,,,0,0,False,False,0,0,0,0,0,0,0,0,0,0,0,0.042815,task_count=30 exceeds max_exact_tasks=10
30-scale fail-closed diagnostic,30,lunar_ice_sp50_030_010_seed929010,B2_PRODUCT_EXACT_SOLVER,SKIPPED_TOO_LARGE_FOR_DIRECT_DP_BASELINE,FEASIBLE_INCUMBENT_ONLY,NOT_PRICED,False,,,,,,False,0,0,0,0,0,0,0,0,0,0,0,,,,0,0,False,False,0,0,0,0,0,0,0,0,0,0,0,0.01799,task_count=30 exceeds max_exact_tasks=10
30-scale fail-closed diagnostic,30,lunar_ice_sp50_030_010_seed929010,B2B_R3_true_dual_negative_search_worker,BPC_INCOMPLETE_PRICING,FEASIBLE_INCUMBENT_ONLY,INCOMPLETE_LIMIT,False,,,,,,False,0,0,0,0,0,0,0,0,0,0,0,False,False,,0,0,True,False,0,0,0,0,0,0,0,0,0,0,0,0.017936,task_count=30 exceeds B2 max_direct_tasks=10
30-scale fail-closed diagnostic,30,lunar_ice_sp50_030_010_seed929010,B3B_seeded_branch_price_tree,BPC_INCOMPLETE_PRICING,FEASIBLE_INCUMBENT_ONLY,INCOMPLETE_LIMIT,False,,,,,,False,0,0,0,0,0,0,0,0,0,0,0,,,,0,0,True,False,0,0,0,0,0,0,0,0,0,0,0,0.020327,task_count=30 exceeds max_direct_tasks=10; B3 fails closed.
30-scale fail-closed diagnostic,30,lunar_ice_sp50_030_011_seed929011,B0_pure_direct_dp,SKIPPED_TOO_LARGE_FOR_DIRECT_DP_BASELINE,FEASIBLE_INCUMBENT_ONLY,NOT_PRICED,False,,,,,,False,0,0,0,0,0,0,0,0,0,0,0,,,,0,0,False,False,0,0,0,0,0,0,0,0,0,0,0,0.039823,task_count=30 exceeds max_exact_tasks=10
30-scale fail-closed diagnostic,30,lunar_ice_sp50_030_011_seed929011,B2_PRODUCT_EXACT_SOLVER,SKIPPED_TOO_LARGE_FOR_DIRECT_DP_BASELINE,FEASIBLE_INCUMBENT_ONLY,NOT_PRICED,False,,,,,,False,0,0,0,0,0,0,0,0,0,0,0,,,,0,0,False,False,0,0,0,0,0,0,0,0,0,0,0,0.018159,task_count=30 exceeds max_exact_tasks=10
30-scale fail-closed diagnostic,30,lunar_ice_sp50_030_011_seed929011,B2B_R3_true_dual_negative_search_worker,BPC_INCOMPLETE_PRICING,FEASIBLE_INCUMBENT_ONLY,INCOMPLETE_LIMIT,False,,,,,,False,0,0,0,0,0,0,0,0,0,0,0,False,False,,0,0,True,False,0,0,0,0,0,0,0,0,0,0,0,0.018366,task_count=30 exceeds B2 max_direct_tasks=10
30-scale fail-closed diagnostic,30,lunar_ice_sp50_030_011_seed929011,B3B_seeded_branch_price_tree,BPC_INCOMPLETE_PRICING,FEASIBLE_INCUMBENT_ONLY,INCOMPLETE_LIMIT,False,,,,,,False,0,0,0,0,0,0,0,0,0,0,0,,,,0,0,True,False,0,0,0,0,0,0,0,0,0,0,0,0.019291,task_count=30 exceeds max_direct_tasks=10; B3 fails closed.
30-scale fail-closed diagnostic,30,lunar_ice_sp50_030_012_seed929012,B0_pure_direct_dp,SKIPPED_TOO_LARGE_FOR_DIRECT_DP_BASELINE,FEASIBLE_INCUMBENT_ONLY,NOT_PRICED,False,,,,,,False,0,0,0,0,0,0,0,0,0,0,0,,,,0,0,False,False,0,0,0,0,0,0,0,0,0,0,0,0.04901,task_count=30 exceeds max_exact_tasks=10
30-scale fail-closed diagnostic,30,lunar_ice_sp50_030_012_seed929012,B2_PRODUCT_EXACT_SOLVER,SKIPPED_TOO_LARGE_FOR_DIRECT_DP_BASELINE,FEASIBLE_INCUMBENT_ONLY,NOT_PRICED,False,,,,,,False,0,0,0,0,0,0,0,0,0,0,0,,,,0,0,False,False,0,0,0,0,0,0,0,0,0,0,0,0.019192,task_count=30 exceeds max_exact_tasks=10
30-scale fail-closed diagnostic,30,lunar_ice_sp50_030_012_seed929012,B2B_R3_true_dual_negative_search_worker,BPC_INCOMPLETE_PRICING,FEASIBLE_INCUMBENT_ONLY,INCOMPLETE_LIMIT,False,,,,,,False,0,0,0,0,0,0,0,0,0,0,0,False,False,,0,0,True,False,0,0,0,0,0,0,0,0,0,0,0,0.018489,task_count=30 exceeds B2 max_direct_tasks=10
30-scale fail-closed diagnostic,30,lunar_ice_sp50_030_012_seed929012,B3B_seeded_branch_price_tree,BPC_INCOMPLETE_PRICING,FEASIBLE_INCUMBENT_ONLY,INCOMPLETE_LIMIT,False,,,,,,False,0,0,0,0,0,0,0,0,0,0,0,,,,0,0,True,False,0,0,0,0,0,0,0,0,0,0,0,0.019251,task_count=30 exceeds max_direct_tasks=10; B3 fails closed.
30-scale fail-closed diagnostic,30,lunar_ice_sp50_030_013_seed929013,B0_pure_direct_dp,SKIPPED_TOO_LARGE_FOR_DIRECT_DP_BASELINE,FEASIBLE_INCUMBENT_ONLY,NOT_PRICED,False,,,,,,False,0,0,0,0,0,0,0,0,0,0,0,,,,0,0,False,False,0,0,0,0,0,0,0,0,0,0,0,0.047513,task_count=30 exceeds max_exact_tasks=10
30-scale fail-closed diagnostic,30,lunar_ice_sp50_030_013_seed929013,B2_PRODUCT_EXACT_SOLVER,SKIPPED_TOO_LARGE_FOR_DIRECT_DP_BASELINE,FEASIBLE_INCUMBENT_ONLY,NOT_PRICED,False,,,,,,False,0,0,0,0,0,0,0,0,0,0,0,,,,0,0,False,False,0,0,0,0,0,0,0,0,0,0,0,0.018397,task_count=30 exceeds max_exact_tasks=10
30-scale fail-closed diagnostic,30,lunar_ice_sp50_030_013_seed929013,B2B_R3_true_dual_negative_search_worker,BPC_INCOMPLETE_PRICING,FEASIBLE_INCUMBENT_ONLY,INCOMPLETE_LIMIT,False,,,,,,False,0,0,0,0,0,0,0,0,0,0,0,False,False,,0,0,True,False,0,0,0,0,0,0,0,0,0,0,0,0.017724,task_count=30 exceeds B2 max_direct_tasks=10
30-scale fail-closed diagnostic,30,lunar_ice_sp50_030_013_seed929013,B3B_seeded_branch_price_tree,BPC_INCOMPLETE_PRICING,FEASIBLE_INCUMBENT_ONLY,INCOMPLETE_LIMIT,False,,,,,,False,0,0,0,0,0,0,0,0,0,0,0,,,,0,0,True,False,0,0,0,0,0,0,0,0,0,0,0,0.020051,task_count=30 exceeds max_direct_tasks=10; B3 fails closed.
30-scale fail-closed diagnostic,30,lunar_ice_sp50_030_014_seed929014,B0_pure_direct_dp,SKIPPED_TOO_LARGE_FOR_DIRECT_DP_BASELINE,FEASIBLE_INCUMBENT_ONLY,NOT_PRICED,False,,,,,,False,0,0,0,0,0,0,0,0,0,0,0,,,,0,0,False,False,0,0,0,0,0,0,0,0,0,0,0,0.041517,task_count=30 exceeds max_exact_tasks=10
30-scale fail-closed diagnostic,30,lunar_ice_sp50_030_014_seed929014,B2_PRODUCT_EXACT_SOLVER,SKIPPED_TOO_LARGE_FOR_DIRECT_DP_BASELINE,FEASIBLE_INCUMBENT_ONLY,NOT_PRICED,False,,,,,,False,0,0,0,0,0,0,0,0,0,0,0,,,,0,0,False,False,0,0,0,0,0,0,0,0,0,0,0,0.018746,task_count=30 exceeds max_exact_tasks=10
30-scale fail-closed diagnostic,30,lunar_ice_sp50_030_014_seed929014,B2B_R3_true_dual_negative_search_worker,BPC_INCOMPLETE_PRICING,FEASIBLE_INCUMBENT_ONLY,INCOMPLETE_LIMIT,False,,,,,,False,0,0,0,0,0,0,0,0,0,0,0,False,False,,0,0,True,False,0,0,0,0,0,0,0,0,0,0,0,0.021316,task_count=30 exceeds B2 max_direct_tasks=10
30-scale fail-closed diagnostic,30,lunar_ice_sp50_030_014_seed929014,B3B_seeded_branch_price_tree,BPC_INCOMPLETE_PRICING,FEASIBLE_INCUMBENT_ONLY,INCOMPLETE_LIMIT,False,,,,,,False,0,0,0,0,0,0,0,0,0,0,0,,,,0,0,True,False,0,0,0,0,0,0,0,0,0,0,0,0.023423,task_count=30 exceeds max_direct_tasks=10; B3 fails closed.
30-scale fail-closed diagnostic,30,lunar_ice_sp50_030_015_seed929015,B0_pure_direct_dp,SKIPPED_TOO_LARGE_FOR_DIRECT_DP_BASELINE,FEASIBLE_INCUMBENT_ONLY,NOT_PRICED,False,,,,,,False,0,0,0,0,0,0,0,0,0,0,0,,,,0,0,False,False,0,0,0,0,0,0,0,0,0,0,0,0.047223,task_count=30 exceeds max_exact_tasks=10
30-scale fail-closed diagnostic,30,lunar_ice_sp50_030_015_seed929015,B2_PRODUCT_EXACT_SOLVER,SKIPPED_TOO_LARGE_FOR_DIRECT_DP_BASELINE,FEASIBLE_INCUMBENT_ONLY,NOT_PRICED,False,,,,,,False,0,0,0,0,0,0,0,0,0,0,0,,,,0,0,False,False,0,0,0,0,0,0,0,0,0,0,0,0.018166,task_count=30 exceeds max_exact_tasks=10
30-scale fail-closed diagnostic,30,lunar_ice_sp50_030_015_seed929015,B2B_R3_true_dual_negative_search_worker,BPC_INCOMPLETE_PRICING,FEASIBLE_INCUMBENT_ONLY,INCOMPLETE_LIMIT,False,,,,,,False,0,0,0,0,0,0,0,0,0,0,0,False,False,,0,0,True,False,0,0,0,0,0,0,0,0,0,0,0,0.019348,task_count=30 exceeds B2 max_direct_tasks=10
30-scale fail-closed diagnostic,30,lunar_ice_sp50_030_015_seed929015,B3B_seeded_branch_price_tree,BPC_INCOMPLETE_PRICING,FEASIBLE_INCUMBENT_ONLY,INCOMPLETE_LIMIT,False,,,,,,False,0,0,0,0,0,0,0,0,0,0,0,,,,0,0,True,False,0,0,0,0,0,0,0,0,0,0,0,0.020614,task_count=30 exceeds max_direct_tasks=10; B3 fails closed.
30-scale fail-closed diagnostic,30,lunar_ice_sp50_030_016_seed929016,B0_pure_direct_dp,SKIPPED_TOO_LARGE_FOR_DIRECT_DP_BASELINE,FEASIBLE_INCUMBENT_ONLY,NOT_PRICED,False,,,,,,False,0,0,0,0,0,0,0,0,0,0,0,,,,0,0,False,False,0,0,0,0,0,0,0,0,0,0,0,0.042169,task_count=30 exceeds max_exact_tasks=10
30-scale fail-closed diagnostic,30,lunar_ice_sp50_030_016_seed929016,B2_PRODUCT_EXACT_SOLVER,SKIPPED_TOO_LARGE_FOR_DIRECT_DP_BASELINE,FEASIBLE_INCUMBENT_ONLY,NOT_PRICED,False,,,,,,False,0,0,0,0,0,0,0,0,0,0,0,,,,0,0,False,False,0,0,0,0,0,0,0,0,0,0,0,0.019744,task_count=30 exceeds max_exact_tasks=10
30-scale fail-closed diagnostic,30,lunar_ice_sp50_030_016_seed929016,B2B_R3_true_dual_negative_search_worker,BPC_INCOMPLETE_PRICING,FEASIBLE_INCUMBENT_ONLY,INCOMPLETE_LIMIT,False,,,,,,False,0,0,0,0,0,0,0,0,0,0,0,False,False,,0,0,True,False,0,0,0,0,0,0,0,0,0,0,0,0.019458,task_count=30 exceeds B2 max_direct_tasks=10
30-scale fail-closed diagnostic,30,lunar_ice_sp50_030_016_seed929016,B3B_seeded_branch_price_tree,BPC_INCOMPLETE_PRICING,FEASIBLE_INCUMBENT_ONLY,INCOMPLETE_LIMIT,False,,,,,,False,0,0,0,0,0,0,0,0,0,0,0,,,,0,0,True,False,0,0,0,0,0,0,0,0,0,0,0,0.021998,task_count=30 exceeds max_direct_tasks=10; B3 fails closed.
30-scale fail-closed diagnostic,30,lunar_ice_sp50_030_017_seed929017,B0_pure_direct_dp,SKIPPED_TOO_LARGE_FOR_DIRECT_DP_BASELINE,FEASIBLE_INCUMBENT_ONLY,NOT_PRICED,False,,,,,,False,0,0,0,0,0,0,0,0,0,0,0,,,,0,0,False,False,0,0,0,0,0,0,0,0,0,0,0,0.049201,task_count=30 exceeds max_exact_tasks=10
30-scale fail-closed diagnostic,30,lunar_ice_sp50_030_017_seed929017,B2_PRODUCT_EXACT_SOLVER,SKIPPED_TOO_LARGE_FOR_DIRECT_DP_BASELINE,FEASIBLE_INCUMBENT_ONLY,NOT_PRICED,False,,,,,,False,0,0,0,0,0,0,0,0,0,0,0,,,,0,0,False,False,0,0,0,0,0,0,0,0,0,0,0,0.020756,task_count=30 exceeds max_exact_tasks=10
30-scale fail-closed diagnostic,30,lunar_ice_sp50_030_017_seed929017,B2B_R3_true_dual_negative_search_worker,BPC_INCOMPLETE_PRICING,FEASIBLE_INCUMBENT_ONLY,INCOMPLETE_LIMIT,False,,,,,,False,0,0,0,0,0,0,0,0,0,0,0,False,False,,0,0,True,False,0,0,0,0,0,0,0,0,0,0,0,0.021489,task_count=30 exceeds B2 max_direct_tasks=10
30-scale fail-closed diagnostic,30,lunar_ice_sp50_030_017_seed929017,B3B_seeded_branch_price_tree,BPC_INCOMPLETE_PRICING,FEASIBLE_INCUMBENT_ONLY,INCOMPLETE_LIMIT,False,,,,,,False,0,0,0,0,0,0,0,0,0,0,0,,,,0,0,True,False,0,0,0,0,0,0,0,0,0,0,0,0.022002,task_count=30 exceeds max_direct_tasks=10; B3 fails closed.
30-scale fail-closed diagnostic,30,lunar_ice_sp50_030_018_seed929018,B0_pure_direct_dp,SKIPPED_TOO_LARGE_FOR_DIRECT_DP_BASELINE,FEASIBLE_INCUMBENT_ONLY,NOT_PRICED,False,,,,,,False,0,0,0,0,0,0,0,0,0,0,0,,,,0,0,False,False,0,0,0,0,0,0,0,0,0,0,0,0.047729,task_count=30 exceeds max_exact_tasks=10
30-scale fail-closed diagnostic,30,lunar_ice_sp50_030_018_seed929018,B2_PRODUCT_EXACT_SOLVER,SKIPPED_TOO_LARGE_FOR_DIRECT_DP_BASELINE,FEASIBLE_INCUMBENT_ONLY,NOT_PRICED,False,,,,,,False,0,0,0,0,0,0,0,0,0,0,0,,,,0,0,False,False,0,0,0,0,0,0,0,0,0,0,0,0.019992,task_count=30 exceeds max_exact_tasks=10
30-scale fail-closed diagnostic,30,lunar_ice_sp50_030_018_seed929018,B2B_R3_true_dual_negative_search_worker,BPC_INCOMPLETE_PRICING,FEASIBLE_INCUMBENT_ONLY,INCOMPLETE_LIMIT,False,,,,,,False,0,0,0,0,0,0,0,0,0,0,0,False,False,,0,0,True,False,0,0,0,0,0,0,0,0,0,0,0,0.01964,task_count=30 exceeds B2 max_direct_tasks=10
30-scale fail-closed diagnostic,30,lunar_ice_sp50_030_018_seed929018,B3B_seeded_branch_price_tree,BPC_INCOMPLETE_PRICING,FEASIBLE_INCUMBENT_ONLY,INCOMPLETE_LIMIT,False,,,,,,False,0,0,0,0,0,0,0,0,0,0,0,,,,0,0,True,False,0,0,0,0,0,0,0,0,0,0,0,0.020646,task_count=30 exceeds max_direct_tasks=10; B3 fails closed.
30-scale fail-closed diagnostic,30,lunar_ice_sp50_030_019_seed929019,B0_pure_direct_dp,SKIPPED_TOO_LARGE_FOR_DIRECT_DP_BASELINE,FEASIBLE_INCUMBENT_ONLY,NOT_PRICED,False,,,,,,False,0,0,0,0,0,0,0,0,0,0,0,,,,0,0,False,False,0,0,0,0,0,0,0,0,0,0,0,0.044883,task_count=30 exceeds max_exact_tasks=10
30-scale fail-closed diagnostic,30,lunar_ice_sp50_030_019_seed929019,B2_PRODUCT_EXACT_SOLVER,SKIPPED_TOO_LARGE_FOR_DIRECT_DP_BASELINE,FEASIBLE_INCUMBENT_ONLY,NOT_PRICED,False,,,,,,False,0,0,0,0,0,0,0,0,0,0,0,,,,0,0,False,False,0,0,0,0,0,0,0,0,0,0,0,0.019383,task_count=30 exceeds max_exact_tasks=10
30-scale fail-closed diagnostic,30,lunar_ice_sp50_030_019_seed929019,B2B_R3_true_dual_negative_search_worker,BPC_INCOMPLETE_PRICING,FEASIBLE_INCUMBENT_ONLY,INCOMPLETE_LIMIT,False,,,,,,False,0,0,0,0,0,0,0,0,0,0,0,False,False,,0,0,True,False,0,0,0,0,0,0,0,0,0,0,0,0.019284,task_count=30 exceeds B2 max_direct_tasks=10
30-scale fail-closed diagnostic,30,lunar_ice_sp50_030_019_seed929019,B3B_seeded_branch_price_tree,BPC_INCOMPLETE_PRICING,FEASIBLE_INCUMBENT_ONLY,INCOMPLETE_LIMIT,False,,,,,,False,0,0,0,0,0,0,0,0,0,0,0,,,,0,0,True,False,0,0,0,0,0,0,0,0,0,0,0,0.02109,task_count=30 exceeds max_direct_tasks=10; B3 fails closed.
30-scale fail-closed diagnostic,30,lunar_ice_sp50_030_020_seed929020,B0_pure_direct_dp,SKIPPED_TOO_LARGE_FOR_DIRECT_DP_BASELINE,FEASIBLE_INCUMBENT_ONLY,NOT_PRICED,False,,,,,,False,0,0,0,0,0,0,0,0,0,0,0,,,,0,0,False,False,0,0,0,0,0,0,0,0,0,0,0,0.043691,task_count=30 exceeds max_exact_tasks=10
30-scale fail-closed diagnostic,30,lunar_ice_sp50_030_020_seed929020,B2_PRODUCT_EXACT_SOLVER,SKIPPED_TOO_LARGE_FOR_DIRECT_DP_BASELINE,FEASIBLE_INCUMBENT_ONLY,NOT_PRICED,False,,,,,,False,0,0,0,0,0,0,0,0,0,0,0,,,,0,0,False,False,0,0,0,0,0,0,0,0,0,0,0,0.019032,task_count=30 exceeds max_exact_tasks=10
30-scale fail-closed diagnostic,30,lunar_ice_sp50_030_020_seed929020,B2B_R3_true_dual_negative_search_worker,BPC_INCOMPLETE_PRICING,FEASIBLE_INCUMBENT_ONLY,INCOMPLETE_LIMIT,False,,,,,,False,0,0,0,0,0,0,0,0,0,0,0,False,False,,0,0,True,False,0,0,0,0,0,0,0,0,0,0,0,0.019362,task_count=30 exceeds B2 max_direct_tasks=10
30-scale fail-closed diagnostic,30,lunar_ice_sp50_030_020_seed929020,B3B_seeded_branch_price_tree,BPC_INCOMPLETE_PRICING,FEASIBLE_INCUMBENT_ONLY,INCOMPLETE_LIMIT,False,,,,,,False,0,0,0,0,0,0,0,0,0,0,0,,,,0,0,True,False,0,0,0,0,0,0,0,0,0,0,0,0.021566,task_count=30 exceeds max_direct_tasks=10; B3 fails closed.
