matrix_group,scale,instance_id,baseline_name,candidate_name,algorithm_status,certificate_scope,pricing_state,uses_true_dual_bpc_certificate,official_lower_bound_source,official_lower_bound_scope,B0_direct_objective,root_lp_bound,root_lp_bound_official,root_bound_le_B0_objective,pricing_round_count,final_judge_call_count,candidate_negative_count,addable_negative_count,duplicate_in_current_master_count,in_pool_not_master_count,forbidden_signature_count,branch_filtered_count,cut_filtered_count,selected_count,added_to_master_count,added_column_count,duplicate_only_count,duplicate_only_audit_status,hidden_negative_count,replacement_only_round_count,manual_rc_audit_pass,pricing_rc_audit_pass,proof_debt_unreleased_count,wall_time,fail_closed_reason,certificate_scope_regression,objective_mismatch,improvement_reason
5-scale full,5,lunar_ice_sp50_005_001_seed679001,fixed_graph_direct_dp_oracle,B0_pure_direct_dp,DIRECT_DP_BASELINE_OPTIMAL,DIRECT_DP_FIXED_GRAPH_OPTIMAL,,False,,,1310.952686,,False,,0,0,0,0,0,0,0,0,0,0,0,0,0,,0,0,,,0,0.003945,,False,False,
5-scale full,5,lunar_ice_sp50_005_001_seed679001,accepted_B1,B1A_full_universe_root_audit,BPC_GAP_AVAILABLE,BPC_NODE_LP_CERTIFIED,CERTIFIED_NO_NEGATIVE,True,b1_root_true_dual_pricing_closure,BPC_NODE_LP_CERTIFIED,1310.952686,1310.952686,True,True,1,1,0,0,0,0,0,0,0,0,0,0,0,,0,0,True,True,0,0.085569,,False,False,
5-scale full,5,lunar_ice_sp50_005_001_seed679001,accepted_B1,B1B_seeded_root_CG,BPC_GAP_AVAILABLE,BPC_NODE_LP_CERTIFIED,CERTIFIED_NO_NEGATIVE,True,b1_root_true_dual_pricing_closure,BPC_NODE_LP_CERTIFIED,1310.952686,1310.952686,True,True,3,3,0,0,0,0,0,0,0,0,20,20,0,,0,0,True,True,0,0.13265,,False,False,
5-scale full,5,lunar_ice_sp50_005_001_seed679001,B1A_full_universe_root_audit,B2A_full_universe_rc_audit_fast_path,BPC_GAP_AVAILABLE,BPC_NODE_LP_CERTIFIED,CERTIFIED_NO_NEGATIVE,True,b2a_full_universe_membership_rc_audit,BPC_NODE_LP_CERTIFIED,1310.952686,1310.952686,True,True,1,0,0,0,0,0,0,0,0,0,0,0,0,,0,0,True,True,0,0.008805,,False,False,"wall_time_lower,final_judge_call_count_lower"
5-scale full,5,lunar_ice_sp50_005_001_seed679001,B1B_seeded_root_CG,B2B_seeded_tail_CG,BPC_GAP_AVAILABLE,BPC_NODE_LP_CERTIFIED,CERTIFIED_NO_NEGATIVE,True,b2b_true_dual_pricing_closure,BPC_NODE_LP_CERTIFIED,1310.952686,1310.952686,True,True,3,3,52,52,0,0,0,0,0,52,20,20,0,,0,0,True,True,0,0.13649,,False,False,
5-scale full,5,lunar_ice_sp50_005_002_seed679002,fixed_graph_direct_dp_oracle,B0_pure_direct_dp,DIRECT_DP_BASELINE_OPTIMAL,DIRECT_DP_FIXED_GRAPH_OPTIMAL,,False,,,1349.525425,,False,,0,0,0,0,0,0,0,0,0,0,0,0,0,,0,0,,,0,0.003562,,False,False,
5-scale full,5,lunar_ice_sp50_005_002_seed679002,accepted_B1,B1A_full_universe_root_audit,BPC_GAP_AVAILABLE,BPC_NODE_LP_CERTIFIED,CERTIFIED_NO_NEGATIVE,True,b1_root_true_dual_pricing_closure,BPC_NODE_LP_CERTIFIED,1349.525425,1349.525425,True,True,1,1,0,0,0,0,0,0,0,0,0,0,0,,0,0,True,True,0,0.139068,,False,False,
5-scale full,5,lunar_ice_sp50_005_002_seed679002,accepted_B1,B1B_seeded_root_CG,BPC_GAP_AVAILABLE,BPC_NODE_LP_CERTIFIED,CERTIFIED_NO_NEGATIVE,True,b1_root_true_dual_pricing_closure,BPC_NODE_LP_CERTIFIED,1349.525425,1349.525425,True,True,3,3,0,0,0,0,0,0,0,0,21,21,0,,0,0,True,True,0,0.175521,,False,False,
5-scale full,5,lunar_ice_sp50_005_002_seed679002,B1A_full_universe_root_audit,B2A_full_universe_rc_audit_fast_path,BPC_GAP_AVAILABLE,BPC_NODE_LP_CERTIFIED,CERTIFIED_NO_NEGATIVE,True,b2a_full_universe_membership_rc_audit,BPC_NODE_LP_CERTIFIED,1349.525425,1349.525425,True,True,1,0,0,0,0,0,0,0,0,0,0,0,0,,0,0,True,True,0,0.007327,,False,False,"wall_time_lower,final_judge_call_count_lower"
5-scale full,5,lunar_ice_sp50_005_002_seed679002,B1B_seeded_root_CG,B2B_seeded_tail_CG,BPC_GAP_AVAILABLE,BPC_NODE_LP_CERTIFIED,CERTIFIED_NO_NEGATIVE,True,b2b_true_dual_pricing_closure,BPC_NODE_LP_CERTIFIED,1349.525425,1349.525425,True,True,3,3,53,53,0,0,0,0,0,53,21,21,0,,0,0,True,True,0,0.176327,,False,False,
5-scale full,5,lunar_ice_sp50_005_003_seed679005,fixed_graph_direct_dp_oracle,B0_pure_direct_dp,DIRECT_DP_BASELINE_OPTIMAL,DIRECT_DP_FIXED_GRAPH_OPTIMAL,,False,,,1316.47124,,False,,0,0,0,0,0,0,0,0,0,0,0,0,0,,0,0,,,0,0.004755,,False,False,
5-scale full,5,lunar_ice_sp50_005_003_seed679005,accepted_B1,B1A_full_universe_root_audit,BPC_GAP_AVAILABLE,BPC_NODE_LP_CERTIFIED,CERTIFIED_NO_NEGATIVE,True,b1_root_true_dual_pricing_closure,BPC_NODE_LP_CERTIFIED,1316.47124,1316.47124,True,True,1,1,0,0,0,0,0,0,0,0,0,0,0,,0,0,True,True,0,0.162891,,False,False,
5-scale full,5,lunar_ice_sp50_005_003_seed679005,accepted_B1,B1B_seeded_root_CG,BPC_GAP_AVAILABLE,BPC_NODE_LP_CERTIFIED,CERTIFIED_NO_NEGATIVE,True,b1_root_true_dual_pricing_closure,BPC_NODE_LP_CERTIFIED,1316.47124,1316.47124,True,True,4,4,0,0,0,0,0,0,0,0,20,20,0,,0,0,True,True,0,0.257808,,False,False,
5-scale full,5,lunar_ice_sp50_005_003_seed679005,B1A_full_universe_root_audit,B2A_full_universe_rc_audit_fast_path,BPC_GAP_AVAILABLE,BPC_NODE_LP_CERTIFIED,CERTIFIED_NO_NEGATIVE,True,b2a_full_universe_membership_rc_audit,BPC_NODE_LP_CERTIFIED,1316.47124,1316.47124,True,True,1,0,0,0,0,0,0,0,0,0,0,0,0,,0,0,True,True,0,0.010711,,False,False,"wall_time_lower,final_judge_call_count_lower"
5-scale full,5,lunar_ice_sp50_005_003_seed679005,B1B_seeded_root_CG,B2B_seeded_tail_CG,BPC_GAP_AVAILABLE,BPC_NODE_LP_CERTIFIED,CERTIFIED_NO_NEGATIVE,True,b2b_true_dual_pricing_closure,BPC_NODE_LP_CERTIFIED,1316.47124,1316.47124,True,True,4,4,50,50,0,0,0,0,0,50,20,20,0,,0,0,True,True,0,0.257056,,False,False,wall_time_lower
5-scale full,5,lunar_ice_sp50_005_005_seed679011,fixed_graph_direct_dp_oracle,B0_pure_direct_dp,DIRECT_DP_BASELINE_OPTIMAL,DIRECT_DP_FIXED_GRAPH_OPTIMAL,,False,,,1182.368403,,False,,0,0,0,0,0,0,0,0,0,0,0,0,0,,0,0,,,0,0.00466,,False,False,
5-scale full,5,lunar_ice_sp50_005_005_seed679011,accepted_B1,B1A_full_universe_root_audit,BPC_GAP_AVAILABLE,BPC_NODE_LP_CERTIFIED,CERTIFIED_NO_NEGATIVE,True,b1_root_true_dual_pricing_closure,BPC_NODE_LP_CERTIFIED,1182.368403,1182.368403,True,True,1,1,0,0,0,0,0,0,0,0,0,0,0,,0,0,True,True,0,0.185438,,False,False,
5-scale full,5,lunar_ice_sp50_005_005_seed679011,accepted_B1,B1B_seeded_root_CG,BPC_GAP_AVAILABLE,BPC_NODE_LP_CERTIFIED,CERTIFIED_NO_NEGATIVE,True,b1_root_true_dual_pricing_closure,BPC_NODE_LP_CERTIFIED,1182.368403,1182.368403,True,True,3,3,0,0,0,0,0,0,0,0,21,21,0,,0,0,True,True,0,0.242037,,False,False,
5-scale full,5,lunar_ice_sp50_005_005_seed679011,B1A_full_universe_root_audit,B2A_full_universe_rc_audit_fast_path,BPC_GAP_AVAILABLE,BPC_NODE_LP_CERTIFIED,CERTIFIED_NO_NEGATIVE,True,b2a_full_universe_membership_rc_audit,BPC_NODE_LP_CERTIFIED,1182.368403,1182.368403,True,True,1,0,0,0,0,0,0,0,0,0,0,0,0,,0,0,True,True,0,0.010368,,False,False,"wall_time_lower,final_judge_call_count_lower"
5-scale full,5,lunar_ice_sp50_005_005_seed679011,B1B_seeded_root_CG,B2B_seeded_tail_CG,BPC_GAP_AVAILABLE,BPC_NODE_LP_CERTIFIED,CERTIFIED_NO_NEGATIVE,True,b2b_true_dual_pricing_closure,BPC_NODE_LP_CERTIFIED,1182.368403,1182.368403,True,True,3,3,53,53,0,0,0,0,0,53,21,21,0,,0,0,True,True,0,0.24217,,False,False,
5-scale full,5,lunar_ice_sp50_005_007_seed679013,fixed_graph_direct_dp_oracle,B0_pure_direct_dp,DIRECT_DP_BASELINE_OPTIMAL,DIRECT_DP_FIXED_GRAPH_OPTIMAL,,False,,,1400.622149,,False,,0,0,0,0,0,0,0,0,0,0,0,0,0,,0,0,,,0,0.002972,,False,False,
5-scale full,5,lunar_ice_sp50_005_007_seed679013,accepted_B1,B1A_full_universe_root_audit,BPC_GAP_AVAILABLE,BPC_NODE_LP_CERTIFIED,CERTIFIED_NO_NEGATIVE,True,b1_root_true_dual_pricing_closure,BPC_NODE_LP_CERTIFIED,1400.622149,1400.622149,True,True,1,1,0,0,0,0,0,0,0,0,0,0,0,,0,0,True,True,0,0.264497,,False,False,
5-scale full,5,lunar_ice_sp50_005_007_seed679013,accepted_B1,B1B_seeded_root_CG,BPC_GAP_AVAILABLE,BPC_NODE_LP_CERTIFIED,CERTIFIED_NO_NEGATIVE,True,b1_root_true_dual_pricing_closure,BPC_NODE_LP_CERTIFIED,1400.622149,1400.622149,True,True,4,4,0,0,0,0,0,0,0,0,20,20,0,,0,0,True,True,0,0.345054,,False,False,
5-scale full,5,lunar_ice_sp50_005_007_seed679013,B1A_full_universe_root_audit,B2A_full_universe_rc_audit_fast_path,BPC_GAP_AVAILABLE,BPC_NODE_LP_CERTIFIED,CERTIFIED_NO_NEGATIVE,True,b2a_full_universe_membership_rc_audit,BPC_NODE_LP_CERTIFIED,1400.622149,1400.622149,True,True,1,0,0,0,0,0,0,0,0,0,0,0,0,,0,0,True,True,0,0.00779,,False,False,"wall_time_lower,final_judge_call_count_lower"
5-scale full,5,lunar_ice_sp50_005_007_seed679013,B1B_seeded_root_CG,B2B_seeded_tail_CG,BPC_GAP_AVAILABLE,BPC_NODE_LP_CERTIFIED,CERTIFIED_NO_NEGATIVE,True,b2b_true_dual_pricing_closure,BPC_NODE_LP_CERTIFIED,1400.622149,1400.622149,True,True,4,4,54,54,0,0,0,0,0,54,20,20,0,,0,0,True,True,0,0.347997,,False,False,
5-scale full,5,lunar_ice_sp50_005_006_seed679032,fixed_graph_direct_dp_oracle,B0_pure_direct_dp,DIRECT_DP_BASELINE_OPTIMAL,DIRECT_DP_FIXED_GRAPH_OPTIMAL,,False,,,1244.612406,,False,,0,0,0,0,0,0,0,0,0,0,0,0,0,,0,0,,,0,0.003526,,False,False,
5-scale full,5,lunar_ice_sp50_005_006_seed679032,accepted_B1,B1A_full_universe_root_audit,BPC_GAP_AVAILABLE,BPC_NODE_LP_CERTIFIED,CERTIFIED_NO_NEGATIVE,True,b1_root_true_dual_pricing_closure,BPC_NODE_LP_CERTIFIED,1244.612406,1244.612406,True,True,1,1,0,0,0,0,0,0,0,0,0,0,0,,0,0,True,True,0,0.140789,,False,False,
5-scale full,5,lunar_ice_sp50_005_006_seed679032,accepted_B1,B1B_seeded_root_CG,BPC_GAP_AVAILABLE,BPC_NODE_LP_CERTIFIED,CERTIFIED_NO_NEGATIVE,True,b1_root_true_dual_pricing_closure,BPC_NODE_LP_CERTIFIED,1244.612406,1244.612406,True,True,3,3,0,0,0,0,0,0,0,0,21,21,0,,0,0,True,True,0,0.205552,,False,False,
5-scale full,5,lunar_ice_sp50_005_006_seed679032,B1A_full_universe_root_audit,B2A_full_universe_rc_audit_fast_path,BPC_GAP_AVAILABLE,BPC_NODE_LP_CERTIFIED,CERTIFIED_NO_NEGATIVE,True,b2a_full_universe_membership_rc_audit,BPC_NODE_LP_CERTIFIED,1244.612406,1244.612406,True,True,1,0,0,0,0,0,0,0,0,0,0,0,0,,0,0,True,True,0,0.008004,,False,False,"wall_time_lower,final_judge_call_count_lower"
5-scale full,5,lunar_ice_sp50_005_006_seed679032,B1B_seeded_root_CG,B2B_seeded_tail_CG,BPC_GAP_AVAILABLE,BPC_NODE_LP_CERTIFIED,CERTIFIED_NO_NEGATIVE,True,b2b_true_dual_pricing_closure,BPC_NODE_LP_CERTIFIED,1244.612406,1244.612406,True,True,3,3,53,53,0,0,0,0,0,53,21,21,0,,0,0,True,True,0,0.208464,,False,False,
5-scale full,5,lunar_ice_sp50_005_008_seed679014,fixed_graph_direct_dp_oracle,B0_pure_direct_dp,DIRECT_DP_BASELINE_OPTIMAL,DIRECT_DP_FIXED_GRAPH_OPTIMAL,,False,,,1579.649799,,False,,0,0,0,0,0,0,0,0,0,0,0,0,0,,0,0,,,0,0.005698,,False,False,
5-scale full,5,lunar_ice_sp50_005_008_seed679014,accepted_B1,B1A_full_universe_root_audit,BPC_GAP_AVAILABLE,BPC_NODE_LP_CERTIFIED,CERTIFIED_NO_NEGATIVE,True,b1_root_true_dual_pricing_closure,BPC_NODE_LP_CERTIFIED,1579.649799,1579.649799,True,True,1,1,0,0,0,0,0,0,0,0,0,0,0,,0,0,True,True,0,0.26422,,False,False,
5-scale full,5,lunar_ice_sp50_005_008_seed679014,accepted_B1,B1B_seeded_root_CG,BPC_GAP_AVAILABLE,BPC_NODE_LP_CERTIFIED,CERTIFIED_NO_NEGATIVE,True,b1_root_true_dual_pricing_closure,BPC_NODE_LP_CERTIFIED,1579.649799,1579.649799,True,True,4,4,0,0,0,0,0,0,0,0,21,21,0,,0,0,True,True,0,0.385165,,False,False,
5-scale full,5,lunar_ice_sp50_005_008_seed679014,B1A_full_universe_root_audit,B2A_full_universe_rc_audit_fast_path,BPC_GAP_AVAILABLE,BPC_NODE_LP_CERTIFIED,CERTIFIED_NO_NEGATIVE,True,b2a_full_universe_membership_rc_audit,BPC_NODE_LP_CERTIFIED,1579.649799,1579.649799,True,True,1,0,0,0,0,0,0,0,0,0,0,0,0,,0,0,True,True,0,0.012826,,False,False,"wall_time_lower,final_judge_call_count_lower"
5-scale full,5,lunar_ice_sp50_005_008_seed679014,B1B_seeded_root_CG,B2B_seeded_tail_CG,BPC_GAP_AVAILABLE,BPC_NODE_LP_CERTIFIED,CERTIFIED_NO_NEGATIVE,True,b2b_true_dual_pricing_closure,BPC_NODE_LP_CERTIFIED,1579.649799,1579.649799,True,True,4,4,57,57,0,0,0,0,0,57,21,21,0,,0,0,True,True,0,0.383057,,False,False,wall_time_lower
5-scale full,5,lunar_ice_sp50_005_004_seed679030,fixed_graph_direct_dp_oracle,B0_pure_direct_dp,DIRECT_DP_BASELINE_OPTIMAL,DIRECT_DP_FIXED_GRAPH_OPTIMAL,,False,,,1233.389303,,False,,0,0,0,0,0,0,0,0,0,0,0,0,0,,0,0,,,0,0.003755,,False,False,
5-scale full,5,lunar_ice_sp50_005_004_seed679030,accepted_B1,B1A_full_universe_root_audit,BPC_GAP_AVAILABLE,BPC_NODE_LP_CERTIFIED,CERTIFIED_NO_NEGATIVE,True,b1_root_true_dual_pricing_closure,BPC_NODE_LP_CERTIFIED,1233.389303,1233.389303,True,True,1,1,0,0,0,0,0,0,0,0,0,0,0,,0,0,True,True,0,0.149594,,False,False,
5-scale full,5,lunar_ice_sp50_005_004_seed679030,accepted_B1,B1B_seeded_root_CG,BPC_GAP_AVAILABLE,BPC_NODE_LP_CERTIFIED,CERTIFIED_NO_NEGATIVE,True,b1_root_true_dual_pricing_closure,BPC_NODE_LP_CERTIFIED,1233.389303,1233.389303,True,True,3,3,0,0,0,0,0,0,0,0,19,19,0,,0,0,True,True,0,0.221774,,False,False,
5-scale full,5,lunar_ice_sp50_005_004_seed679030,B1A_full_universe_root_audit,B2A_full_universe_rc_audit_fast_path,BPC_GAP_AVAILABLE,BPC_NODE_LP_CERTIFIED,CERTIFIED_NO_NEGATIVE,True,b2a_full_universe_membership_rc_audit,BPC_NODE_LP_CERTIFIED,1233.389303,1233.389303,True,True,1,0,0,0,0,0,0,0,0,0,0,0,0,,0,0,True,True,0,0.00892,,False,False,"wall_time_lower,final_judge_call_count_lower"
5-scale full,5,lunar_ice_sp50_005_004_seed679030,B1B_seeded_root_CG,B2B_seeded_tail_CG,BPC_GAP_AVAILABLE,BPC_NODE_LP_CERTIFIED,CERTIFIED_NO_NEGATIVE,True,b2b_true_dual_pricing_closure,BPC_NODE_LP_CERTIFIED,1233.389303,1233.389303,True,True,3,3,51,51,0,0,0,0,0,51,19,19,0,,0,0,True,True,0,0.221998,,False,False,
5-scale full,5,lunar_ice_sp50_005_009_seed679015,fixed_graph_direct_dp_oracle,B0_pure_direct_dp,DIRECT_DP_BASELINE_OPTIMAL,DIRECT_DP_FIXED_GRAPH_OPTIMAL,,False,,,1513.217855,,False,,0,0,0,0,0,0,0,0,0,0,0,0,0,,0,0,,,0,0.004389,,False,False,
5-scale full,5,lunar_ice_sp50_005_009_seed679015,accepted_B1,B1A_full_universe_root_audit,BPC_GAP_AVAILABLE,BPC_NODE_LP_CERTIFIED,CERTIFIED_NO_NEGATIVE,True,b1_root_true_dual_pricing_closure,BPC_NODE_LP_CERTIFIED,1513.217855,1513.217855,True,True,1,1,0,0,0,0,0,0,0,0,0,0,0,,0,0,True,True,0,0.226992,,False,False,
5-scale full,5,lunar_ice_sp50_005_009_seed679015,accepted_B1,B1B_seeded_root_CG,BPC_GAP_AVAILABLE,BPC_NODE_LP_CERTIFIED,CERTIFIED_NO_NEGATIVE,True,b1_root_true_dual_pricing_closure,BPC_NODE_LP_CERTIFIED,1513.217855,1513.217855,True,True,3,3,0,0,0,0,0,0,0,0,18,18,0,,0,0,True,True,0,0.283746,,False,False,
5-scale full,5,lunar_ice_sp50_005_009_seed679015,B1A_full_universe_root_audit,B2A_full_universe_rc_audit_fast_path,BPC_GAP_AVAILABLE,BPC_NODE_LP_CERTIFIED,CERTIFIED_NO_NEGATIVE,True,b2a_full_universe_membership_rc_audit,BPC_NODE_LP_CERTIFIED,1513.217855,1513.217855,True,True,1,0,0,0,0,0,0,0,0,0,0,0,0,,0,0,True,True,0,0.009422,,False,False,"wall_time_lower,final_judge_call_count_lower"
5-scale full,5,lunar_ice_sp50_005_009_seed679015,B1B_seeded_root_CG,B2B_seeded_tail_CG,BPC_GAP_AVAILABLE,BPC_NODE_LP_CERTIFIED,CERTIFIED_NO_NEGATIVE,True,b2b_true_dual_pricing_closure,BPC_NODE_LP_CERTIFIED,1513.217855,1513.217855,True,True,3,3,48,48,0,0,0,0,0,48,18,18,0,,0,0,True,True,0,0.288229,,False,False,
5-scale full,5,lunar_ice_sp50_005_012_seed679018,fixed_graph_direct_dp_oracle,B0_pure_direct_dp,DIRECT_DP_BASELINE_OPTIMAL,DIRECT_DP_FIXED_GRAPH_OPTIMAL,,False,,,1431.520203,,False,,0,0,0,0,0,0,0,0,0,0,0,0,0,,0,0,,,0,0.011247,,False,False,
5-scale full,5,lunar_ice_sp50_005_012_seed679018,accepted_B1,B1A_full_universe_root_audit,BPC_GAP_AVAILABLE,BPC_NODE_LP_CERTIFIED,CERTIFIED_NO_NEGATIVE,True,b1_root_true_dual_pricing_closure,BPC_NODE_LP_CERTIFIED,1431.520203,1431.520203,True,True,1,1,0,0,0,0,0,0,0,0,0,0,0,,0,0,True,True,0,0.256337,,False,False,
5-scale full,5,lunar_ice_sp50_005_012_seed679018,accepted_B1,B1B_seeded_root_CG,BPC_GAP_AVAILABLE,BPC_NODE_LP_CERTIFIED,CERTIFIED_NO_NEGATIVE,True,b1_root_true_dual_pricing_closure,BPC_NODE_LP_CERTIFIED,1431.520203,1431.520203,True,True,3,3,0,0,0,0,0,0,0,0,19,19,0,,0,0,True,True,0,0.377658,,False,False,
5-scale full,5,lunar_ice_sp50_005_012_seed679018,B1A_full_universe_root_audit,B2A_full_universe_rc_audit_fast_path,BPC_GAP_AVAILABLE,BPC_NODE_LP_CERTIFIED,CERTIFIED_NO_NEGATIVE,True,b2a_full_universe_membership_rc_audit,BPC_NODE_LP_CERTIFIED,1431.520203,1431.520203,True,True,1,0,0,0,0,0,0,0,0,0,0,0,0,,0,0,True,True,0,0.024459,,False,False,"wall_time_lower,final_judge_call_count_lower"
5-scale full,5,lunar_ice_sp50_005_012_seed679018,B1B_seeded_root_CG,B2B_seeded_tail_CG,BPC_GAP_AVAILABLE,BPC_NODE_LP_CERTIFIED,CERTIFIED_NO_NEGATIVE,True,b2b_true_dual_pricing_closure,BPC_NODE_LP_CERTIFIED,1431.520203,1431.520203,True,True,3,3,47,47,0,0,0,0,0,47,19,19,0,,0,0,True,True,0,0.382996,,False,False,
5-scale full,5,lunar_ice_sp50_005_010_seed679016,fixed_graph_direct_dp_oracle,B0_pure_direct_dp,DIRECT_DP_BASELINE_OPTIMAL,DIRECT_DP_FIXED_GRAPH_OPTIMAL,,False,,,1340.689732,,False,,0,0,0,0,0,0,0,0,0,0,0,0,0,,0,0,,,0,0.007018,,False,False,
5-scale full,5,lunar_ice_sp50_005_010_seed679016,accepted_B1,B1A_full_universe_root_audit,BPC_GAP_AVAILABLE,BPC_NODE_LP_CERTIFIED,CERTIFIED_NO_NEGATIVE,True,b1_root_true_dual_pricing_closure,BPC_NODE_LP_CERTIFIED,1340.689732,1340.689732,True,True,1,1,0,0,0,0,0,0,0,0,0,0,0,,0,0,True,True,0,0.185927,,False,False,
5-scale full,5,lunar_ice_sp50_005_010_seed679016,accepted_B1,B1B_seeded_root_CG,BPC_GAP_AVAILABLE,BPC_NODE_LP_CERTIFIED,CERTIFIED_NO_NEGATIVE,True,b1_root_true_dual_pricing_closure,BPC_NODE_LP_CERTIFIED,1340.689732,1340.689732,True,True,3,3,0,0,0,0,0,0,0,0,21,21,0,,0,0,True,True,0,0.259204,,False,False,
5-scale full,5,lunar_ice_sp50_005_010_seed679016,B1A_full_universe_root_audit,B2A_full_universe_rc_audit_fast_path,BPC_GAP_AVAILABLE,BPC_NODE_LP_CERTIFIED,CERTIFIED_NO_NEGATIVE,True,b2a_full_universe_membership_rc_audit,BPC_NODE_LP_CERTIFIED,1340.689732,1340.689732,True,True,1,0,0,0,0,0,0,0,0,0,0,0,0,,0,0,True,True,0,0.015123,,False,False,"wall_time_lower,final_judge_call_count_lower"
5-scale full,5,lunar_ice_sp50_005_010_seed679016,B1B_seeded_root_CG,B2B_seeded_tail_CG,BPC_GAP_AVAILABLE,BPC_NODE_LP_CERTIFIED,CERTIFIED_NO_NEGATIVE,True,b2b_true_dual_pricing_closure,BPC_NODE_LP_CERTIFIED,1340.689732,1340.689732,True,True,3,3,53,53,0,0,0,0,0,53,21,21,0,,0,0,True,True,0,0.262423,,False,False,
5-scale full,5,lunar_ice_sp50_005_011_seed679017,fixed_graph_direct_dp_oracle,B0_pure_direct_dp,DIRECT_DP_BASELINE_OPTIMAL,DIRECT_DP_FIXED_GRAPH_OPTIMAL,,False,,,1432.954994,,False,,0,0,0,0,0,0,0,0,0,0,0,0,0,,0,0,,,0,0.005695,,False,False,
5-scale full,5,lunar_ice_sp50_005_011_seed679017,accepted_B1,B1A_full_universe_root_audit,BPC_GAP_AVAILABLE,BPC_NODE_LP_CERTIFIED,CERTIFIED_NO_NEGATIVE,True,b1_root_true_dual_pricing_closure,BPC_NODE_LP_CERTIFIED,1432.954994,1432.954994,True,True,1,1,0,0,0,0,0,0,0,0,0,0,0,,0,0,True,True,0,0.310554,,False,False,
5-scale full,5,lunar_ice_sp50_005_011_seed679017,accepted_B1,B1B_seeded_root_CG,BPC_GAP_AVAILABLE,BPC_NODE_LP_CERTIFIED,CERTIFIED_NO_NEGATIVE,True,b1_root_true_dual_pricing_closure,BPC_NODE_LP_CERTIFIED,1432.954994,1432.954994,True,True,3,3,0,0,0,0,0,0,0,0,20,20,0,,0,0,True,True,0,0.404301,,False,False,
5-scale full,5,lunar_ice_sp50_005_011_seed679017,B1A_full_universe_root_audit,B2A_full_universe_rc_audit_fast_path,BPC_GAP_AVAILABLE,BPC_NODE_LP_CERTIFIED,CERTIFIED_NO_NEGATIVE,True,b2a_full_universe_membership_rc_audit,BPC_NODE_LP_CERTIFIED,1432.954994,1432.954994,True,True,1,0,0,0,0,0,0,0,0,0,0,0,0,,0,0,True,True,0,0.011531,,False,False,"wall_time_lower,final_judge_call_count_lower"
5-scale full,5,lunar_ice_sp50_005_011_seed679017,B1B_seeded_root_CG,B2B_seeded_tail_CG,BPC_GAP_AVAILABLE,BPC_NODE_LP_CERTIFIED,CERTIFIED_NO_NEGATIVE,True,b2b_true_dual_pricing_closure,BPC_NODE_LP_CERTIFIED,1432.954994,1432.954994,True,True,3,3,52,52,0,0,0,0,0,52,20,20,0,,0,0,True,True,0,0.401834,,False,False,wall_time_lower
5-scale full,5,lunar_ice_sp50_005_013_seed679019,fixed_graph_direct_dp_oracle,B0_pure_direct_dp,DIRECT_DP_BASELINE_OPTIMAL,DIRECT_DP_FIXED_GRAPH_OPTIMAL,,False,,,1573.234918,,False,,0,0,0,0,0,0,0,0,0,0,0,0,0,,0,0,,,0,0.005076,,False,False,
5-scale full,5,lunar_ice_sp50_005_013_seed679019,accepted_B1,B1A_full_universe_root_audit,BPC_GAP_AVAILABLE,BPC_NODE_LP_CERTIFIED,CERTIFIED_NO_NEGATIVE,True,b1_root_true_dual_pricing_closure,BPC_NODE_LP_CERTIFIED,1573.234918,1573.234918,True,True,1,1,0,0,0,0,0,0,0,0,0,0,0,,0,0,True,True,0,0.250194,,False,False,
5-scale full,5,lunar_ice_sp50_005_013_seed679019,accepted_B1,B1B_seeded_root_CG,BPC_GAP_AVAILABLE,BPC_NODE_LP_CERTIFIED,CERTIFIED_NO_NEGATIVE,True,b1_root_true_dual_pricing_closure,BPC_NODE_LP_CERTIFIED,1573.234918,1573.234918,True,True,3,3,0,0,0,0,0,0,0,0,17,17,0,,0,0,True,True,0,0.326343,,False,False,
5-scale full,5,lunar_ice_sp50_005_013_seed679019,B1A_full_universe_root_audit,B2A_full_universe_rc_audit_fast_path,BPC_GAP_AVAILABLE,BPC_NODE_LP_CERTIFIED,CERTIFIED_NO_NEGATIVE,True,b2a_full_universe_membership_rc_audit,BPC_NODE_LP_CERTIFIED,1573.234918,1573.234918,True,True,1,0,0,0,0,0,0,0,0,0,0,0,0,,0,0,True,True,0,0.011399,,False,False,"wall_time_lower,final_judge_call_count_lower"
5-scale full,5,lunar_ice_sp50_005_013_seed679019,B1B_seeded_root_CG,B2B_seeded_tail_CG,BPC_GAP_AVAILABLE,BPC_NODE_LP_CERTIFIED,CERTIFIED_NO_NEGATIVE,True,b2b_true_dual_pricing_closure,BPC_NODE_LP_CERTIFIED,1573.234918,1573.234918,True,True,3,3,43,43,0,0,0,0,0,43,17,17,0,,0,0,True,True,0,0.327324,,False,False,
5-scale full,5,lunar_ice_sp50_005_014_seed679020,fixed_graph_direct_dp_oracle,B0_pure_direct_dp,DIRECT_DP_BASELINE_OPTIMAL,DIRECT_DP_FIXED_GRAPH_OPTIMAL,,False,,,1544.987555,,False,,0,0,0,0,0,0,0,0,0,0,0,0,0,,0,0,,,0,0.006909,,False,False,
5-scale full,5,lunar_ice_sp50_005_014_seed679020,accepted_B1,B1A_full_universe_root_audit,BPC_GAP_AVAILABLE,BPC_NODE_LP_CERTIFIED,CERTIFIED_NO_NEGATIVE,True,b1_root_true_dual_pricing_closure,BPC_NODE_LP_CERTIFIED,1544.987555,1544.987555,True,True,1,1,0,0,0,0,0,0,0,0,0,0,0,,0,0,True,True,0,0.308792,,False,False,
5-scale full,5,lunar_ice_sp50_005_014_seed679020,accepted_B1,B1B_seeded_root_CG,BPC_GAP_AVAILABLE,BPC_NODE_LP_CERTIFIED,CERTIFIED_NO_NEGATIVE,True,b1_root_true_dual_pricing_closure,BPC_NODE_LP_CERTIFIED,1544.987555,1544.987555,True,True,3,3,0,0,0,0,0,0,0,0,21,21,0,,0,0,True,True,0,0.383298,,False,False,
5-scale full,5,lunar_ice_sp50_005_014_seed679020,B1A_full_universe_root_audit,B2A_full_universe_rc_audit_fast_path,BPC_GAP_AVAILABLE,BPC_NODE_LP_CERTIFIED,CERTIFIED_NO_NEGATIVE,True,b2a_full_universe_membership_rc_audit,BPC_NODE_LP_CERTIFIED,1544.987555,1544.987555,True,True,1,0,0,0,0,0,0,0,0,0,0,0,0,,0,0,True,True,0,0.015471,,False,False,"wall_time_lower,final_judge_call_count_lower"
5-scale full,5,lunar_ice_sp50_005_014_seed679020,B1B_seeded_root_CG,B2B_seeded_tail_CG,BPC_GAP_AVAILABLE,BPC_NODE_LP_CERTIFIED,CERTIFIED_NO_NEGATIVE,True,b2b_true_dual_pricing_closure,BPC_NODE_LP_CERTIFIED,1544.987555,1544.987555,True,True,3,3,55,55,0,0,0,0,0,55,21,21,0,,0,0,True,True,0,0.381744,,False,False,wall_time_lower
5-scale full,5,lunar_ice_sp50_005_015_seed679021,fixed_graph_direct_dp_oracle,B0_pure_direct_dp,DIRECT_DP_BASELINE_OPTIMAL,DIRECT_DP_FIXED_GRAPH_OPTIMAL,,False,,,1529.573117,,False,,0,0,0,0,0,0,0,0,0,0,0,0,0,,0,0,,,0,0.003863,,False,False,
5-scale full,5,lunar_ice_sp50_005_015_seed679021,accepted_B1,B1A_full_universe_root_audit,BPC_GAP_AVAILABLE,BPC_NODE_LP_CERTIFIED,CERTIFIED_NO_NEGATIVE,True,b1_root_true_dual_pricing_closure,BPC_NODE_LP_CERTIFIED,1529.573117,1529.573117,True,True,1,1,0,0,0,0,0,0,0,0,0,0,0,,0,0,True,True,0,0.164118,,False,False,
5-scale full,5,lunar_ice_sp50_005_015_seed679021,accepted_B1,B1B_seeded_root_CG,BPC_GAP_AVAILABLE,BPC_NODE_LP_CERTIFIED,CERTIFIED_NO_NEGATIVE,True,b1_root_true_dual_pricing_closure,BPC_NODE_LP_CERTIFIED,1529.573117,1529.573117,True,True,4,4,0,0,0,0,0,0,0,0,20,20,0,,0,0,True,True,0,0.226432,,False,False,
5-scale full,5,lunar_ice_sp50_005_015_seed679021,B1A_full_universe_root_audit,B2A_full_universe_rc_audit_fast_path,BPC_GAP_AVAILABLE,BPC_NODE_LP_CERTIFIED,CERTIFIED_NO_NEGATIVE,True,b2a_full_universe_membership_rc_audit,BPC_NODE_LP_CERTIFIED,1529.573117,1529.573117,True,True,1,0,0,0,0,0,0,0,0,0,0,0,0,,0,0,True,True,0,0.008778,,False,False,"wall_time_lower,final_judge_call_count_lower"
5-scale full,5,lunar_ice_sp50_005_015_seed679021,B1B_seeded_root_CG,B2B_seeded_tail_CG,BPC_GAP_AVAILABLE,BPC_NODE_LP_CERTIFIED,CERTIFIED_NO_NEGATIVE,True,b2b_true_dual_pricing_closure,BPC_NODE_LP_CERTIFIED,1529.573117,1529.573117,True,True,4,4,54,54,0,0,0,0,0,54,20,20,0,,0,0,True,True,0,0.231217,,False,False,
5-scale full,5,lunar_ice_sp50_005_019_seed679025,fixed_graph_direct_dp_oracle,B0_pure_direct_dp,DIRECT_DP_BASELINE_OPTIMAL,DIRECT_DP_FIXED_GRAPH_OPTIMAL,,False,,,1158.248056,,False,,0,0,0,0,0,0,0,0,0,0,0,0,0,,0,0,,,0,0.00421,,False,False,
5-scale full,5,lunar_ice_sp50_005_019_seed679025,accepted_B1,B1A_full_universe_root_audit,BPC_GAP_AVAILABLE,BPC_NODE_LP_CERTIFIED,CERTIFIED_NO_NEGATIVE,True,b1_root_true_dual_pricing_closure,BPC_NODE_LP_CERTIFIED,1158.248056,1158.248056,True,True,1,1,0,0,0,0,0,0,0,0,0,0,0,,0,0,True,True,0,0.170306,,False,False,
5-scale full,5,lunar_ice_sp50_005_019_seed679025,accepted_B1,B1B_seeded_root_CG,BPC_GAP_AVAILABLE,BPC_NODE_LP_CERTIFIED,CERTIFIED_NO_NEGATIVE,True,b1_root_true_dual_pricing_closure,BPC_NODE_LP_CERTIFIED,1158.248056,1158.248056,True,True,3,3,0,0,0,0,0,0,0,0,21,21,0,,0,0,True,True,0,0.232982,,False,False,
5-scale full,5,lunar_ice_sp50_005_019_seed679025,B1A_full_universe_root_audit,B2A_full_universe_rc_audit_fast_path,BPC_GAP_AVAILABLE,BPC_NODE_LP_CERTIFIED,CERTIFIED_NO_NEGATIVE,True,b2a_full_universe_membership_rc_audit,BPC_NODE_LP_CERTIFIED,1158.248056,1158.248056,True,True,1,0,0,0,0,0,0,0,0,0,0,0,0,,0,0,True,True,0,0.009088,,False,False,"wall_time_lower,final_judge_call_count_lower"
5-scale full,5,lunar_ice_sp50_005_019_seed679025,B1B_seeded_root_CG,B2B_seeded_tail_CG,BPC_GAP_AVAILABLE,BPC_NODE_LP_CERTIFIED,CERTIFIED_NO_NEGATIVE,True,b2b_true_dual_pricing_closure,BPC_NODE_LP_CERTIFIED,1158.248056,1158.248056,True,True,3,3,53,53,0,0,0,0,0,53,21,21,0,,0,0,True,True,0,0.234858,,False,False,
5-scale full,5,lunar_ice_sp50_005_016_seed679062,fixed_graph_direct_dp_oracle,B0_pure_direct_dp,DIRECT_DP_BASELINE_OPTIMAL,DIRECT_DP_FIXED_GRAPH_OPTIMAL,,False,,,1071.627935,,False,,0,0,0,0,0,0,0,0,0,0,0,0,0,,0,0,,,0,0.004572,,False,False,
5-scale full,5,lunar_ice_sp50_005_016_seed679062,accepted_B1,B1A_full_universe_root_audit,BPC_GAP_AVAILABLE,BPC_NODE_LP_CERTIFIED,CERTIFIED_NO_NEGATIVE,True,b1_root_true_dual_pricing_closure,BPC_NODE_LP_CERTIFIED,1071.627935,1071.627935,True,True,1,1,0,0,0,0,0,0,0,0,0,0,0,,0,0,True,True,0,0.110717,,False,False,
5-scale full,5,lunar_ice_sp50_005_016_seed679062,accepted_B1,B1B_seeded_root_CG,BPC_GAP_AVAILABLE,BPC_NODE_LP_CERTIFIED,CERTIFIED_NO_NEGATIVE,True,b1_root_true_dual_pricing_closure,BPC_NODE_LP_CERTIFIED,1071.627935,1071.627935,True,True,3,3,0,0,0,0,0,0,0,0,21,21,0,,0,0,True,True,0,0.165046,,False,False,
5-scale full,5,lunar_ice_sp50_005_016_seed679062,B1A_full_universe_root_audit,B2A_full_universe_rc_audit_fast_path,BPC_GAP_AVAILABLE,BPC_NODE_LP_CERTIFIED,CERTIFIED_NO_NEGATIVE,True,b2a_full_universe_membership_rc_audit,BPC_NODE_LP_CERTIFIED,1071.627935,1071.627935,True,True,1,0,0,0,0,0,0,0,0,0,0,0,0,,0,0,True,True,0,0.009745,,False,False,"wall_time_lower,final_judge_call_count_lower"
5-scale full,5,lunar_ice_sp50_005_016_seed679062,B1B_seeded_root_CG,B2B_seeded_tail_CG,BPC_GAP_AVAILABLE,BPC_NODE_LP_CERTIFIED,CERTIFIED_NO_NEGATIVE,True,b2b_true_dual_pricing_closure,BPC_NODE_LP_CERTIFIED,1071.627935,1071.627935,True,True,3,3,53,53,0,0,0,0,0,53,21,21,0,,0,0,True,True,0,0.167885,,False,False,
5-scale full,5,lunar_ice_sp50_005_020_seed679026,fixed_graph_direct_dp_oracle,B0_pure_direct_dp,DIRECT_DP_BASELINE_OPTIMAL,DIRECT_DP_FIXED_GRAPH_OPTIMAL,,False,,,1330.682244,,False,,0,0,0,0,0,0,0,0,0,0,0,0,0,,0,0,,,0,0.005007,,False,False,
5-scale full,5,lunar_ice_sp50_005_020_seed679026,accepted_B1,B1A_full_universe_root_audit,BPC_GAP_AVAILABLE,BPC_NODE_LP_CERTIFIED,CERTIFIED_NO_NEGATIVE,True,b1_root_true_dual_pricing_closure,BPC_NODE_LP_CERTIFIED,1330.682244,1330.682244,True,True,1,1,0,0,0,0,0,0,0,0,0,0,0,,0,0,True,True,0,0.166692,,False,False,
5-scale full,5,lunar_ice_sp50_005_020_seed679026,accepted_B1,B1B_seeded_root_CG,BPC_GAP_AVAILABLE,BPC_NODE_LP_CERTIFIED,CERTIFIED_NO_NEGATIVE,True,b1_root_true_dual_pricing_closure,BPC_NODE_LP_CERTIFIED,1330.682244,1330.682244,True,True,3,3,0,0,0,0,0,0,0,0,21,21,0,,0,0,True,True,0,0.233541,,False,False,
5-scale full,5,lunar_ice_sp50_005_020_seed679026,B1A_full_universe_root_audit,B2A_full_universe_rc_audit_fast_path,BPC_GAP_AVAILABLE,BPC_NODE_LP_CERTIFIED,CERTIFIED_NO_NEGATIVE,True,b2a_full_universe_membership_rc_audit,BPC_NODE_LP_CERTIFIED,1330.682244,1330.682244,True,True,1,0,0,0,0,0,0,0,0,0,0,0,0,,0,0,True,True,0,0.011371,,False,False,"wall_time_lower,final_judge_call_count_lower"
5-scale full,5,lunar_ice_sp50_005_020_seed679026,B1B_seeded_root_CG,B2B_seeded_tail_CG,BPC_GAP_AVAILABLE,BPC_NODE_LP_CERTIFIED,CERTIFIED_NO_NEGATIVE,True,b2b_true_dual_pricing_closure,BPC_NODE_LP_CERTIFIED,1330.682244,1330.682244,True,True,3,3,53,53,0,0,0,0,0,53,21,21,0,,0,0,True,True,0,0.235766,,False,False,
5-scale full,5,lunar_ice_sp50_005_018_seed679064,fixed_graph_direct_dp_oracle,B0_pure_direct_dp,DIRECT_DP_BASELINE_OPTIMAL,DIRECT_DP_FIXED_GRAPH_OPTIMAL,,False,,,956.173707,,False,,0,0,0,0,0,0,0,0,0,0,0,0,0,,0,0,,,0,0.005419,,False,False,
5-scale full,5,lunar_ice_sp50_005_018_seed679064,accepted_B1,B1A_full_universe_root_audit,BPC_GAP_AVAILABLE,BPC_NODE_LP_CERTIFIED,CERTIFIED_NO_NEGATIVE,True,b1_root_true_dual_pricing_closure,BPC_NODE_LP_CERTIFIED,956.173707,956.173707,True,True,1,1,0,0,0,0,0,0,0,0,0,0,0,,0,0,True,True,0,0.196613,,False,False,
5-scale full,5,lunar_ice_sp50_005_018_seed679064,accepted_B1,B1B_seeded_root_CG,BPC_GAP_AVAILABLE,BPC_NODE_LP_CERTIFIED,CERTIFIED_NO_NEGATIVE,True,b1_root_true_dual_pricing_closure,BPC_NODE_LP_CERTIFIED,956.173707,956.173707,True,True,4,4,0,0,0,0,0,0,0,0,18,18,0,,0,0,True,True,0,0.320951,,False,False,
5-scale full,5,lunar_ice_sp50_005_018_seed679064,B1A_full_universe_root_audit,B2A_full_universe_rc_audit_fast_path,BPC_GAP_AVAILABLE,BPC_NODE_LP_CERTIFIED,CERTIFIED_NO_NEGATIVE,True,b2a_full_universe_membership_rc_audit,BPC_NODE_LP_CERTIFIED,956.173707,956.173707,True,True,1,0,0,0,0,0,0,0,0,0,0,0,0,,0,0,True,True,0,0.012609,,False,False,"wall_time_lower,final_judge_call_count_lower"
5-scale full,5,lunar_ice_sp50_005_018_seed679064,B1B_seeded_root_CG,B2B_seeded_tail_CG,BPC_GAP_AVAILABLE,BPC_NODE_LP_CERTIFIED,CERTIFIED_NO_NEGATIVE,True,b2b_true_dual_pricing_closure,BPC_NODE_LP_CERTIFIED,956.173707,956.173707,True,True,4,4,52,52,0,0,0,0,0,52,18,18,0,,0,0,True,True,0,0.321759,,False,False,
5-scale full,5,lunar_ice_sp50_005_017_seed679123,fixed_graph_direct_dp_oracle,B0_pure_direct_dp,DIRECT_DP_BASELINE_OPTIMAL,DIRECT_DP_FIXED_GRAPH_OPTIMAL,,False,,,1255.420499,,False,,0,0,0,0,0,0,0,0,0,0,0,0,0,,0,0,,,0,0.007914,,False,False,
5-scale full,5,lunar_ice_sp50_005_017_seed679123,accepted_B1,B1A_full_universe_root_audit,BPC_GAP_AVAILABLE,BPC_NODE_LP_CERTIFIED,CERTIFIED_NO_NEGATIVE,True,b1_root_true_dual_pricing_closure,BPC_NODE_LP_CERTIFIED,1255.420499,1255.420499,True,True,1,1,0,0,0,0,0,0,0,0,0,0,0,,0,0,True,True,0,0.240601,,False,False,
5-scale full,5,lunar_ice_sp50_005_017_seed679123,accepted_B1,B1B_seeded_root_CG,BPC_GAP_AVAILABLE,BPC_NODE_LP_CERTIFIED,CERTIFIED_NO_NEGATIVE,True,b1_root_true_dual_pricing_closure,BPC_NODE_LP_CERTIFIED,1255.420499,1255.420499,True,True,3,3,0,0,0,0,0,0,0,0,21,21,0,,0,0,True,True,0,0.36288,,False,False,
5-scale full,5,lunar_ice_sp50_005_017_seed679123,B1A_full_universe_root_audit,B2A_full_universe_rc_audit_fast_path,BPC_GAP_AVAILABLE,BPC_NODE_LP_CERTIFIED,CERTIFIED_NO_NEGATIVE,True,b2a_full_universe_membership_rc_audit,BPC_NODE_LP_CERTIFIED,1255.420499,1255.420499,True,True,1,0,0,0,0,0,0,0,0,0,0,0,0,,0,0,True,True,0,0.01591,,False,False,"wall_time_lower,final_judge_call_count_lower"
5-scale full,5,lunar_ice_sp50_005_017_seed679123,B1B_seeded_root_CG,B2B_seeded_tail_CG,BPC_GAP_AVAILABLE,BPC_NODE_LP_CERTIFIED,CERTIFIED_NO_NEGATIVE,True,b2b_true_dual_pricing_closure,BPC_NODE_LP_CERTIFIED,1255.420499,1255.420499,True,True,3,3,53,53,0,0,0,0,0,53,21,21,0,,0,0,True,True,0,0.365225,,False,False,
10-scale selected5,10,lunar_ice_sp50_010_004_seed729004,fixed_graph_direct_dp_oracle,B0_pure_direct_dp,DIRECT_DP_BASELINE_OPTIMAL,DIRECT_DP_FIXED_GRAPH_OPTIMAL,,False,,,2434.053897,,False,,0,0,0,0,0,0,0,0,0,0,0,0,0,,0,0,,,0,0.11901,,False,False,
10-scale selected5,10,lunar_ice_sp50_010_004_seed729004,accepted_B1,B1A_full_universe_root_audit,BPC_INCOMPLETE_PRICING,FEASIBLE_INCUMBENT_ONLY,INCOMPLETE_LIMIT,False,,,,,False,,0,0,0,0,0,0,0,0,0,0,0,0,0,,0,0,,,0,10.0,row_time_limit_sec=10.0 exceeded at max_direct_tasks=10,False,False,
10-scale selected5,10,lunar_ice_sp50_010_004_seed729004,accepted_B1,B1B_seeded_root_CG,BPC_INCOMPLETE_PRICING,FEASIBLE_INCUMBENT_ONLY,INCOMPLETE_LIMIT,False,,,,,False,,0,0,0,0,0,0,0,0,0,0,0,0,0,,0,0,,,0,10.0,row_time_limit_sec=10.0 exceeded at max_direct_tasks=10,False,False,
10-scale selected5,10,lunar_ice_sp50_010_004_seed729004,B1A_full_universe_root_audit,B2A_full_universe_rc_audit_fast_path,BPC_GAP_AVAILABLE,BPC_NODE_LP_CERTIFIED,CERTIFIED_NO_NEGATIVE,True,b2a_full_universe_membership_rc_audit,BPC_NODE_LP_CERTIFIED,2434.053897,2434.053897,True,True,1,0,0,0,0,0,0,0,0,0,0,0,0,,0,0,True,True,0,0.2579,,False,False,wall_time_lower
10-scale selected5,10,lunar_ice_sp50_010_004_seed729004,B1B_seeded_root_CG,B2B_seeded_tail_CG,BPC_INCOMPLETE_PRICING,FEASIBLE_INCUMBENT_ONLY,INCOMPLETE_LIMIT,False,,,,,False,,0,0,0,0,0,0,0,0,0,0,0,0,0,,0,0,,,0,10.0,row_time_limit_sec=10.0 exceeded at max_direct_tasks=10,False,False,
20-scale fail-closed guard,20,lunar_ice_sp50_020_004_seed829004,fixed_graph_direct_dp_oracle,B0_pure_direct_dp,SKIPPED_TOO_LARGE_FOR_DIRECT_DP_BASELINE,FEASIBLE_INCUMBENT_ONLY,,False,,,,,False,,0,0,0,0,0,0,0,0,0,0,0,0,0,,0,0,,,0,0.000622,task_count=20 exceeds max_exact_tasks=10,False,False,
20-scale fail-closed guard,20,lunar_ice_sp50_020_004_seed829004,accepted_B1,B1A_full_universe_root_audit,BPC_INCOMPLETE_PRICING,FEASIBLE_INCUMBENT_ONLY,INCOMPLETE_LIMIT,False,,,,,False,,0,0,0,0,0,0,0,0,0,0,0,0,0,,0,0,False,False,0,0.000631,task_count=20 exceeds max_direct_tasks=10,False,False,
20-scale fail-closed guard,20,lunar_ice_sp50_020_004_seed829004,accepted_B1,B1B_seeded_root_CG,BPC_INCOMPLETE_PRICING,FEASIBLE_INCUMBENT_ONLY,INCOMPLETE_LIMIT,False,,,,,False,,0,0,0,0,0,0,0,0,0,0,0,0,0,,0,0,False,False,0,0.000704,task_count=20 exceeds max_direct_tasks=10,False,False,
20-scale fail-closed guard,20,lunar_ice_sp50_020_004_seed829004,B1A_full_universe_root_audit,B2A_full_universe_rc_audit_fast_path,BPC_INCOMPLETE_PRICING,FEASIBLE_INCUMBENT_ONLY,INCOMPLETE_LIMIT,False,,,,,False,,0,0,0,0,0,0,0,0,0,0,0,0,0,,0,0,False,False,0,0.000602,task_count=20 exceeds B2 max_direct_tasks=10,False,False,wall_time_lower
20-scale fail-closed guard,20,lunar_ice_sp50_020_004_seed829004,B1B_seeded_root_CG,B2B_seeded_tail_CG,BPC_INCOMPLETE_PRICING,FEASIBLE_INCUMBENT_ONLY,INCOMPLETE_LIMIT,False,,,,,False,,0,0,0,0,0,0,0,0,0,0,0,0,0,,0,0,False,False,0,0.000714,task_count=20 exceeds B2 max_direct_tasks=10,False,False,clearer_fail_closed_reason
20-scale fail-closed guard,20,lunar_ice_sp50_020_002_seed829002,fixed_graph_direct_dp_oracle,B0_pure_direct_dp,SKIPPED_TOO_LARGE_FOR_DIRECT_DP_BASELINE,FEASIBLE_INCUMBENT_ONLY,,False,,,,,False,,0,0,0,0,0,0,0,0,0,0,0,0,0,,0,0,,,0,0.000617,task_count=20 exceeds max_exact_tasks=10,False,False,
20-scale fail-closed guard,20,lunar_ice_sp50_020_002_seed829002,accepted_B1,B1A_full_universe_root_audit,BPC_INCOMPLETE_PRICING,FEASIBLE_INCUMBENT_ONLY,INCOMPLETE_LIMIT,False,,,,,False,,0,0,0,0,0,0,0,0,0,0,0,0,0,,0,0,False,False,0,0.000791,task_count=20 exceeds max_direct_tasks=10,False,False,
20-scale fail-closed guard,20,lunar_ice_sp50_020_002_seed829002,accepted_B1,B1B_seeded_root_CG,BPC_INCOMPLETE_PRICING,FEASIBLE_INCUMBENT_ONLY,INCOMPLETE_LIMIT,False,,,,,False,,0,0,0,0,0,0,0,0,0,0,0,0,0,,0,0,False,False,0,0.000573,task_count=20 exceeds max_direct_tasks=10,False,False,
20-scale fail-closed guard,20,lunar_ice_sp50_020_002_seed829002,B1A_full_universe_root_audit,B2A_full_universe_rc_audit_fast_path,BPC_INCOMPLETE_PRICING,FEASIBLE_INCUMBENT_ONLY,INCOMPLETE_LIMIT,False,,,,,False,,0,0,0,0,0,0,0,0,0,0,0,0,0,,0,0,False,False,0,0.000797,task_count=20 exceeds B2 max_direct_tasks=10,False,False,clearer_fail_closed_reason
20-scale fail-closed guard,20,lunar_ice_sp50_020_002_seed829002,B1B_seeded_root_CG,B2B_seeded_tail_CG,BPC_INCOMPLETE_PRICING,FEASIBLE_INCUMBENT_ONLY,INCOMPLETE_LIMIT,False,,,,,False,,0,0,0,0,0,0,0,0,0,0,0,0,0,,0,0,False,False,0,0.000603,task_count=20 exceeds B2 max_direct_tasks=10,False,False,clearer_fail_closed_reason
20-scale fail-closed guard,20,lunar_ice_sp50_020_001_seed829001,fixed_graph_direct_dp_oracle,B0_pure_direct_dp,SKIPPED_TOO_LARGE_FOR_DIRECT_DP_BASELINE,FEASIBLE_INCUMBENT_ONLY,,False,,,,,False,,0,0,0,0,0,0,0,0,0,0,0,0,0,,0,0,,,0,0.000929,task_count=20 exceeds max_exact_tasks=10,False,False,
20-scale fail-closed guard,20,lunar_ice_sp50_020_001_seed829001,accepted_B1,B1A_full_universe_root_audit,BPC_INCOMPLETE_PRICING,FEASIBLE_INCUMBENT_ONLY,INCOMPLETE_LIMIT,False,,,,,False,,0,0,0,0,0,0,0,0,0,0,0,0,0,,0,0,False,False,0,0.000674,task_count=20 exceeds max_direct_tasks=10,False,False,
20-scale fail-closed guard,20,lunar_ice_sp50_020_001_seed829001,accepted_B1,B1B_seeded_root_CG,BPC_INCOMPLETE_PRICING,FEASIBLE_INCUMBENT_ONLY,INCOMPLETE_LIMIT,False,,,,,False,,0,0,0,0,0,0,0,0,0,0,0,0,0,,0,0,False,False,0,0.00068,task_count=20 exceeds max_direct_tasks=10,False,False,
20-scale fail-closed guard,20,lunar_ice_sp50_020_001_seed829001,B1A_full_universe_root_audit,B2A_full_universe_rc_audit_fast_path,BPC_INCOMPLETE_PRICING,FEASIBLE_INCUMBENT_ONLY,INCOMPLETE_LIMIT,False,,,,,False,,0,0,0,0,0,0,0,0,0,0,0,0,0,,0,0,False,False,0,0.000825,task_count=20 exceeds B2 max_direct_tasks=10,False,False,clearer_fail_closed_reason
20-scale fail-closed guard,20,lunar_ice_sp50_020_001_seed829001,B1B_seeded_root_CG,B2B_seeded_tail_CG,BPC_INCOMPLETE_PRICING,FEASIBLE_INCUMBENT_ONLY,INCOMPLETE_LIMIT,False,,,,,False,,0,0,0,0,0,0,0,0,0,0,0,0,0,,0,0,False,False,0,0.000709,task_count=20 exceeds B2 max_direct_tasks=10,False,False,clearer_fail_closed_reason
20-scale fail-closed guard,20,lunar_ice_sp50_020_003_seed829003,fixed_graph_direct_dp_oracle,B0_pure_direct_dp,SKIPPED_TOO_LARGE_FOR_DIRECT_DP_BASELINE,FEASIBLE_INCUMBENT_ONLY,,False,,,,,False,,0,0,0,0,0,0,0,0,0,0,0,0,0,,0,0,,,0,0.00061,task_count=20 exceeds max_exact_tasks=10,False,False,
20-scale fail-closed guard,20,lunar_ice_sp50_020_003_seed829003,accepted_B1,B1A_full_universe_root_audit,BPC_INCOMPLETE_PRICING,FEASIBLE_INCUMBENT_ONLY,INCOMPLETE_LIMIT,False,,,,,False,,0,0,0,0,0,0,0,0,0,0,0,0,0,,0,0,False,False,0,0.000761,task_count=20 exceeds max_direct_tasks=10,False,False,
20-scale fail-closed guard,20,lunar_ice_sp50_020_003_seed829003,accepted_B1,B1B_seeded_root_CG,BPC_INCOMPLETE_PRICING,FEASIBLE_INCUMBENT_ONLY,INCOMPLETE_LIMIT,False,,,,,False,,0,0,0,0,0,0,0,0,0,0,0,0,0,,0,0,False,False,0,0.000607,task_count=20 exceeds max_direct_tasks=10,False,False,
20-scale fail-closed guard,20,lunar_ice_sp50_020_003_seed829003,B1A_full_universe_root_audit,B2A_full_universe_rc_audit_fast_path,BPC_INCOMPLETE_PRICING,FEASIBLE_INCUMBENT_ONLY,INCOMPLETE_LIMIT,False,,,,,False,,0,0,0,0,0,0,0,0,0,0,0,0,0,,0,0,False,False,0,0.001009,task_count=20 exceeds B2 max_direct_tasks=10,False,False,clearer_fail_closed_reason
20-scale fail-closed guard,20,lunar_ice_sp50_020_003_seed829003,B1B_seeded_root_CG,B2B_seeded_tail_CG,BPC_INCOMPLETE_PRICING,FEASIBLE_INCUMBENT_ONLY,INCOMPLETE_LIMIT,False,,,,,False,,0,0,0,0,0,0,0,0,0,0,0,0,0,,0,0,False,False,0,0.000637,task_count=20 exceeds B2 max_direct_tasks=10,False,False,clearer_fail_closed_reason
20-scale fail-closed guard,20,lunar_ice_sp50_020_005_seed829005,fixed_graph_direct_dp_oracle,B0_pure_direct_dp,SKIPPED_TOO_LARGE_FOR_DIRECT_DP_BASELINE,FEASIBLE_INCUMBENT_ONLY,,False,,,,,False,,0,0,0,0,0,0,0,0,0,0,0,0,0,,0,0,,,0,0.000806,task_count=20 exceeds max_exact_tasks=10,False,False,
20-scale fail-closed guard,20,lunar_ice_sp50_020_005_seed829005,accepted_B1,B1A_full_universe_root_audit,BPC_INCOMPLETE_PRICING,FEASIBLE_INCUMBENT_ONLY,INCOMPLETE_LIMIT,False,,,,,False,,0,0,0,0,0,0,0,0,0,0,0,0,0,,0,0,False,False,0,0.000632,task_count=20 exceeds max_direct_tasks=10,False,False,
20-scale fail-closed guard,20,lunar_ice_sp50_020_005_seed829005,accepted_B1,B1B_seeded_root_CG,BPC_INCOMPLETE_PRICING,FEASIBLE_INCUMBENT_ONLY,INCOMPLETE_LIMIT,False,,,,,False,,0,0,0,0,0,0,0,0,0,0,0,0,0,,0,0,False,False,0,0.00069,task_count=20 exceeds max_direct_tasks=10,False,False,
20-scale fail-closed guard,20,lunar_ice_sp50_020_005_seed829005,B1A_full_universe_root_audit,B2A_full_universe_rc_audit_fast_path,BPC_INCOMPLETE_PRICING,FEASIBLE_INCUMBENT_ONLY,INCOMPLETE_LIMIT,False,,,,,False,,0,0,0,0,0,0,0,0,0,0,0,0,0,,0,0,False,False,0,0.000693,task_count=20 exceeds B2 max_direct_tasks=10,False,False,clearer_fail_closed_reason
20-scale fail-closed guard,20,lunar_ice_sp50_020_005_seed829005,B1B_seeded_root_CG,B2B_seeded_tail_CG,BPC_INCOMPLETE_PRICING,FEASIBLE_INCUMBENT_ONLY,INCOMPLETE_LIMIT,False,,,,,False,,0,0,0,0,0,0,0,0,0,0,0,0,0,,0,0,False,False,0,0.000674,task_count=20 exceeds B2 max_direct_tasks=10,False,False,wall_time_lower
20-scale fail-closed guard,20,lunar_ice_sp50_020_008_seed829008,fixed_graph_direct_dp_oracle,B0_pure_direct_dp,SKIPPED_TOO_LARGE_FOR_DIRECT_DP_BASELINE,FEASIBLE_INCUMBENT_ONLY,,False,,,,,False,,0,0,0,0,0,0,0,0,0,0,0,0,0,,0,0,,,0,0.000605,task_count=20 exceeds max_exact_tasks=10,False,False,
20-scale fail-closed guard,20,lunar_ice_sp50_020_008_seed829008,accepted_B1,B1A_full_universe_root_audit,BPC_INCOMPLETE_PRICING,FEASIBLE_INCUMBENT_ONLY,INCOMPLETE_LIMIT,False,,,,,False,,0,0,0,0,0,0,0,0,0,0,0,0,0,,0,0,False,False,0,0.000805,task_count=20 exceeds max_direct_tasks=10,False,False,
20-scale fail-closed guard,20,lunar_ice_sp50_020_008_seed829008,accepted_B1,B1B_seeded_root_CG,BPC_INCOMPLETE_PRICING,FEASIBLE_INCUMBENT_ONLY,INCOMPLETE_LIMIT,False,,,,,False,,0,0,0,0,0,0,0,0,0,0,0,0,0,,0,0,False,False,0,0.000617,task_count=20 exceeds max_direct_tasks=10,False,False,
20-scale fail-closed guard,20,lunar_ice_sp50_020_008_seed829008,B1A_full_universe_root_audit,B2A_full_universe_rc_audit_fast_path,BPC_INCOMPLETE_PRICING,FEASIBLE_INCUMBENT_ONLY,INCOMPLETE_LIMIT,False,,,,,False,,0,0,0,0,0,0,0,0,0,0,0,0,0,,0,0,False,False,0,0.000773,task_count=20 exceeds B2 max_direct_tasks=10,False,False,wall_time_lower
20-scale fail-closed guard,20,lunar_ice_sp50_020_008_seed829008,B1B_seeded_root_CG,B2B_seeded_tail_CG,BPC_INCOMPLETE_PRICING,FEASIBLE_INCUMBENT_ONLY,INCOMPLETE_LIMIT,False,,,,,False,,0,0,0,0,0,0,0,0,0,0,0,0,0,,0,0,False,False,0,0.000613,task_count=20 exceeds B2 max_direct_tasks=10,False,False,wall_time_lower
20-scale fail-closed guard,20,lunar_ice_sp50_020_006_seed829006,fixed_graph_direct_dp_oracle,B0_pure_direct_dp,SKIPPED_TOO_LARGE_FOR_DIRECT_DP_BASELINE,FEASIBLE_INCUMBENT_ONLY,,False,,,,,False,,0,0,0,0,0,0,0,0,0,0,0,0,0,,0,0,,,0,0.000694,task_count=20 exceeds max_exact_tasks=10,False,False,
20-scale fail-closed guard,20,lunar_ice_sp50_020_006_seed829006,accepted_B1,B1A_full_universe_root_audit,BPC_INCOMPLETE_PRICING,FEASIBLE_INCUMBENT_ONLY,INCOMPLETE_LIMIT,False,,,,,False,,0,0,0,0,0,0,0,0,0,0,0,0,0,,0,0,False,False,0,0.000602,task_count=20 exceeds max_direct_tasks=10,False,False,
20-scale fail-closed guard,20,lunar_ice_sp50_020_006_seed829006,accepted_B1,B1B_seeded_root_CG,BPC_INCOMPLETE_PRICING,FEASIBLE_INCUMBENT_ONLY,INCOMPLETE_LIMIT,False,,,,,False,,0,0,0,0,0,0,0,0,0,0,0,0,0,,0,0,False,False,0,0.000652,task_count=20 exceeds max_direct_tasks=10,False,False,
20-scale fail-closed guard,20,lunar_ice_sp50_020_006_seed829006,B1A_full_universe_root_audit,B2A_full_universe_rc_audit_fast_path,BPC_INCOMPLETE_PRICING,FEASIBLE_INCUMBENT_ONLY,INCOMPLETE_LIMIT,False,,,,,False,,0,0,0,0,0,0,0,0,0,0,0,0,0,,0,0,False,False,0,0.00155,task_count=20 exceeds B2 max_direct_tasks=10,False,False,clearer_fail_closed_reason
20-scale fail-closed guard,20,lunar_ice_sp50_020_006_seed829006,B1B_seeded_root_CG,B2B_seeded_tail_CG,BPC_INCOMPLETE_PRICING,FEASIBLE_INCUMBENT_ONLY,INCOMPLETE_LIMIT,False,,,,,False,,0,0,0,0,0,0,0,0,0,0,0,0,0,,0,0,False,False,0,0.000698,task_count=20 exceeds B2 max_direct_tasks=10,False,False,clearer_fail_closed_reason
20-scale fail-closed guard,20,lunar_ice_sp50_020_009_seed829009,fixed_graph_direct_dp_oracle,B0_pure_direct_dp,SKIPPED_TOO_LARGE_FOR_DIRECT_DP_BASELINE,FEASIBLE_INCUMBENT_ONLY,,False,,,,,False,,0,0,0,0,0,0,0,0,0,0,0,0,0,,0,0,,,0,0.000848,task_count=20 exceeds max_exact_tasks=10,False,False,
20-scale fail-closed guard,20,lunar_ice_sp50_020_009_seed829009,accepted_B1,B1A_full_universe_root_audit,BPC_INCOMPLETE_PRICING,FEASIBLE_INCUMBENT_ONLY,INCOMPLETE_LIMIT,False,,,,,False,,0,0,0,0,0,0,0,0,0,0,0,0,0,,0,0,False,False,0,0.000685,task_count=20 exceeds max_direct_tasks=10,False,False,
20-scale fail-closed guard,20,lunar_ice_sp50_020_009_seed829009,accepted_B1,B1B_seeded_root_CG,BPC_INCOMPLETE_PRICING,FEASIBLE_INCUMBENT_ONLY,INCOMPLETE_LIMIT,False,,,,,False,,0,0,0,0,0,0,0,0,0,0,0,0,0,,0,0,False,False,0,0.000835,task_count=20 exceeds max_direct_tasks=10,False,False,
20-scale fail-closed guard,20,lunar_ice_sp50_020_009_seed829009,B1A_full_universe_root_audit,B2A_full_universe_rc_audit_fast_path,BPC_INCOMPLETE_PRICING,FEASIBLE_INCUMBENT_ONLY,INCOMPLETE_LIMIT,False,,,,,False,,0,0,0,0,0,0,0,0,0,0,0,0,0,,0,0,False,False,0,0.0006,task_count=20 exceeds B2 max_direct_tasks=10,False,False,wall_time_lower
20-scale fail-closed guard,20,lunar_ice_sp50_020_009_seed829009,B1B_seeded_root_CG,B2B_seeded_tail_CG,BPC_INCOMPLETE_PRICING,FEASIBLE_INCUMBENT_ONLY,INCOMPLETE_LIMIT,False,,,,,False,,0,0,0,0,0,0,0,0,0,0,0,0,0,,0,0,False,False,0,0.000708,task_count=20 exceeds B2 max_direct_tasks=10,False,False,wall_time_lower
20-scale fail-closed guard,20,lunar_ice_sp50_020_010_seed829010,fixed_graph_direct_dp_oracle,B0_pure_direct_dp,SKIPPED_TOO_LARGE_FOR_DIRECT_DP_BASELINE,FEASIBLE_INCUMBENT_ONLY,,False,,,,,False,,0,0,0,0,0,0,0,0,0,0,0,0,0,,0,0,,,0,0.00081,task_count=20 exceeds max_exact_tasks=10,False,False,
20-scale fail-closed guard,20,lunar_ice_sp50_020_010_seed829010,accepted_B1,B1A_full_universe_root_audit,BPC_INCOMPLETE_PRICING,FEASIBLE_INCUMBENT_ONLY,INCOMPLETE_LIMIT,False,,,,,False,,0,0,0,0,0,0,0,0,0,0,0,0,0,,0,0,False,False,0,0.000643,task_count=20 exceeds max_direct_tasks=10,False,False,
20-scale fail-closed guard,20,lunar_ice_sp50_020_010_seed829010,accepted_B1,B1B_seeded_root_CG,BPC_INCOMPLETE_PRICING,FEASIBLE_INCUMBENT_ONLY,INCOMPLETE_LIMIT,False,,,,,False,,0,0,0,0,0,0,0,0,0,0,0,0,0,,0,0,False,False,0,0.000773,task_count=20 exceeds max_direct_tasks=10,False,False,
20-scale fail-closed guard,20,lunar_ice_sp50_020_010_seed829010,B1A_full_universe_root_audit,B2A_full_universe_rc_audit_fast_path,BPC_INCOMPLETE_PRICING,FEASIBLE_INCUMBENT_ONLY,INCOMPLETE_LIMIT,False,,,,,False,,0,0,0,0,0,0,0,0,0,0,0,0,0,,0,0,False,False,0,0.000894,task_count=20 exceeds B2 max_direct_tasks=10,False,False,clearer_fail_closed_reason
20-scale fail-closed guard,20,lunar_ice_sp50_020_010_seed829010,B1B_seeded_root_CG,B2B_seeded_tail_CG,BPC_INCOMPLETE_PRICING,FEASIBLE_INCUMBENT_ONLY,INCOMPLETE_LIMIT,False,,,,,False,,0,0,0,0,0,0,0,0,0,0,0,0,0,,0,0,False,False,0,0.000727,task_count=20 exceeds B2 max_direct_tasks=10,False,False,wall_time_lower
20-scale fail-closed guard,20,lunar_ice_sp50_020_007_seed829027,fixed_graph_direct_dp_oracle,B0_pure_direct_dp,SKIPPED_TOO_LARGE_FOR_DIRECT_DP_BASELINE,FEASIBLE_INCUMBENT_ONLY,,False,,,,,False,,0,0,0,0,0,0,0,0,0,0,0,0,0,,0,0,,,0,0.000602,task_count=20 exceeds max_exact_tasks=10,False,False,
20-scale fail-closed guard,20,lunar_ice_sp50_020_007_seed829027,accepted_B1,B1A_full_universe_root_audit,BPC_INCOMPLETE_PRICING,FEASIBLE_INCUMBENT_ONLY,INCOMPLETE_LIMIT,False,,,,,False,,0,0,0,0,0,0,0,0,0,0,0,0,0,,0,0,False,False,0,0.000802,task_count=20 exceeds max_direct_tasks=10,False,False,
20-scale fail-closed guard,20,lunar_ice_sp50_020_007_seed829027,accepted_B1,B1B_seeded_root_CG,BPC_INCOMPLETE_PRICING,FEASIBLE_INCUMBENT_ONLY,INCOMPLETE_LIMIT,False,,,,,False,,0,0,0,0,0,0,0,0,0,0,0,0,0,,0,0,False,False,0,0.000563,task_count=20 exceeds max_direct_tasks=10,False,False,
20-scale fail-closed guard,20,lunar_ice_sp50_020_007_seed829027,B1A_full_universe_root_audit,B2A_full_universe_rc_audit_fast_path,BPC_INCOMPLETE_PRICING,FEASIBLE_INCUMBENT_ONLY,INCOMPLETE_LIMIT,False,,,,,False,,0,0,0,0,0,0,0,0,0,0,0,0,0,,0,0,False,False,0,0.000773,task_count=20 exceeds B2 max_direct_tasks=10,False,False,wall_time_lower
20-scale fail-closed guard,20,lunar_ice_sp50_020_007_seed829027,B1B_seeded_root_CG,B2B_seeded_tail_CG,BPC_INCOMPLETE_PRICING,FEASIBLE_INCUMBENT_ONLY,INCOMPLETE_LIMIT,False,,,,,False,,0,0,0,0,0,0,0,0,0,0,0,0,0,,0,0,False,False,0,0.00071,task_count=20 exceeds B2 max_direct_tasks=10,False,False,clearer_fail_closed_reason
20-scale fail-closed guard,20,lunar_ice_sp50_020_011_seed829011,fixed_graph_direct_dp_oracle,B0_pure_direct_dp,SKIPPED_TOO_LARGE_FOR_DIRECT_DP_BASELINE,FEASIBLE_INCUMBENT_ONLY,,False,,,,,False,,0,0,0,0,0,0,0,0,0,0,0,0,0,,0,0,,,0,0.000713,task_count=20 exceeds max_exact_tasks=10,False,False,
20-scale fail-closed guard,20,lunar_ice_sp50_020_011_seed829011,accepted_B1,B1A_full_universe_root_audit,BPC_INCOMPLETE_PRICING,FEASIBLE_INCUMBENT_ONLY,INCOMPLETE_LIMIT,False,,,,,False,,0,0,0,0,0,0,0,0,0,0,0,0,0,,0,0,False,False,0,0.000649,task_count=20 exceeds max_direct_tasks=10,False,False,
20-scale fail-closed guard,20,lunar_ice_sp50_020_011_seed829011,accepted_B1,B1B_seeded_root_CG,BPC_INCOMPLETE_PRICING,FEASIBLE_INCUMBENT_ONLY,INCOMPLETE_LIMIT,False,,,,,False,,0,0,0,0,0,0,0,0,0,0,0,0,0,,0,0,False,False,0,0.000728,task_count=20 exceeds max_direct_tasks=10,False,False,
20-scale fail-closed guard,20,lunar_ice_sp50_020_011_seed829011,B1A_full_universe_root_audit,B2A_full_universe_rc_audit_fast_path,BPC_INCOMPLETE_PRICING,FEASIBLE_INCUMBENT_ONLY,INCOMPLETE_LIMIT,False,,,,,False,,0,0,0,0,0,0,0,0,0,0,0,0,0,,0,0,False,False,0,0.000791,task_count=20 exceeds B2 max_direct_tasks=10,False,False,clearer_fail_closed_reason
20-scale fail-closed guard,20,lunar_ice_sp50_020_011_seed829011,B1B_seeded_root_CG,B2B_seeded_tail_CG,BPC_INCOMPLETE_PRICING,FEASIBLE_INCUMBENT_ONLY,INCOMPLETE_LIMIT,False,,,,,False,,0,0,0,0,0,0,0,0,0,0,0,0,0,,0,0,False,False,0,0.000615,task_count=20 exceeds B2 max_direct_tasks=10,False,False,wall_time_lower
20-scale fail-closed guard,20,lunar_ice_sp50_020_012_seed829012,fixed_graph_direct_dp_oracle,B0_pure_direct_dp,SKIPPED_TOO_LARGE_FOR_DIRECT_DP_BASELINE,FEASIBLE_INCUMBENT_ONLY,,False,,,,,False,,0,0,0,0,0,0,0,0,0,0,0,0,0,,0,0,,,0,0.000769,task_count=20 exceeds max_exact_tasks=10,False,False,
20-scale fail-closed guard,20,lunar_ice_sp50_020_012_seed829012,accepted_B1,B1A_full_universe_root_audit,BPC_INCOMPLETE_PRICING,FEASIBLE_INCUMBENT_ONLY,INCOMPLETE_LIMIT,False,,,,,False,,0,0,0,0,0,0,0,0,0,0,0,0,0,,0,0,False,False,0,0.000643,task_count=20 exceeds max_direct_tasks=10,False,False,
20-scale fail-closed guard,20,lunar_ice_sp50_020_012_seed829012,accepted_B1,B1B_seeded_root_CG,BPC_INCOMPLETE_PRICING,FEASIBLE_INCUMBENT_ONLY,INCOMPLETE_LIMIT,False,,,,,False,,0,0,0,0,0,0,0,0,0,0,0,0,0,,0,0,False,False,0,0.000808,task_count=20 exceeds max_direct_tasks=10,False,False,
20-scale fail-closed guard,20,lunar_ice_sp50_020_012_seed829012,B1A_full_universe_root_audit,B2A_full_universe_rc_audit_fast_path,BPC_INCOMPLETE_PRICING,FEASIBLE_INCUMBENT_ONLY,INCOMPLETE_LIMIT,False,,,,,False,,0,0,0,0,0,0,0,0,0,0,0,0,0,,0,0,False,False,0,0.000717,task_count=20 exceeds B2 max_direct_tasks=10,False,False,clearer_fail_closed_reason
20-scale fail-closed guard,20,lunar_ice_sp50_020_012_seed829012,B1B_seeded_root_CG,B2B_seeded_tail_CG,BPC_INCOMPLETE_PRICING,FEASIBLE_INCUMBENT_ONLY,INCOMPLETE_LIMIT,False,,,,,False,,0,0,0,0,0,0,0,0,0,0,0,0,0,,0,0,False,False,0,0.000737,task_count=20 exceeds B2 max_direct_tasks=10,False,False,wall_time_lower
20-scale fail-closed guard,20,lunar_ice_sp50_020_013_seed829013,fixed_graph_direct_dp_oracle,B0_pure_direct_dp,SKIPPED_TOO_LARGE_FOR_DIRECT_DP_BASELINE,FEASIBLE_INCUMBENT_ONLY,,False,,,,,False,,0,0,0,0,0,0,0,0,0,0,0,0,0,,0,0,,,0,0.000778,task_count=20 exceeds max_exact_tasks=10,False,False,
20-scale fail-closed guard,20,lunar_ice_sp50_020_013_seed829013,accepted_B1,B1A_full_universe_root_audit,BPC_INCOMPLETE_PRICING,FEASIBLE_INCUMBENT_ONLY,INCOMPLETE_LIMIT,False,,,,,False,,0,0,0,0,0,0,0,0,0,0,0,0,0,,0,0,False,False,0,0.000598,task_count=20 exceeds max_direct_tasks=10,False,False,
20-scale fail-closed guard,20,lunar_ice_sp50_020_013_seed829013,accepted_B1,B1B_seeded_root_CG,BPC_INCOMPLETE_PRICING,FEASIBLE_INCUMBENT_ONLY,INCOMPLETE_LIMIT,False,,,,,False,,0,0,0,0,0,0,0,0,0,0,0,0,0,,0,0,False,False,0,0.000689,task_count=20 exceeds max_direct_tasks=10,False,False,
20-scale fail-closed guard,20,lunar_ice_sp50_020_013_seed829013,B1A_full_universe_root_audit,B2A_full_universe_rc_audit_fast_path,BPC_INCOMPLETE_PRICING,FEASIBLE_INCUMBENT_ONLY,INCOMPLETE_LIMIT,False,,,,,False,,0,0,0,0,0,0,0,0,0,0,0,0,0,,0,0,False,False,0,0.000586,task_count=20 exceeds B2 max_direct_tasks=10,False,False,wall_time_lower
20-scale fail-closed guard,20,lunar_ice_sp50_020_013_seed829013,B1B_seeded_root_CG,B2B_seeded_tail_CG,BPC_INCOMPLETE_PRICING,FEASIBLE_INCUMBENT_ONLY,INCOMPLETE_LIMIT,False,,,,,False,,0,0,0,0,0,0,0,0,0,0,0,0,0,,0,0,False,False,0,0.000689,task_count=20 exceeds B2 max_direct_tasks=10,False,False,clearer_fail_closed_reason
20-scale fail-closed guard,20,lunar_ice_sp50_020_014_seed829014,fixed_graph_direct_dp_oracle,B0_pure_direct_dp,SKIPPED_TOO_LARGE_FOR_DIRECT_DP_BASELINE,FEASIBLE_INCUMBENT_ONLY,,False,,,,,False,,0,0,0,0,0,0,0,0,0,0,0,0,0,,0,0,,,0,0.000578,task_count=20 exceeds max_exact_tasks=10,False,False,
20-scale fail-closed guard,20,lunar_ice_sp50_020_014_seed829014,accepted_B1,B1A_full_universe_root_audit,BPC_INCOMPLETE_PRICING,FEASIBLE_INCUMBENT_ONLY,INCOMPLETE_LIMIT,False,,,,,False,,0,0,0,0,0,0,0,0,0,0,0,0,0,,0,0,False,False,0,0.00058,task_count=20 exceeds max_direct_tasks=10,False,False,
20-scale fail-closed guard,20,lunar_ice_sp50_020_014_seed829014,accepted_B1,B1B_seeded_root_CG,BPC_INCOMPLETE_PRICING,FEASIBLE_INCUMBENT_ONLY,INCOMPLETE_LIMIT,False,,,,,False,,0,0,0,0,0,0,0,0,0,0,0,0,0,,0,0,False,False,0,0.000708,task_count=20 exceeds max_direct_tasks=10,False,False,
20-scale fail-closed guard,20,lunar_ice_sp50_020_014_seed829014,B1A_full_universe_root_audit,B2A_full_universe_rc_audit_fast_path,BPC_INCOMPLETE_PRICING,FEASIBLE_INCUMBENT_ONLY,INCOMPLETE_LIMIT,False,,,,,False,,0,0,0,0,0,0,0,0,0,0,0,0,0,,0,0,False,False,0,0.000558,task_count=20 exceeds B2 max_direct_tasks=10,False,False,wall_time_lower
20-scale fail-closed guard,20,lunar_ice_sp50_020_014_seed829014,B1B_seeded_root_CG,B2B_seeded_tail_CG,BPC_INCOMPLETE_PRICING,FEASIBLE_INCUMBENT_ONLY,INCOMPLETE_LIMIT,False,,,,,False,,0,0,0,0,0,0,0,0,0,0,0,0,0,,0,0,False,False,0,0.000733,task_count=20 exceeds B2 max_direct_tasks=10,False,False,clearer_fail_closed_reason
20-scale fail-closed guard,20,lunar_ice_sp50_020_015_seed829015,fixed_graph_direct_dp_oracle,B0_pure_direct_dp,SKIPPED_TOO_LARGE_FOR_DIRECT_DP_BASELINE,FEASIBLE_INCUMBENT_ONLY,,False,,,,,False,,0,0,0,0,0,0,0,0,0,0,0,0,0,,0,0,,,0,0.000593,task_count=20 exceeds max_exact_tasks=10,False,False,
20-scale fail-closed guard,20,lunar_ice_sp50_020_015_seed829015,accepted_B1,B1A_full_universe_root_audit,BPC_INCOMPLETE_PRICING,FEASIBLE_INCUMBENT_ONLY,INCOMPLETE_LIMIT,False,,,,,False,,0,0,0,0,0,0,0,0,0,0,0,0,0,,0,0,False,False,0,0.000739,task_count=20 exceeds max_direct_tasks=10,False,False,
20-scale fail-closed guard,20,lunar_ice_sp50_020_015_seed829015,accepted_B1,B1B_seeded_root_CG,BPC_INCOMPLETE_PRICING,FEASIBLE_INCUMBENT_ONLY,INCOMPLETE_LIMIT,False,,,,,False,,0,0,0,0,0,0,0,0,0,0,0,0,0,,0,0,False,False,0,0.000584,task_count=20 exceeds max_direct_tasks=10,False,False,
20-scale fail-closed guard,20,lunar_ice_sp50_020_015_seed829015,B1A_full_universe_root_audit,B2A_full_universe_rc_audit_fast_path,BPC_INCOMPLETE_PRICING,FEASIBLE_INCUMBENT_ONLY,INCOMPLETE_LIMIT,False,,,,,False,,0,0,0,0,0,0,0,0,0,0,0,0,0,,0,0,False,False,0,0.000718,task_count=20 exceeds B2 max_direct_tasks=10,False,False,wall_time_lower
20-scale fail-closed guard,20,lunar_ice_sp50_020_015_seed829015,B1B_seeded_root_CG,B2B_seeded_tail_CG,BPC_INCOMPLETE_PRICING,FEASIBLE_INCUMBENT_ONLY,INCOMPLETE_LIMIT,False,,,,,False,,0,0,0,0,0,0,0,0,0,0,0,0,0,,0,0,False,False,0,0.000702,task_count=20 exceeds B2 max_direct_tasks=10,False,False,clearer_fail_closed_reason
20-scale fail-closed guard,20,lunar_ice_sp50_020_016_seed829016,fixed_graph_direct_dp_oracle,B0_pure_direct_dp,SKIPPED_TOO_LARGE_FOR_DIRECT_DP_BASELINE,FEASIBLE_INCUMBENT_ONLY,,False,,,,,False,,0,0,0,0,0,0,0,0,0,0,0,0,0,,0,0,,,0,0.000654,task_count=20 exceeds max_exact_tasks=10,False,False,
20-scale fail-closed guard,20,lunar_ice_sp50_020_016_seed829016,accepted_B1,B1A_full_universe_root_audit,BPC_INCOMPLETE_PRICING,FEASIBLE_INCUMBENT_ONLY,INCOMPLETE_LIMIT,False,,,,,False,,0,0,0,0,0,0,0,0,0,0,0,0,0,,0,0,False,False,0,0.000628,task_count=20 exceeds max_direct_tasks=10,False,False,
20-scale fail-closed guard,20,lunar_ice_sp50_020_016_seed829016,accepted_B1,B1B_seeded_root_CG,BPC_INCOMPLETE_PRICING,FEASIBLE_INCUMBENT_ONLY,INCOMPLETE_LIMIT,False,,,,,False,,0,0,0,0,0,0,0,0,0,0,0,0,0,,0,0,False,False,0,0.000603,task_count=20 exceeds max_direct_tasks=10,False,False,
20-scale fail-closed guard,20,lunar_ice_sp50_020_016_seed829016,B1A_full_universe_root_audit,B2A_full_universe_rc_audit_fast_path,BPC_INCOMPLETE_PRICING,FEASIBLE_INCUMBENT_ONLY,INCOMPLETE_LIMIT,False,,,,,False,,0,0,0,0,0,0,0,0,0,0,0,0,0,,0,0,False,False,0,0.000794,task_count=20 exceeds B2 max_direct_tasks=10,False,False,clearer_fail_closed_reason
20-scale fail-closed guard,20,lunar_ice_sp50_020_016_seed829016,B1B_seeded_root_CG,B2B_seeded_tail_CG,BPC_INCOMPLETE_PRICING,FEASIBLE_INCUMBENT_ONLY,INCOMPLETE_LIMIT,False,,,,,False,,0,0,0,0,0,0,0,0,0,0,0,0,0,,0,0,False,False,0,0.000591,task_count=20 exceeds B2 max_direct_tasks=10,False,False,wall_time_lower
20-scale fail-closed guard,20,lunar_ice_sp50_020_017_seed829017,fixed_graph_direct_dp_oracle,B0_pure_direct_dp,SKIPPED_TOO_LARGE_FOR_DIRECT_DP_BASELINE,FEASIBLE_INCUMBENT_ONLY,,False,,,,,False,,0,0,0,0,0,0,0,0,0,0,0,0,0,,0,0,,,0,0.000661,task_count=20 exceeds max_exact_tasks=10,False,False,
20-scale fail-closed guard,20,lunar_ice_sp50_020_017_seed829017,accepted_B1,B1A_full_universe_root_audit,BPC_INCOMPLETE_PRICING,FEASIBLE_INCUMBENT_ONLY,INCOMPLETE_LIMIT,False,,,,,False,,0,0,0,0,0,0,0,0,0,0,0,0,0,,0,0,False,False,0,0.000622,task_count=20 exceeds max_direct_tasks=10,False,False,
20-scale fail-closed guard,20,lunar_ice_sp50_020_017_seed829017,accepted_B1,B1B_seeded_root_CG,BPC_INCOMPLETE_PRICING,FEASIBLE_INCUMBENT_ONLY,INCOMPLETE_LIMIT,False,,,,,False,,0,0,0,0,0,0,0,0,0,0,0,0,0,,0,0,False,False,0,0.000626,task_count=20 exceeds max_direct_tasks=10,False,False,
20-scale fail-closed guard,20,lunar_ice_sp50_020_017_seed829017,B1A_full_universe_root_audit,B2A_full_universe_rc_audit_fast_path,BPC_INCOMPLETE_PRICING,FEASIBLE_INCUMBENT_ONLY,INCOMPLETE_LIMIT,False,,,,,False,,0,0,0,0,0,0,0,0,0,0,0,0,0,,0,0,False,False,0,0.000799,task_count=20 exceeds B2 max_direct_tasks=10,False,False,clearer_fail_closed_reason
20-scale fail-closed guard,20,lunar_ice_sp50_020_017_seed829017,B1B_seeded_root_CG,B2B_seeded_tail_CG,BPC_INCOMPLETE_PRICING,FEASIBLE_INCUMBENT_ONLY,INCOMPLETE_LIMIT,False,,,,,False,,0,0,0,0,0,0,0,0,0,0,0,0,0,,0,0,False,False,0,0.000628,task_count=20 exceeds B2 max_direct_tasks=10,False,False,clearer_fail_closed_reason
20-scale fail-closed guard,20,lunar_ice_sp50_020_018_seed829018,fixed_graph_direct_dp_oracle,B0_pure_direct_dp,SKIPPED_TOO_LARGE_FOR_DIRECT_DP_BASELINE,FEASIBLE_INCUMBENT_ONLY,,False,,,,,False,,0,0,0,0,0,0,0,0,0,0,0,0,0,,0,0,,,0,0.00092,task_count=20 exceeds max_exact_tasks=10,False,False,
20-scale fail-closed guard,20,lunar_ice_sp50_020_018_seed829018,accepted_B1,B1A_full_universe_root_audit,BPC_INCOMPLETE_PRICING,FEASIBLE_INCUMBENT_ONLY,INCOMPLETE_LIMIT,False,,,,,False,,0,0,0,0,0,0,0,0,0,0,0,0,0,,0,0,False,False,0,0.000696,task_count=20 exceeds max_direct_tasks=10,False,False,
20-scale fail-closed guard,20,lunar_ice_sp50_020_018_seed829018,accepted_B1,B1B_seeded_root_CG,BPC_INCOMPLETE_PRICING,FEASIBLE_INCUMBENT_ONLY,INCOMPLETE_LIMIT,False,,,,,False,,0,0,0,0,0,0,0,0,0,0,0,0,0,,0,0,False,False,0,0.000709,task_count=20 exceeds max_direct_tasks=10,False,False,
20-scale fail-closed guard,20,lunar_ice_sp50_020_018_seed829018,B1A_full_universe_root_audit,B2A_full_universe_rc_audit_fast_path,BPC_INCOMPLETE_PRICING,FEASIBLE_INCUMBENT_ONLY,INCOMPLETE_LIMIT,False,,,,,False,,0,0,0,0,0,0,0,0,0,0,0,0,0,,0,0,False,False,0,0.000854,task_count=20 exceeds B2 max_direct_tasks=10,False,False,clearer_fail_closed_reason
20-scale fail-closed guard,20,lunar_ice_sp50_020_018_seed829018,B1B_seeded_root_CG,B2B_seeded_tail_CG,BPC_INCOMPLETE_PRICING,FEASIBLE_INCUMBENT_ONLY,INCOMPLETE_LIMIT,False,,,,,False,,0,0,0,0,0,0,0,0,0,0,0,0,0,,0,0,False,False,0,0.000704,task_count=20 exceeds B2 max_direct_tasks=10,False,False,wall_time_lower
20-scale fail-closed guard,20,lunar_ice_sp50_020_019_seed829019,fixed_graph_direct_dp_oracle,B0_pure_direct_dp,SKIPPED_TOO_LARGE_FOR_DIRECT_DP_BASELINE,FEASIBLE_INCUMBENT_ONLY,,False,,,,,False,,0,0,0,0,0,0,0,0,0,0,0,0,0,,0,0,,,0,0.000601,task_count=20 exceeds max_exact_tasks=10,False,False,
20-scale fail-closed guard,20,lunar_ice_sp50_020_019_seed829019,accepted_B1,B1A_full_universe_root_audit,BPC_INCOMPLETE_PRICING,FEASIBLE_INCUMBENT_ONLY,INCOMPLETE_LIMIT,False,,,,,False,,0,0,0,0,0,0,0,0,0,0,0,0,0,,0,0,False,False,0,0.000663,task_count=20 exceeds max_direct_tasks=10,False,False,
20-scale fail-closed guard,20,lunar_ice_sp50_020_019_seed829019,accepted_B1,B1B_seeded_root_CG,BPC_INCOMPLETE_PRICING,FEASIBLE_INCUMBENT_ONLY,INCOMPLETE_LIMIT,False,,,,,False,,0,0,0,0,0,0,0,0,0,0,0,0,0,,0,0,False,False,0,0.000609,task_count=20 exceeds max_direct_tasks=10,False,False,
20-scale fail-closed guard,20,lunar_ice_sp50_020_019_seed829019,B1A_full_universe_root_audit,B2A_full_universe_rc_audit_fast_path,BPC_INCOMPLETE_PRICING,FEASIBLE_INCUMBENT_ONLY,INCOMPLETE_LIMIT,False,,,,,False,,0,0,0,0,0,0,0,0,0,0,0,0,0,,0,0,False,False,0,0.000658,task_count=20 exceeds B2 max_direct_tasks=10,False,False,wall_time_lower
20-scale fail-closed guard,20,lunar_ice_sp50_020_019_seed829019,B1B_seeded_root_CG,B2B_seeded_tail_CG,BPC_INCOMPLETE_PRICING,FEASIBLE_INCUMBENT_ONLY,INCOMPLETE_LIMIT,False,,,,,False,,0,0,0,0,0,0,0,0,0,0,0,0,0,,0,0,False,False,0,0.000721,task_count=20 exceeds B2 max_direct_tasks=10,False,False,clearer_fail_closed_reason
20-scale fail-closed guard,20,lunar_ice_sp50_020_020_seed829020,fixed_graph_direct_dp_oracle,B0_pure_direct_dp,SKIPPED_TOO_LARGE_FOR_DIRECT_DP_BASELINE,FEASIBLE_INCUMBENT_ONLY,,False,,,,,False,,0,0,0,0,0,0,0,0,0,0,0,0,0,,0,0,,,0,0.000714,task_count=20 exceeds max_exact_tasks=10,False,False,
20-scale fail-closed guard,20,lunar_ice_sp50_020_020_seed829020,accepted_B1,B1A_full_universe_root_audit,BPC_INCOMPLETE_PRICING,FEASIBLE_INCUMBENT_ONLY,INCOMPLETE_LIMIT,False,,,,,False,,0,0,0,0,0,0,0,0,0,0,0,0,0,,0,0,False,False,0,0.00058,task_count=20 exceeds max_direct_tasks=10,False,False,
20-scale fail-closed guard,20,lunar_ice_sp50_020_020_seed829020,accepted_B1,B1B_seeded_root_CG,BPC_INCOMPLETE_PRICING,FEASIBLE_INCUMBENT_ONLY,INCOMPLETE_LIMIT,False,,,,,False,,0,0,0,0,0,0,0,0,0,0,0,0,0,,0,0,False,False,0,0.000663,task_count=20 exceeds max_direct_tasks=10,False,False,
20-scale fail-closed guard,20,lunar_ice_sp50_020_020_seed829020,B1A_full_universe_root_audit,B2A_full_universe_rc_audit_fast_path,BPC_INCOMPLETE_PRICING,FEASIBLE_INCUMBENT_ONLY,INCOMPLETE_LIMIT,False,,,,,False,,0,0,0,0,0,0,0,0,0,0,0,0,0,,0,0,False,False,0,0.000611,task_count=20 exceeds B2 max_direct_tasks=10,False,False,clearer_fail_closed_reason
20-scale fail-closed guard,20,lunar_ice_sp50_020_020_seed829020,B1B_seeded_root_CG,B2B_seeded_tail_CG,BPC_INCOMPLETE_PRICING,FEASIBLE_INCUMBENT_ONLY,INCOMPLETE_LIMIT,False,,,,,False,,0,0,0,0,0,0,0,0,0,0,0,0,0,,0,0,False,False,0,0.000602,task_count=20 exceeds B2 max_direct_tasks=10,False,False,wall_time_lower
30-scale fail-closed diagnostic,30,lunar_ice_sp50_030_001_seed929001,fixed_graph_direct_dp_oracle,B0_pure_direct_dp,SKIPPED_TOO_LARGE_FOR_DIRECT_DP_BASELINE,FEASIBLE_INCUMBENT_ONLY,,False,,,,,False,,0,0,0,0,0,0,0,0,0,0,0,0,0,,0,0,,,0,0.001481,task_count=30 exceeds max_exact_tasks=10,False,False,
30-scale fail-closed diagnostic,30,lunar_ice_sp50_030_001_seed929001,accepted_B1,B1A_full_universe_root_audit,BPC_INCOMPLETE_PRICING,FEASIBLE_INCUMBENT_ONLY,INCOMPLETE_LIMIT,False,,,,,False,,0,0,0,0,0,0,0,0,0,0,0,0,0,,0,0,False,False,0,0.001677,task_count=30 exceeds max_direct_tasks=10,False,False,
30-scale fail-closed diagnostic,30,lunar_ice_sp50_030_001_seed929001,accepted_B1,B1B_seeded_root_CG,BPC_INCOMPLETE_PRICING,FEASIBLE_INCUMBENT_ONLY,INCOMPLETE_LIMIT,False,,,,,False,,0,0,0,0,0,0,0,0,0,0,0,0,0,,0,0,False,False,0,0.001533,task_count=30 exceeds max_direct_tasks=10,False,False,
30-scale fail-closed diagnostic,30,lunar_ice_sp50_030_001_seed929001,B1A_full_universe_root_audit,B2A_full_universe_rc_audit_fast_path,BPC_INCOMPLETE_PRICING,FEASIBLE_INCUMBENT_ONLY,INCOMPLETE_LIMIT,False,,,,,False,,0,0,0,0,0,0,0,0,0,0,0,0,0,,0,0,False,False,0,0.001706,task_count=30 exceeds B2 max_direct_tasks=10,False,False,clearer_fail_closed_reason
30-scale fail-closed diagnostic,30,lunar_ice_sp50_030_001_seed929001,B1B_seeded_root_CG,B2B_seeded_tail_CG,BPC_INCOMPLETE_PRICING,FEASIBLE_INCUMBENT_ONLY,INCOMPLETE_LIMIT,False,,,,,False,,0,0,0,0,0,0,0,0,0,0,0,0,0,,0,0,False,False,0,0.001617,task_count=30 exceeds B2 max_direct_tasks=10,False,False,clearer_fail_closed_reason
30-scale fail-closed diagnostic,30,lunar_ice_sp50_030_004_seed929004,fixed_graph_direct_dp_oracle,B0_pure_direct_dp,SKIPPED_TOO_LARGE_FOR_DIRECT_DP_BASELINE,FEASIBLE_INCUMBENT_ONLY,,False,,,,,False,,0,0,0,0,0,0,0,0,0,0,0,0,0,,0,0,,,0,0.001517,task_count=30 exceeds max_exact_tasks=10,False,False,
30-scale fail-closed diagnostic,30,lunar_ice_sp50_030_004_seed929004,accepted_B1,B1A_full_universe_root_audit,BPC_INCOMPLETE_PRICING,FEASIBLE_INCUMBENT_ONLY,INCOMPLETE_LIMIT,False,,,,,False,,0,0,0,0,0,0,0,0,0,0,0,0,0,,0,0,False,False,0,0.001521,task_count=30 exceeds max_direct_tasks=10,False,False,
30-scale fail-closed diagnostic,30,lunar_ice_sp50_030_004_seed929004,accepted_B1,B1B_seeded_root_CG,BPC_INCOMPLETE_PRICING,FEASIBLE_INCUMBENT_ONLY,INCOMPLETE_LIMIT,False,,,,,False,,0,0,0,0,0,0,0,0,0,0,0,0,0,,0,0,False,False,0,0.001382,task_count=30 exceeds max_direct_tasks=10,False,False,
30-scale fail-closed diagnostic,30,lunar_ice_sp50_030_004_seed929004,B1A_full_universe_root_audit,B2A_full_universe_rc_audit_fast_path,BPC_INCOMPLETE_PRICING,FEASIBLE_INCUMBENT_ONLY,INCOMPLETE_LIMIT,False,,,,,False,,0,0,0,0,0,0,0,0,0,0,0,0,0,,0,0,False,False,0,0.001571,task_count=30 exceeds B2 max_direct_tasks=10,False,False,clearer_fail_closed_reason
30-scale fail-closed diagnostic,30,lunar_ice_sp50_030_004_seed929004,B1B_seeded_root_CG,B2B_seeded_tail_CG,BPC_INCOMPLETE_PRICING,FEASIBLE_INCUMBENT_ONLY,INCOMPLETE_LIMIT,False,,,,,False,,0,0,0,0,0,0,0,0,0,0,0,0,0,,0,0,False,False,0,0.00149,task_count=30 exceeds B2 max_direct_tasks=10,False,False,clearer_fail_closed_reason
30-scale fail-closed diagnostic,30,lunar_ice_sp50_030_002_seed929002,fixed_graph_direct_dp_oracle,B0_pure_direct_dp,SKIPPED_TOO_LARGE_FOR_DIRECT_DP_BASELINE,FEASIBLE_INCUMBENT_ONLY,,False,,,,,False,,0,0,0,0,0,0,0,0,0,0,0,0,0,,0,0,,,0,0.001435,task_count=30 exceeds max_exact_tasks=10,False,False,
30-scale fail-closed diagnostic,30,lunar_ice_sp50_030_002_seed929002,accepted_B1,B1A_full_universe_root_audit,BPC_INCOMPLETE_PRICING,FEASIBLE_INCUMBENT_ONLY,INCOMPLETE_LIMIT,False,,,,,False,,0,0,0,0,0,0,0,0,0,0,0,0,0,,0,0,False,False,0,0.001681,task_count=30 exceeds max_direct_tasks=10,False,False,
30-scale fail-closed diagnostic,30,lunar_ice_sp50_030_002_seed929002,accepted_B1,B1B_seeded_root_CG,BPC_INCOMPLETE_PRICING,FEASIBLE_INCUMBENT_ONLY,INCOMPLETE_LIMIT,False,,,,,False,,0,0,0,0,0,0,0,0,0,0,0,0,0,,0,0,False,False,0,0.00146,task_count=30 exceeds max_direct_tasks=10,False,False,
30-scale fail-closed diagnostic,30,lunar_ice_sp50_030_002_seed929002,B1A_full_universe_root_audit,B2A_full_universe_rc_audit_fast_path,BPC_INCOMPLETE_PRICING,FEASIBLE_INCUMBENT_ONLY,INCOMPLETE_LIMIT,False,,,,,False,,0,0,0,0,0,0,0,0,0,0,0,0,0,,0,0,False,False,0,0.001405,task_count=30 exceeds B2 max_direct_tasks=10,False,False,wall_time_lower
30-scale fail-closed diagnostic,30,lunar_ice_sp50_030_002_seed929002,B1B_seeded_root_CG,B2B_seeded_tail_CG,BPC_INCOMPLETE_PRICING,FEASIBLE_INCUMBENT_ONLY,INCOMPLETE_LIMIT,False,,,,,False,,0,0,0,0,0,0,0,0,0,0,0,0,0,,0,0,False,False,0,0.001559,task_count=30 exceeds B2 max_direct_tasks=10,False,False,clearer_fail_closed_reason
30-scale fail-closed diagnostic,30,lunar_ice_sp50_030_003_seed929003,fixed_graph_direct_dp_oracle,B0_pure_direct_dp,SKIPPED_TOO_LARGE_FOR_DIRECT_DP_BASELINE,FEASIBLE_INCUMBENT_ONLY,,False,,,,,False,,0,0,0,0,0,0,0,0,0,0,0,0,0,,0,0,,,0,0.001367,task_count=30 exceeds max_exact_tasks=10,False,False,
30-scale fail-closed diagnostic,30,lunar_ice_sp50_030_003_seed929003,accepted_B1,B1A_full_universe_root_audit,BPC_INCOMPLETE_PRICING,FEASIBLE_INCUMBENT_ONLY,INCOMPLETE_LIMIT,False,,,,,False,,0,0,0,0,0,0,0,0,0,0,0,0,0,,0,0,False,False,0,0.0014,task_count=30 exceeds max_direct_tasks=10,False,False,
30-scale fail-closed diagnostic,30,lunar_ice_sp50_030_003_seed929003,accepted_B1,B1B_seeded_root_CG,BPC_INCOMPLETE_PRICING,FEASIBLE_INCUMBENT_ONLY,INCOMPLETE_LIMIT,False,,,,,False,,0,0,0,0,0,0,0,0,0,0,0,0,0,,0,0,False,False,0,0.001425,task_count=30 exceeds max_direct_tasks=10,False,False,
30-scale fail-closed diagnostic,30,lunar_ice_sp50_030_003_seed929003,B1A_full_universe_root_audit,B2A_full_universe_rc_audit_fast_path,BPC_INCOMPLETE_PRICING,FEASIBLE_INCUMBENT_ONLY,INCOMPLETE_LIMIT,False,,,,,False,,0,0,0,0,0,0,0,0,0,0,0,0,0,,0,0,False,False,0,0.001526,task_count=30 exceeds B2 max_direct_tasks=10,False,False,clearer_fail_closed_reason
30-scale fail-closed diagnostic,30,lunar_ice_sp50_030_003_seed929003,B1B_seeded_root_CG,B2B_seeded_tail_CG,BPC_INCOMPLETE_PRICING,FEASIBLE_INCUMBENT_ONLY,INCOMPLETE_LIMIT,False,,,,,False,,0,0,0,0,0,0,0,0,0,0,0,0,0,,0,0,False,False,0,0.001411,task_count=30 exceeds B2 max_direct_tasks=10,False,False,wall_time_lower
30-scale fail-closed diagnostic,30,lunar_ice_sp50_030_006_seed929006,fixed_graph_direct_dp_oracle,B0_pure_direct_dp,SKIPPED_TOO_LARGE_FOR_DIRECT_DP_BASELINE,FEASIBLE_INCUMBENT_ONLY,,False,,,,,False,,0,0,0,0,0,0,0,0,0,0,0,0,0,,0,0,,,0,0.001505,task_count=30 exceeds max_exact_tasks=10,False,False,
30-scale fail-closed diagnostic,30,lunar_ice_sp50_030_006_seed929006,accepted_B1,B1A_full_universe_root_audit,BPC_INCOMPLETE_PRICING,FEASIBLE_INCUMBENT_ONLY,INCOMPLETE_LIMIT,False,,,,,False,,0,0,0,0,0,0,0,0,0,0,0,0,0,,0,0,False,False,0,0.001369,task_count=30 exceeds max_direct_tasks=10,False,False,
30-scale fail-closed diagnostic,30,lunar_ice_sp50_030_006_seed929006,accepted_B1,B1B_seeded_root_CG,BPC_INCOMPLETE_PRICING,FEASIBLE_INCUMBENT_ONLY,INCOMPLETE_LIMIT,False,,,,,False,,0,0,0,0,0,0,0,0,0,0,0,0,0,,0,0,False,False,0,0.001361,task_count=30 exceeds max_direct_tasks=10,False,False,
30-scale fail-closed diagnostic,30,lunar_ice_sp50_030_006_seed929006,B1A_full_universe_root_audit,B2A_full_universe_rc_audit_fast_path,BPC_INCOMPLETE_PRICING,FEASIBLE_INCUMBENT_ONLY,INCOMPLETE_LIMIT,False,,,,,False,,0,0,0,0,0,0,0,0,0,0,0,0,0,,0,0,False,False,0,0.001591,task_count=30 exceeds B2 max_direct_tasks=10,False,False,clearer_fail_closed_reason
30-scale fail-closed diagnostic,30,lunar_ice_sp50_030_006_seed929006,B1B_seeded_root_CG,B2B_seeded_tail_CG,BPC_INCOMPLETE_PRICING,FEASIBLE_INCUMBENT_ONLY,INCOMPLETE_LIMIT,False,,,,,False,,0,0,0,0,0,0,0,0,0,0,0,0,0,,0,0,False,False,0,0.001544,task_count=30 exceeds B2 max_direct_tasks=10,False,False,clearer_fail_closed_reason
30-scale fail-closed diagnostic,30,lunar_ice_sp50_030_008_seed929008,fixed_graph_direct_dp_oracle,B0_pure_direct_dp,SKIPPED_TOO_LARGE_FOR_DIRECT_DP_BASELINE,FEASIBLE_INCUMBENT_ONLY,,False,,,,,False,,0,0,0,0,0,0,0,0,0,0,0,0,0,,0,0,,,0,0.001472,task_count=30 exceeds max_exact_tasks=10,False,False,
30-scale fail-closed diagnostic,30,lunar_ice_sp50_030_008_seed929008,accepted_B1,B1A_full_universe_root_audit,BPC_INCOMPLETE_PRICING,FEASIBLE_INCUMBENT_ONLY,INCOMPLETE_LIMIT,False,,,,,False,,0,0,0,0,0,0,0,0,0,0,0,0,0,,0,0,False,False,0,0.001435,task_count=30 exceeds max_direct_tasks=10,False,False,
30-scale fail-closed diagnostic,30,lunar_ice_sp50_030_008_seed929008,accepted_B1,B1B_seeded_root_CG,BPC_INCOMPLETE_PRICING,FEASIBLE_INCUMBENT_ONLY,INCOMPLETE_LIMIT,False,,,,,False,,0,0,0,0,0,0,0,0,0,0,0,0,0,,0,0,False,False,0,0.001826,task_count=30 exceeds max_direct_tasks=10,False,False,
30-scale fail-closed diagnostic,30,lunar_ice_sp50_030_008_seed929008,B1A_full_universe_root_audit,B2A_full_universe_rc_audit_fast_path,BPC_INCOMPLETE_PRICING,FEASIBLE_INCUMBENT_ONLY,INCOMPLETE_LIMIT,False,,,,,False,,0,0,0,0,0,0,0,0,0,0,0,0,0,,0,0,False,False,0,0.001608,task_count=30 exceeds B2 max_direct_tasks=10,False,False,clearer_fail_closed_reason
30-scale fail-closed diagnostic,30,lunar_ice_sp50_030_008_seed929008,B1B_seeded_root_CG,B2B_seeded_tail_CG,BPC_INCOMPLETE_PRICING,FEASIBLE_INCUMBENT_ONLY,INCOMPLETE_LIMIT,False,,,,,False,,0,0,0,0,0,0,0,0,0,0,0,0,0,,0,0,False,False,0,0.001383,task_count=30 exceeds B2 max_direct_tasks=10,False,False,wall_time_lower
30-scale fail-closed diagnostic,30,lunar_ice_sp50_030_005_seed929005,fixed_graph_direct_dp_oracle,B0_pure_direct_dp,SKIPPED_TOO_LARGE_FOR_DIRECT_DP_BASELINE,FEASIBLE_INCUMBENT_ONLY,,False,,,,,False,,0,0,0,0,0,0,0,0,0,0,0,0,0,,0,0,,,0,0.001578,task_count=30 exceeds max_exact_tasks=10,False,False,
30-scale fail-closed diagnostic,30,lunar_ice_sp50_030_005_seed929005,accepted_B1,B1A_full_universe_root_audit,BPC_INCOMPLETE_PRICING,FEASIBLE_INCUMBENT_ONLY,INCOMPLETE_LIMIT,False,,,,,False,,0,0,0,0,0,0,0,0,0,0,0,0,0,,0,0,False,False,0,0.001506,task_count=30 exceeds max_direct_tasks=10,False,False,
30-scale fail-closed diagnostic,30,lunar_ice_sp50_030_005_seed929005,accepted_B1,B1B_seeded_root_CG,BPC_INCOMPLETE_PRICING,FEASIBLE_INCUMBENT_ONLY,INCOMPLETE_LIMIT,False,,,,,False,,0,0,0,0,0,0,0,0,0,0,0,0,0,,0,0,False,False,0,0.001477,task_count=30 exceeds max_direct_tasks=10,False,False,
30-scale fail-closed diagnostic,30,lunar_ice_sp50_030_005_seed929005,B1A_full_universe_root_audit,B2A_full_universe_rc_audit_fast_path,BPC_INCOMPLETE_PRICING,FEASIBLE_INCUMBENT_ONLY,INCOMPLETE_LIMIT,False,,,,,False,,0,0,0,0,0,0,0,0,0,0,0,0,0,,0,0,False,False,0,0.001681,task_count=30 exceeds B2 max_direct_tasks=10,False,False,clearer_fail_closed_reason
30-scale fail-closed diagnostic,30,lunar_ice_sp50_030_005_seed929005,B1B_seeded_root_CG,B2B_seeded_tail_CG,BPC_INCOMPLETE_PRICING,FEASIBLE_INCUMBENT_ONLY,INCOMPLETE_LIMIT,False,,,,,False,,0,0,0,0,0,0,0,0,0,0,0,0,0,,0,0,False,False,0,0.00169,task_count=30 exceeds B2 max_direct_tasks=10,False,False,clearer_fail_closed_reason
30-scale fail-closed diagnostic,30,lunar_ice_sp50_030_007_seed929007,fixed_graph_direct_dp_oracle,B0_pure_direct_dp,SKIPPED_TOO_LARGE_FOR_DIRECT_DP_BASELINE,FEASIBLE_INCUMBENT_ONLY,,False,,,,,False,,0,0,0,0,0,0,0,0,0,0,0,0,0,,0,0,,,0,0.001903,task_count=30 exceeds max_exact_tasks=10,False,False,
30-scale fail-closed diagnostic,30,lunar_ice_sp50_030_007_seed929007,accepted_B1,B1A_full_universe_root_audit,BPC_INCOMPLETE_PRICING,FEASIBLE_INCUMBENT_ONLY,INCOMPLETE_LIMIT,False,,,,,False,,0,0,0,0,0,0,0,0,0,0,0,0,0,,0,0,False,False,0,0.00152,task_count=30 exceeds max_direct_tasks=10,False,False,
30-scale fail-closed diagnostic,30,lunar_ice_sp50_030_007_seed929007,accepted_B1,B1B_seeded_root_CG,BPC_INCOMPLETE_PRICING,FEASIBLE_INCUMBENT_ONLY,INCOMPLETE_LIMIT,False,,,,,False,,0,0,0,0,0,0,0,0,0,0,0,0,0,,0,0,False,False,0,0.0014,task_count=30 exceeds max_direct_tasks=10,False,False,
30-scale fail-closed diagnostic,30,lunar_ice_sp50_030_007_seed929007,B1A_full_universe_root_audit,B2A_full_universe_rc_audit_fast_path,BPC_INCOMPLETE_PRICING,FEASIBLE_INCUMBENT_ONLY,INCOMPLETE_LIMIT,False,,,,,False,,0,0,0,0,0,0,0,0,0,0,0,0,0,,0,0,False,False,0,0.001823,task_count=30 exceeds B2 max_direct_tasks=10,False,False,clearer_fail_closed_reason
30-scale fail-closed diagnostic,30,lunar_ice_sp50_030_007_seed929007,B1B_seeded_root_CG,B2B_seeded_tail_CG,BPC_INCOMPLETE_PRICING,FEASIBLE_INCUMBENT_ONLY,INCOMPLETE_LIMIT,False,,,,,False,,0,0,0,0,0,0,0,0,0,0,0,0,0,,0,0,False,False,0,0.001522,task_count=30 exceeds B2 max_direct_tasks=10,False,False,clearer_fail_closed_reason
30-scale fail-closed diagnostic,30,lunar_ice_sp50_030_009_seed929009,fixed_graph_direct_dp_oracle,B0_pure_direct_dp,SKIPPED_TOO_LARGE_FOR_DIRECT_DP_BASELINE,FEASIBLE_INCUMBENT_ONLY,,False,,,,,False,,0,0,0,0,0,0,0,0,0,0,0,0,0,,0,0,,,0,0.001665,task_count=30 exceeds max_exact_tasks=10,False,False,
30-scale fail-closed diagnostic,30,lunar_ice_sp50_030_009_seed929009,accepted_B1,B1A_full_universe_root_audit,BPC_INCOMPLETE_PRICING,FEASIBLE_INCUMBENT_ONLY,INCOMPLETE_LIMIT,False,,,,,False,,0,0,0,0,0,0,0,0,0,0,0,0,0,,0,0,False,False,0,0.001583,task_count=30 exceeds max_direct_tasks=10,False,False,
30-scale fail-closed diagnostic,30,lunar_ice_sp50_030_009_seed929009,accepted_B1,B1B_seeded_root_CG,BPC_INCOMPLETE_PRICING,FEASIBLE_INCUMBENT_ONLY,INCOMPLETE_LIMIT,False,,,,,False,,0,0,0,0,0,0,0,0,0,0,0,0,0,,0,0,False,False,0,0.001563,task_count=30 exceeds max_direct_tasks=10,False,False,
30-scale fail-closed diagnostic,30,lunar_ice_sp50_030_009_seed929009,B1A_full_universe_root_audit,B2A_full_universe_rc_audit_fast_path,BPC_INCOMPLETE_PRICING,FEASIBLE_INCUMBENT_ONLY,INCOMPLETE_LIMIT,False,,,,,False,,0,0,0,0,0,0,0,0,0,0,0,0,0,,0,0,False,False,0,0.001737,task_count=30 exceeds B2 max_direct_tasks=10,False,False,clearer_fail_closed_reason
30-scale fail-closed diagnostic,30,lunar_ice_sp50_030_009_seed929009,B1B_seeded_root_CG,B2B_seeded_tail_CG,BPC_INCOMPLETE_PRICING,FEASIBLE_INCUMBENT_ONLY,INCOMPLETE_LIMIT,False,,,,,False,,0,0,0,0,0,0,0,0,0,0,0,0,0,,0,0,False,False,0,0.001568,task_count=30 exceeds B2 max_direct_tasks=10,False,False,clearer_fail_closed_reason
30-scale fail-closed diagnostic,30,lunar_ice_sp50_030_011_seed929011,fixed_graph_direct_dp_oracle,B0_pure_direct_dp,SKIPPED_TOO_LARGE_FOR_DIRECT_DP_BASELINE,FEASIBLE_INCUMBENT_ONLY,,False,,,,,False,,0,0,0,0,0,0,0,0,0,0,0,0,0,,0,0,,,0,0.001359,task_count=30 exceeds max_exact_tasks=10,False,False,
30-scale fail-closed diagnostic,30,lunar_ice_sp50_030_011_seed929011,accepted_B1,B1A_full_universe_root_audit,BPC_INCOMPLETE_PRICING,FEASIBLE_INCUMBENT_ONLY,INCOMPLETE_LIMIT,False,,,,,False,,0,0,0,0,0,0,0,0,0,0,0,0,0,,0,0,False,False,0,0.001351,task_count=30 exceeds max_direct_tasks=10,False,False,
30-scale fail-closed diagnostic,30,lunar_ice_sp50_030_011_seed929011,accepted_B1,B1B_seeded_root_CG,BPC_INCOMPLETE_PRICING,FEASIBLE_INCUMBENT_ONLY,INCOMPLETE_LIMIT,False,,,,,False,,0,0,0,0,0,0,0,0,0,0,0,0,0,,0,0,False,False,0,0.001287,task_count=30 exceeds max_direct_tasks=10,False,False,
30-scale fail-closed diagnostic,30,lunar_ice_sp50_030_011_seed929011,B1A_full_universe_root_audit,B2A_full_universe_rc_audit_fast_path,BPC_INCOMPLETE_PRICING,FEASIBLE_INCUMBENT_ONLY,INCOMPLETE_LIMIT,False,,,,,False,,0,0,0,0,0,0,0,0,0,0,0,0,0,,0,0,False,False,0,0.001581,task_count=30 exceeds B2 max_direct_tasks=10,False,False,clearer_fail_closed_reason
30-scale fail-closed diagnostic,30,lunar_ice_sp50_030_011_seed929011,B1B_seeded_root_CG,B2B_seeded_tail_CG,BPC_INCOMPLETE_PRICING,FEASIBLE_INCUMBENT_ONLY,INCOMPLETE_LIMIT,False,,,,,False,,0,0,0,0,0,0,0,0,0,0,0,0,0,,0,0,False,False,0,0.001435,task_count=30 exceeds B2 max_direct_tasks=10,False,False,clearer_fail_closed_reason
30-scale fail-closed diagnostic,30,lunar_ice_sp50_030_010_seed929010,fixed_graph_direct_dp_oracle,B0_pure_direct_dp,SKIPPED_TOO_LARGE_FOR_DIRECT_DP_BASELINE,FEASIBLE_INCUMBENT_ONLY,,False,,,,,False,,0,0,0,0,0,0,0,0,0,0,0,0,0,,0,0,,,0,0.002041,task_count=30 exceeds max_exact_tasks=10,False,False,
30-scale fail-closed diagnostic,30,lunar_ice_sp50_030_010_seed929010,accepted_B1,B1A_full_universe_root_audit,BPC_INCOMPLETE_PRICING,FEASIBLE_INCUMBENT_ONLY,INCOMPLETE_LIMIT,False,,,,,False,,0,0,0,0,0,0,0,0,0,0,0,0,0,,0,0,False,False,0,0.001478,task_count=30 exceeds max_direct_tasks=10,False,False,
30-scale fail-closed diagnostic,30,lunar_ice_sp50_030_010_seed929010,accepted_B1,B1B_seeded_root_CG,BPC_INCOMPLETE_PRICING,FEASIBLE_INCUMBENT_ONLY,INCOMPLETE_LIMIT,False,,,,,False,,0,0,0,0,0,0,0,0,0,0,0,0,0,,0,0,False,False,0,0.001539,task_count=30 exceeds max_direct_tasks=10,False,False,
30-scale fail-closed diagnostic,30,lunar_ice_sp50_030_010_seed929010,B1A_full_universe_root_audit,B2A_full_universe_rc_audit_fast_path,BPC_INCOMPLETE_PRICING,FEASIBLE_INCUMBENT_ONLY,INCOMPLETE_LIMIT,False,,,,,False,,0,0,0,0,0,0,0,0,0,0,0,0,0,,0,0,False,False,0,0.002174,task_count=30 exceeds B2 max_direct_tasks=10,False,False,clearer_fail_closed_reason
30-scale fail-closed diagnostic,30,lunar_ice_sp50_030_010_seed929010,B1B_seeded_root_CG,B2B_seeded_tail_CG,BPC_INCOMPLETE_PRICING,FEASIBLE_INCUMBENT_ONLY,INCOMPLETE_LIMIT,False,,,,,False,,0,0,0,0,0,0,0,0,0,0,0,0,0,,0,0,False,False,0,0.001763,task_count=30 exceeds B2 max_direct_tasks=10,False,False,clearer_fail_closed_reason
30-scale fail-closed diagnostic,30,lunar_ice_sp50_030_012_seed929012,fixed_graph_direct_dp_oracle,B0_pure_direct_dp,SKIPPED_TOO_LARGE_FOR_DIRECT_DP_BASELINE,FEASIBLE_INCUMBENT_ONLY,,False,,,,,False,,0,0,0,0,0,0,0,0,0,0,0,0,0,,0,0,,,0,0.001462,task_count=30 exceeds max_exact_tasks=10,False,False,
30-scale fail-closed diagnostic,30,lunar_ice_sp50_030_012_seed929012,accepted_B1,B1A_full_universe_root_audit,BPC_INCOMPLETE_PRICING,FEASIBLE_INCUMBENT_ONLY,INCOMPLETE_LIMIT,False,,,,,False,,0,0,0,0,0,0,0,0,0,0,0,0,0,,0,0,False,False,0,0.0015,task_count=30 exceeds max_direct_tasks=10,False,False,
30-scale fail-closed diagnostic,30,lunar_ice_sp50_030_012_seed929012,accepted_B1,B1B_seeded_root_CG,BPC_INCOMPLETE_PRICING,FEASIBLE_INCUMBENT_ONLY,INCOMPLETE_LIMIT,False,,,,,False,,0,0,0,0,0,0,0,0,0,0,0,0,0,,0,0,False,False,0,0.001505,task_count=30 exceeds max_direct_tasks=10,False,False,
30-scale fail-closed diagnostic,30,lunar_ice_sp50_030_012_seed929012,B1A_full_universe_root_audit,B2A_full_universe_rc_audit_fast_path,BPC_INCOMPLETE_PRICING,FEASIBLE_INCUMBENT_ONLY,INCOMPLETE_LIMIT,False,,,,,False,,0,0,0,0,0,0,0,0,0,0,0,0,0,,0,0,False,False,0,0.00157,task_count=30 exceeds B2 max_direct_tasks=10,False,False,clearer_fail_closed_reason
30-scale fail-closed diagnostic,30,lunar_ice_sp50_030_012_seed929012,B1B_seeded_root_CG,B2B_seeded_tail_CG,BPC_INCOMPLETE_PRICING,FEASIBLE_INCUMBENT_ONLY,INCOMPLETE_LIMIT,False,,,,,False,,0,0,0,0,0,0,0,0,0,0,0,0,0,,0,0,False,False,0,0.001408,task_count=30 exceeds B2 max_direct_tasks=10,False,False,wall_time_lower
30-scale fail-closed diagnostic,30,lunar_ice_sp50_030_013_seed929013,fixed_graph_direct_dp_oracle,B0_pure_direct_dp,SKIPPED_TOO_LARGE_FOR_DIRECT_DP_BASELINE,FEASIBLE_INCUMBENT_ONLY,,False,,,,,False,,0,0,0,0,0,0,0,0,0,0,0,0,0,,0,0,,,0,0.00167,task_count=30 exceeds max_exact_tasks=10,False,False,
30-scale fail-closed diagnostic,30,lunar_ice_sp50_030_013_seed929013,accepted_B1,B1A_full_universe_root_audit,BPC_INCOMPLETE_PRICING,FEASIBLE_INCUMBENT_ONLY,INCOMPLETE_LIMIT,False,,,,,False,,0,0,0,0,0,0,0,0,0,0,0,0,0,,0,0,False,False,0,0.001474,task_count=30 exceeds max_direct_tasks=10,False,False,
30-scale fail-closed diagnostic,30,lunar_ice_sp50_030_013_seed929013,accepted_B1,B1B_seeded_root_CG,BPC_INCOMPLETE_PRICING,FEASIBLE_INCUMBENT_ONLY,INCOMPLETE_LIMIT,False,,,,,False,,0,0,0,0,0,0,0,0,0,0,0,0,0,,0,0,False,False,0,0.001837,task_count=30 exceeds max_direct_tasks=10,False,False,
30-scale fail-closed diagnostic,30,lunar_ice_sp50_030_013_seed929013,B1A_full_universe_root_audit,B2A_full_universe_rc_audit_fast_path,BPC_INCOMPLETE_PRICING,FEASIBLE_INCUMBENT_ONLY,INCOMPLETE_LIMIT,False,,,,,False,,0,0,0,0,0,0,0,0,0,0,0,0,0,,0,0,False,False,0,0.001559,task_count=30 exceeds B2 max_direct_tasks=10,False,False,clearer_fail_closed_reason
30-scale fail-closed diagnostic,30,lunar_ice_sp50_030_013_seed929013,B1B_seeded_root_CG,B2B_seeded_tail_CG,BPC_INCOMPLETE_PRICING,FEASIBLE_INCUMBENT_ONLY,INCOMPLETE_LIMIT,False,,,,,False,,0,0,0,0,0,0,0,0,0,0,0,0,0,,0,0,False,False,0,0.001593,task_count=30 exceeds B2 max_direct_tasks=10,False,False,wall_time_lower
30-scale fail-closed diagnostic,30,lunar_ice_sp50_030_014_seed929014,fixed_graph_direct_dp_oracle,B0_pure_direct_dp,SKIPPED_TOO_LARGE_FOR_DIRECT_DP_BASELINE,FEASIBLE_INCUMBENT_ONLY,,False,,,,,False,,0,0,0,0,0,0,0,0,0,0,0,0,0,,0,0,,,0,0.001461,task_count=30 exceeds max_exact_tasks=10,False,False,
30-scale fail-closed diagnostic,30,lunar_ice_sp50_030_014_seed929014,accepted_B1,B1A_full_universe_root_audit,BPC_INCOMPLETE_PRICING,FEASIBLE_INCUMBENT_ONLY,INCOMPLETE_LIMIT,False,,,,,False,,0,0,0,0,0,0,0,0,0,0,0,0,0,,0,0,False,False,0,0.00147,task_count=30 exceeds max_direct_tasks=10,False,False,
30-scale fail-closed diagnostic,30,lunar_ice_sp50_030_014_seed929014,accepted_B1,B1B_seeded_root_CG,BPC_INCOMPLETE_PRICING,FEASIBLE_INCUMBENT_ONLY,INCOMPLETE_LIMIT,False,,,,,False,,0,0,0,0,0,0,0,0,0,0,0,0,0,,0,0,False,False,0,0.001381,task_count=30 exceeds max_direct_tasks=10,False,False,
30-scale fail-closed diagnostic,30,lunar_ice_sp50_030_014_seed929014,B1A_full_universe_root_audit,B2A_full_universe_rc_audit_fast_path,BPC_INCOMPLETE_PRICING,FEASIBLE_INCUMBENT_ONLY,INCOMPLETE_LIMIT,False,,,,,False,,0,0,0,0,0,0,0,0,0,0,0,0,0,,0,0,False,False,0,0.001664,task_count=30 exceeds B2 max_direct_tasks=10,False,False,clearer_fail_closed_reason
30-scale fail-closed diagnostic,30,lunar_ice_sp50_030_014_seed929014,B1B_seeded_root_CG,B2B_seeded_tail_CG,BPC_INCOMPLETE_PRICING,FEASIBLE_INCUMBENT_ONLY,INCOMPLETE_LIMIT,False,,,,,False,,0,0,0,0,0,0,0,0,0,0,0,0,0,,0,0,False,False,0,0.001475,task_count=30 exceeds B2 max_direct_tasks=10,False,False,clearer_fail_closed_reason
30-scale fail-closed diagnostic,30,lunar_ice_sp50_030_016_seed929016,fixed_graph_direct_dp_oracle,B0_pure_direct_dp,SKIPPED_TOO_LARGE_FOR_DIRECT_DP_BASELINE,FEASIBLE_INCUMBENT_ONLY,,False,,,,,False,,0,0,0,0,0,0,0,0,0,0,0,0,0,,0,0,,,0,0.001357,task_count=30 exceeds max_exact_tasks=10,False,False,
30-scale fail-closed diagnostic,30,lunar_ice_sp50_030_016_seed929016,accepted_B1,B1A_full_universe_root_audit,BPC_INCOMPLETE_PRICING,FEASIBLE_INCUMBENT_ONLY,INCOMPLETE_LIMIT,False,,,,,False,,0,0,0,0,0,0,0,0,0,0,0,0,0,,0,0,False,False,0,0.001809,task_count=30 exceeds max_direct_tasks=10,False,False,
30-scale fail-closed diagnostic,30,lunar_ice_sp50_030_016_seed929016,accepted_B1,B1B_seeded_root_CG,BPC_INCOMPLETE_PRICING,FEASIBLE_INCUMBENT_ONLY,INCOMPLETE_LIMIT,False,,,,,False,,0,0,0,0,0,0,0,0,0,0,0,0,0,,0,0,False,False,0,0.001507,task_count=30 exceeds max_direct_tasks=10,False,False,
30-scale fail-closed diagnostic,30,lunar_ice_sp50_030_016_seed929016,B1A_full_universe_root_audit,B2A_full_universe_rc_audit_fast_path,BPC_INCOMPLETE_PRICING,FEASIBLE_INCUMBENT_ONLY,INCOMPLETE_LIMIT,False,,,,,False,,0,0,0,0,0,0,0,0,0,0,0,0,0,,0,0,False,False,0,0.001476,task_count=30 exceeds B2 max_direct_tasks=10,False,False,wall_time_lower
30-scale fail-closed diagnostic,30,lunar_ice_sp50_030_016_seed929016,B1B_seeded_root_CG,B2B_seeded_tail_CG,BPC_INCOMPLETE_PRICING,FEASIBLE_INCUMBENT_ONLY,INCOMPLETE_LIMIT,False,,,,,False,,0,0,0,0,0,0,0,0,0,0,0,0,0,,0,0,False,False,0,0.001442,task_count=30 exceeds B2 max_direct_tasks=10,False,False,wall_time_lower
30-scale fail-closed diagnostic,30,lunar_ice_sp50_030_015_seed929015,fixed_graph_direct_dp_oracle,B0_pure_direct_dp,SKIPPED_TOO_LARGE_FOR_DIRECT_DP_BASELINE,FEASIBLE_INCUMBENT_ONLY,,False,,,,,False,,0,0,0,0,0,0,0,0,0,0,0,0,0,,0,0,,,0,0.001403,task_count=30 exceeds max_exact_tasks=10,False,False,
30-scale fail-closed diagnostic,30,lunar_ice_sp50_030_015_seed929015,accepted_B1,B1A_full_universe_root_audit,BPC_INCOMPLETE_PRICING,FEASIBLE_INCUMBENT_ONLY,INCOMPLETE_LIMIT,False,,,,,False,,0,0,0,0,0,0,0,0,0,0,0,0,0,,0,0,False,False,0,0.001617,task_count=30 exceeds max_direct_tasks=10,False,False,
30-scale fail-closed diagnostic,30,lunar_ice_sp50_030_015_seed929015,accepted_B1,B1B_seeded_root_CG,BPC_INCOMPLETE_PRICING,FEASIBLE_INCUMBENT_ONLY,INCOMPLETE_LIMIT,False,,,,,False,,0,0,0,0,0,0,0,0,0,0,0,0,0,,0,0,False,False,0,0.001609,task_count=30 exceeds max_direct_tasks=10,False,False,
30-scale fail-closed diagnostic,30,lunar_ice_sp50_030_015_seed929015,B1A_full_universe_root_audit,B2A_full_universe_rc_audit_fast_path,BPC_INCOMPLETE_PRICING,FEASIBLE_INCUMBENT_ONLY,INCOMPLETE_LIMIT,False,,,,,False,,0,0,0,0,0,0,0,0,0,0,0,0,0,,0,0,False,False,0,0.001512,task_count=30 exceeds B2 max_direct_tasks=10,False,False,wall_time_lower
30-scale fail-closed diagnostic,30,lunar_ice_sp50_030_015_seed929015,B1B_seeded_root_CG,B2B_seeded_tail_CG,BPC_INCOMPLETE_PRICING,FEASIBLE_INCUMBENT_ONLY,INCOMPLETE_LIMIT,False,,,,,False,,0,0,0,0,0,0,0,0,0,0,0,0,0,,0,0,False,False,0,0.001728,task_count=30 exceeds B2 max_direct_tasks=10,False,False,clearer_fail_closed_reason
30-scale fail-closed diagnostic,30,lunar_ice_sp50_030_017_seed929017,fixed_graph_direct_dp_oracle,B0_pure_direct_dp,SKIPPED_TOO_LARGE_FOR_DIRECT_DP_BASELINE,FEASIBLE_INCUMBENT_ONLY,,False,,,,,False,,0,0,0,0,0,0,0,0,0,0,0,0,0,,0,0,,,0,0.00166,task_count=30 exceeds max_exact_tasks=10,False,False,
30-scale fail-closed diagnostic,30,lunar_ice_sp50_030_017_seed929017,accepted_B1,B1A_full_universe_root_audit,BPC_INCOMPLETE_PRICING,FEASIBLE_INCUMBENT_ONLY,INCOMPLETE_LIMIT,False,,,,,False,,0,0,0,0,0,0,0,0,0,0,0,0,0,,0,0,False,False,0,0.001531,task_count=30 exceeds max_direct_tasks=10,False,False,
30-scale fail-closed diagnostic,30,lunar_ice_sp50_030_017_seed929017,accepted_B1,B1B_seeded_root_CG,BPC_INCOMPLETE_PRICING,FEASIBLE_INCUMBENT_ONLY,INCOMPLETE_LIMIT,False,,,,,False,,0,0,0,0,0,0,0,0,0,0,0,0,0,,0,0,False,False,0,0.001367,task_count=30 exceeds max_direct_tasks=10,False,False,
30-scale fail-closed diagnostic,30,lunar_ice_sp50_030_017_seed929017,B1A_full_universe_root_audit,B2A_full_universe_rc_audit_fast_path,BPC_INCOMPLETE_PRICING,FEASIBLE_INCUMBENT_ONLY,INCOMPLETE_LIMIT,False,,,,,False,,0,0,0,0,0,0,0,0,0,0,0,0,0,,0,0,False,False,0,0.001694,task_count=30 exceeds B2 max_direct_tasks=10,False,False,clearer_fail_closed_reason
30-scale fail-closed diagnostic,30,lunar_ice_sp50_030_017_seed929017,B1B_seeded_root_CG,B2B_seeded_tail_CG,BPC_INCOMPLETE_PRICING,FEASIBLE_INCUMBENT_ONLY,INCOMPLETE_LIMIT,False,,,,,False,,0,0,0,0,0,0,0,0,0,0,0,0,0,,0,0,False,False,0,0.001566,task_count=30 exceeds B2 max_direct_tasks=10,False,False,clearer_fail_closed_reason
30-scale fail-closed diagnostic,30,lunar_ice_sp50_030_019_seed929019,fixed_graph_direct_dp_oracle,B0_pure_direct_dp,SKIPPED_TOO_LARGE_FOR_DIRECT_DP_BASELINE,FEASIBLE_INCUMBENT_ONLY,,False,,,,,False,,0,0,0,0,0,0,0,0,0,0,0,0,0,,0,0,,,0,0.001417,task_count=30 exceeds max_exact_tasks=10,False,False,
30-scale fail-closed diagnostic,30,lunar_ice_sp50_030_019_seed929019,accepted_B1,B1A_full_universe_root_audit,BPC_INCOMPLETE_PRICING,FEASIBLE_INCUMBENT_ONLY,INCOMPLETE_LIMIT,False,,,,,False,,0,0,0,0,0,0,0,0,0,0,0,0,0,,0,0,False,False,0,0.001555,task_count=30 exceeds max_direct_tasks=10,False,False,
30-scale fail-closed diagnostic,30,lunar_ice_sp50_030_019_seed929019,accepted_B1,B1B_seeded_root_CG,BPC_INCOMPLETE_PRICING,FEASIBLE_INCUMBENT_ONLY,INCOMPLETE_LIMIT,False,,,,,False,,0,0,0,0,0,0,0,0,0,0,0,0,0,,0,0,False,False,0,0.001431,task_count=30 exceeds max_direct_tasks=10,False,False,
30-scale fail-closed diagnostic,30,lunar_ice_sp50_030_019_seed929019,B1A_full_universe_root_audit,B2A_full_universe_rc_audit_fast_path,BPC_INCOMPLETE_PRICING,FEASIBLE_INCUMBENT_ONLY,INCOMPLETE_LIMIT,False,,,,,False,,0,0,0,0,0,0,0,0,0,0,0,0,0,,0,0,False,False,0,0.001948,task_count=30 exceeds B2 max_direct_tasks=10,False,False,clearer_fail_closed_reason
30-scale fail-closed diagnostic,30,lunar_ice_sp50_030_019_seed929019,B1B_seeded_root_CG,B2B_seeded_tail_CG,BPC_INCOMPLETE_PRICING,FEASIBLE_INCUMBENT_ONLY,INCOMPLETE_LIMIT,False,,,,,False,,0,0,0,0,0,0,0,0,0,0,0,0,0,,0,0,False,False,0,0.001533,task_count=30 exceeds B2 max_direct_tasks=10,False,False,clearer_fail_closed_reason
30-scale fail-closed diagnostic,30,lunar_ice_sp50_030_020_seed929020,fixed_graph_direct_dp_oracle,B0_pure_direct_dp,SKIPPED_TOO_LARGE_FOR_DIRECT_DP_BASELINE,FEASIBLE_INCUMBENT_ONLY,,False,,,,,False,,0,0,0,0,0,0,0,0,0,0,0,0,0,,0,0,,,0,0.001472,task_count=30 exceeds max_exact_tasks=10,False,False,
30-scale fail-closed diagnostic,30,lunar_ice_sp50_030_020_seed929020,accepted_B1,B1A_full_universe_root_audit,BPC_INCOMPLETE_PRICING,FEASIBLE_INCUMBENT_ONLY,INCOMPLETE_LIMIT,False,,,,,False,,0,0,0,0,0,0,0,0,0,0,0,0,0,,0,0,False,False,0,0.001459,task_count=30 exceeds max_direct_tasks=10,False,False,
30-scale fail-closed diagnostic,30,lunar_ice_sp50_030_020_seed929020,accepted_B1,B1B_seeded_root_CG,BPC_INCOMPLETE_PRICING,FEASIBLE_INCUMBENT_ONLY,INCOMPLETE_LIMIT,False,,,,,False,,0,0,0,0,0,0,0,0,0,0,0,0,0,,0,0,False,False,0,0.001747,task_count=30 exceeds max_direct_tasks=10,False,False,
30-scale fail-closed diagnostic,30,lunar_ice_sp50_030_020_seed929020,B1A_full_universe_root_audit,B2A_full_universe_rc_audit_fast_path,BPC_INCOMPLETE_PRICING,FEASIBLE_INCUMBENT_ONLY,INCOMPLETE_LIMIT,False,,,,,False,,0,0,0,0,0,0,0,0,0,0,0,0,0,,0,0,False,False,0,0.00159,task_count=30 exceeds B2 max_direct_tasks=10,False,False,clearer_fail_closed_reason
30-scale fail-closed diagnostic,30,lunar_ice_sp50_030_020_seed929020,B1B_seeded_root_CG,B2B_seeded_tail_CG,BPC_INCOMPLETE_PRICING,FEASIBLE_INCUMBENT_ONLY,INCOMPLETE_LIMIT,False,,,,,False,,0,0,0,0,0,0,0,0,0,0,0,0,0,,0,0,False,False,0,0.001402,task_count=30 exceeds B2 max_direct_tasks=10,False,False,wall_time_lower
30-scale fail-closed diagnostic,30,lunar_ice_sp50_030_018_seed929018,fixed_graph_direct_dp_oracle,B0_pure_direct_dp,SKIPPED_TOO_LARGE_FOR_DIRECT_DP_BASELINE,FEASIBLE_INCUMBENT_ONLY,,False,,,,,False,,0,0,0,0,0,0,0,0,0,0,0,0,0,,0,0,,,0,0.001842,task_count=30 exceeds max_exact_tasks=10,False,False,
30-scale fail-closed diagnostic,30,lunar_ice_sp50_030_018_seed929018,accepted_B1,B1A_full_universe_root_audit,BPC_INCOMPLETE_PRICING,FEASIBLE_INCUMBENT_ONLY,INCOMPLETE_LIMIT,False,,,,,False,,0,0,0,0,0,0,0,0,0,0,0,0,0,,0,0,False,False,0,0.001474,task_count=30 exceeds max_direct_tasks=10,False,False,
30-scale fail-closed diagnostic,30,lunar_ice_sp50_030_018_seed929018,accepted_B1,B1B_seeded_root_CG,BPC_INCOMPLETE_PRICING,FEASIBLE_INCUMBENT_ONLY,INCOMPLETE_LIMIT,False,,,,,False,,0,0,0,0,0,0,0,0,0,0,0,0,0,,0,0,False,False,0,0.001425,task_count=30 exceeds max_direct_tasks=10,False,False,
30-scale fail-closed diagnostic,30,lunar_ice_sp50_030_018_seed929018,B1A_full_universe_root_audit,B2A_full_universe_rc_audit_fast_path,BPC_INCOMPLETE_PRICING,FEASIBLE_INCUMBENT_ONLY,INCOMPLETE_LIMIT,False,,,,,False,,0,0,0,0,0,0,0,0,0,0,0,0,0,,0,0,False,False,0,0.001682,task_count=30 exceeds B2 max_direct_tasks=10,False,False,clearer_fail_closed_reason
30-scale fail-closed diagnostic,30,lunar_ice_sp50_030_018_seed929018,B1B_seeded_root_CG,B2B_seeded_tail_CG,BPC_INCOMPLETE_PRICING,FEASIBLE_INCUMBENT_ONLY,INCOMPLETE_LIMIT,False,,,,,False,,0,0,0,0,0,0,0,0,0,0,0,0,0,,0,0,False,False,0,0.001621,task_count=30 exceeds B2 max_direct_tasks=10,False,False,clearer_fail_closed_reason
