timestamp_utc,scale,instance_id,attempt,root_pid,tree_rss_kb,mem_available_kb,swap_free_kb,swap_total_kb,disk_free_bytes
2026-07-22T02:54:45.983905+00:00,5,instance_001_logical_graph,1,1290285,6072,13321952,4191976,4194304,882368897024
2026-07-22T02:54:46.985912+00:00,5,instance_001_logical_graph,1,1290285,0,13321908,4191976,4194304,882368516096
2026-07-22T02:54:46.991389+00:00,5,instance_002_logical_graph,1,1290595,5696,13322900,4191976,4194304,882368495616
2026-07-22T02:54:47.993358+00:00,5,instance_002_logical_graph,1,1290595,0,13319152,4191976,4194304,882368090112
2026-07-22T02:54:48.000546+00:00,5,instance_003_logical_graph,1,1290918,6064,13316992,4191976,4194304,882368077824
2026-07-22T02:54:49.002584+00:00,5,instance_003_logical_graph,1,1290918,0,13318508,4191976,4194304,882367700992
2026-07-22T02:54:49.011605+00:00,5,instance_004_logical_graph,1,1291224,6376,13319132,4191976,4194304,882367684608
2026-07-22T02:54:50.013663+00:00,5,instance_004_logical_graph,1,1291224,0,13322680,4191976,4194304,882367332352
2026-07-22T02:54:50.025289+00:00,5,instance_005_logical_graph,1,1291538,6596,13320020,4191976,4194304,882367320064
2026-07-22T02:54:51.027512+00:00,5,instance_005_logical_graph,1,1291538,0,13326460,4191976,4194304,882366935040
2026-07-22T02:54:51.040701+00:00,5,instance_006_logical_graph,1,1291841,6272,13325680,4191976,4194304,882366922752
2026-07-22T02:54:52.042695+00:00,5,instance_006_logical_graph,1,1291841,0,13320568,4191976,4194304,882366525440
2026-07-22T02:54:52.059658+00:00,5,instance_007_logical_graph,1,1292151,5760,13316680,4191976,4194304,882366513152
2026-07-22T02:54:53.061699+00:00,5,instance_007_logical_graph,1,1292151,0,13316852,4191976,4194304,882366111744
2026-07-22T02:54:53.077820+00:00,5,instance_008_logical_graph,1,1292459,6204,13317680,4191976,4194304,882366095360
2026-07-22T02:54:54.079884+00:00,5,instance_008_logical_graph,1,1292459,0,13310044,4191976,4194304,882365714432
2026-07-22T02:54:54.097139+00:00,5,instance_009_logical_graph,1,1292776,5752,13305720,4191976,4194304,882365702144
2026-07-22T02:54:55.099268+00:00,5,instance_009_logical_graph,1,1292776,0,13305608,4191976,4194304,882365337600
2026-07-22T02:54:55.120236+00:00,5,instance_010_logical_graph,1,1293081,6152,13312220,4191976,4194304,882365325312
2026-07-22T02:54:56.122209+00:00,5,instance_010_logical_graph,1,1293081,0,13312484,4191976,4194304,882364936192
2026-07-22T02:54:56.143427+00:00,5,instance_011_logical_graph,1,1293407,6092,13310292,4191976,4194304,882364923904
2026-07-22T02:54:57.145478+00:00,5,instance_011_logical_graph,1,1293407,0,13311044,4191976,4194304,882364522496
2026-07-22T02:54:57.171734+00:00,5,instance_012_logical_graph,1,1293722,6236,13309944,4191976,4194304,882364506112
2026-07-22T02:54:58.173823+00:00,5,instance_012_logical_graph,1,1293722,0,13310896,4191976,4194304,882364121088
2026-07-22T02:54:58.198297+00:00,5,instance_013_logical_graph,1,1294046,6396,13307532,4191976,4194304,882364104704
2026-07-22T02:54:59.200593+00:00,5,instance_013_logical_graph,1,1294046,0,13305296,4191976,4194304,882363723776
2026-07-22T02:54:59.226233+00:00,5,instance_014_logical_graph,1,1294361,6316,13306000,4191976,4194304,882363711488
2026-07-22T02:55:00.228430+00:00,5,instance_014_logical_graph,1,1294361,0,13308828,4191976,4194304,882363346944
2026-07-22T02:55:00.256637+00:00,5,instance_015_logical_graph,1,1294691,6292,13304000,4191976,4194304,882363334656
2026-07-22T02:55:01.258701+00:00,5,instance_015_logical_graph,1,1294691,0,13306292,4191976,4194304,882362949632
2026-07-22T02:55:01.288610+00:00,5,instance_016_logical_graph,1,1295002,6156,13307148,4191976,4194304,882362937344
2026-07-22T02:55:02.290650+00:00,5,instance_016_logical_graph,1,1295002,0,13305008,4191976,4194304,882362560512
2026-07-22T02:55:02.330659+00:00,5,instance_017_logical_graph,1,1295306,5992,13304976,4191976,4194304,882362544128
2026-07-22T02:55:03.332746+00:00,5,instance_017_logical_graph,1,1295306,0,13305220,4191976,4194304,882362171392
2026-07-22T02:55:03.366849+00:00,5,instance_018_logical_graph,1,1295618,6076,13306536,4191976,4194304,882362159104
2026-07-22T02:55:04.368868+00:00,5,instance_018_logical_graph,1,1295618,0,13304744,4191976,4194304,882361778176
2026-07-22T02:55:04.404037+00:00,5,instance_019_logical_graph,1,1295931,6384,13302004,4191976,4194304,882361765888
2026-07-22T02:55:05.406195+00:00,5,instance_019_logical_graph,1,1295931,0,13297256,4191976,4194304,882361364480
2026-07-22T02:55:05.445641+00:00,5,instance_020_logical_graph,1,1296238,6088,13301152,4191976,4194304,882361352192
2026-07-22T02:55:06.447700+00:00,5,instance_020_logical_graph,1,1296238,0,13298072,4191976,4194304,882360967168
2026-07-22T02:55:06.485237+00:00,10,instance_001_logical_graph,1,1296561,6028,13301324,4191976,4194304,882360946688
2026-07-22T02:55:10.409742+00:00,10,instance_001_logical_graph,1,1296561,0,13301192,4191976,4194304,882360328192
2026-07-22T02:55:10.449341+00:00,10,instance_002_logical_graph,1,1296862,6228,13299696,4191976,4194304,882360315904
2026-07-22T02:55:11.451402+00:00,10,instance_002_logical_graph,1,1296862,0,13302004,4191976,4194304,882359754752
2026-07-22T02:55:11.493586+00:00,10,instance_003_logical_graph,1,1297166,6168,13304328,4191976,4194304,882359742464
2026-07-22T02:55:12.495639+00:00,10,instance_003_logical_graph,1,1297166,0,13296016,4191976,4194304,882358927360
2026-07-22T02:55:12.540334+00:00,10,instance_004_logical_graph,1,1297480,6168,13297888,4191976,4194304,882358910976
2026-07-22T02:55:13.542543+00:00,10,instance_004_logical_graph,1,1297480,0,13301372,4191976,4194304,882358304768
2026-07-22T02:55:13.591051+00:00,10,instance_005_logical_graph,1,1297789,6308,13298992,4191976,4194304,882358292480
2026-07-22T02:55:15.593238+00:00,10,instance_005_logical_graph,1,1297789,0,13303480,4191976,4194304,882357682176
2026-07-22T02:55:15.644511+00:00,10,instance_006_logical_graph,1,1298400,5988,13301052,4191976,4194304,882357665792
2026-07-22T02:55:16.646534+00:00,10,instance_006_logical_graph,1,1298400,0,13299648,4191976,4194304,882357006336
2026-07-22T02:55:16.700851+00:00,10,instance_007_logical_graph,1,1298707,6084,13300644,4191976,4194304,882356994048
2026-07-22T02:55:17.702969+00:00,10,instance_007_logical_graph,1,1298707,0,13299908,4191976,4194304,882356256768
2026-07-22T02:55:17.759397+00:00,10,instance_008_logical_graph,1,1299021,5536,13298452,4191976,4194304,882356244480
2026-07-22T02:55:18.761416+00:00,10,instance_008_logical_graph,1,1299021,0,13301000,4191976,4194304,882355535872
2026-07-22T02:55:18.817917+00:00,10,instance_009_logical_graph,1,1299339,6124,13299964,4191976,4194304,882355523584
2026-07-22T02:55:20.820031+00:00,10,instance_009_logical_graph,1,1299339,0,13299804,4191976,4194304,882354860032
2026-07-22T02:55:20.879550+00:00,10,instance_010_logical_graph,1,1299927,6236,13302220,4191976,4194304,882354843648
2026-07-22T02:55:22.881737+00:00,10,instance_010_logical_graph,1,1299927,0,13296828,4191976,4194304,882354081792
2026-07-22T02:55:22.940425+00:00,10,instance_011_logical_graph,1,1300501,5904,13296184,4191976,4194304,882354069504
2026-07-22T02:55:24.942520+00:00,10,instance_011_logical_graph,1,1300501,0,13297776,4191976,4194304,882353393664
2026-07-22T02:55:25.009582+00:00,10,instance_012_logical_graph,1,1301103,6108,13297108,4191976,4194304,882353381376
2026-07-22T02:55:26.011702+00:00,10,instance_012_logical_graph,1,1301103,0,13290588,4191976,4194304,882352721920
2026-07-22T02:55:26.079914+00:00,10,instance_013_logical_graph,1,1301419,6284,13293144,4191976,4194304,882352709632
2026-07-22T02:55:28.082004+00:00,10,instance_013_logical_graph,1,1301419,0,13293612,4191976,4194304,882352009216
2026-07-22T02:55:28.152580+00:00,10,instance_014_logical_graph,1,1302021,6408,13298284,4191976,4194304,882351992832
2026-07-22T02:55:29.154801+00:00,10,instance_014_logical_graph,1,1302021,0,13296500,4191976,4194304,882351263744
2026-07-22T02:55:29.228710+00:00,10,instance_015_logical_graph,1,1302340,6360,13297764,4191976,4194304,882351247360
2026-07-22T02:55:31.230984+00:00,10,instance_015_logical_graph,1,1302340,0,13300436,4191976,4194304,882350538752
2026-07-22T02:55:31.307660+00:00,10,instance_016_logical_graph,1,1302946,6020,13295164,4191976,4194304,882350526464
2026-07-22T02:55:32.309819+00:00,10,instance_016_logical_graph,1,1302946,0,13294384,4191976,4194304,882349793280
2026-07-22T02:55:32.385388+00:00,10,instance_017_logical_graph,1,1303257,6112,13300712,4191976,4194304,882349780992
2026-07-22T02:55:33.387451+00:00,10,instance_017_logical_graph,1,1303257,0,13295108,4191976,4194304,882349219840
2026-07-22T02:55:33.467761+00:00,10,instance_018_logical_graph,1,1303583,5764,13292052,4191976,4194304,882349199360
2026-07-22T02:55:34.469911+00:00,10,instance_018_logical_graph,1,1303583,0,13287004,4191976,4194304,882348642304
2026-07-22T02:55:34.550925+00:00,10,instance_019_logical_graph,1,1303907,6036,13284744,4191976,4194304,882348630016
2026-07-22T02:55:36.553000+00:00,10,instance_019_logical_graph,1,1303907,0,13290908,4191976,4194304,882347548672
2026-07-22T02:55:36.638795+00:00,10,instance_020_logical_graph,1,1304510,6008,13285376,4191976,4194304,882347536384
2026-07-22T02:55:37.640880+00:00,10,instance_020_logical_graph,1,1304510,0,13282008,4191976,4194304,882346708992
2026-07-22T02:55:37.733313+00:00,20,instance_001_logical_graph,1,1304823,6364,13288576,4191976,4194304,882346692608
2026-07-22T02:55:47.690359+00:00,20,instance_001_logical_graph,1,1304823,0,13286488,4191976,4194304,882343276544
2026-07-22T02:55:47.781457+00:00,20,instance_002_logical_graph,1,1306745,5832,13279708,4191976,4194304,882343264256
2026-07-22T02:55:52.783862+00:00,20,instance_002_logical_graph,1,1306745,0,13281396,4191976,4194304,882340245504
2026-07-22T02:55:52.880406+00:00,20,instance_003_logical_graph,1,1308194,5956,13279804,4191976,4194304,882340229120
2026-07-22T02:56:14.883852+00:00,20,instance_003_logical_graph,1,1308194,0,13289588,4191976,4194304,882336563200
2026-07-22T02:56:14.991202+00:00,20,instance_004_logical_graph,1,1314132,5024,13292036,4191976,4194304,882336550912
2026-07-22T02:56:36.957857+00:00,20,instance_004_logical_graph,1,1314132,0,13283664,4191976,4194304,882334167040
2026-07-22T02:56:37.066351+00:00,20,instance_005_logical_graph,1,1319600,6408,13285156,4191976,4194304,882334154752
2026-07-22T02:56:52.069643+00:00,20,instance_005_logical_graph,1,1319600,0,13294920,4191976,4194304,882331340800
2026-07-22T02:56:52.192773+00:00,20,instance_006_logical_graph,1,1323746,5592,13297140,4191976,4194304,882331328512
2026-07-22T02:57:02.146844+00:00,20,instance_006_logical_graph,1,1323746,0,13289800,4191976,4194304,882328657920
2026-07-22T02:57:02.270091+00:00,20,instance_007_logical_graph,1,1325776,6344,13296384,4191976,4194304,882328637440
2026-07-22T02:57:10.273090+00:00,20,instance_007_logical_graph,1,1325776,0,13297616,4191976,4194304,882325032960
2026-07-22T02:57:10.398854+00:00,20,instance_008_logical_graph,1,1328134,5956,13297980,4191976,4194304,882325020672
2026-07-22T02:57:32.374097+00:00,20,instance_008_logical_graph,1,1328134,0,13292876,4191976,4194304,882321199104
2026-07-22T02:57:32.501634+00:00,20,instance_009_logical_graph,1,1333411,6216,13290828,4191976,4194304,882321186816
2026-07-22T02:57:50.518466+00:00,20,instance_009_logical_graph,1,1333411,0,13297220,4191976,4194304,882317627392
2026-07-22T02:57:50.654581+00:00,20,instance_010_logical_graph,1,1338618,5968,13292788,4191976,4194304,882317615104
2026-07-22T02:58:56.515093+00:00,20,instance_010_logical_graph,1,1338618,706184,12630896,4191976,4194304,882314379264
2026-07-22T02:59:24.472874+00:00,20,instance_010_logical_graph,1,1338618,0,13292092,4191976,4194304,882313494528
2026-07-22T02:59:24.614937+00:00,20,instance_011_logical_graph,1,1362378,6400,13287024,4191976,4194304,882313478144
2026-07-22T03:00:05.589178+00:00,20,instance_011_logical_graph,1,1362378,0,13295764,4191976,4194304,882310041600
2026-07-22T03:00:05.738248+00:00,20,instance_012_logical_graph,1,1372464,6168,13295084,4191976,4194304,882310029312
2026-07-22T03:01:11.638295+00:00,20,instance_012_logical_graph,1,1372464,806760,12529040,4191976,4194304,882306338816
2026-07-22T03:02:17.552857+00:00,20,instance_012_logical_graph,1,1372464,806776,12526912,4191976,4194304,882306314240
2026-07-22T03:02:27.555655+00:00,20,instance_012_logical_graph,1,1372464,0,13296248,4191976,4194304,882305183744
2026-07-22T03:02:27.717488+00:00,20,instance_013_logical_graph,1,1408859,6212,13299444,4191976,4194304,882305171456
2026-07-22T03:02:54.678706+00:00,20,instance_013_logical_graph,1,1408859,0,13296844,4191976,4194304,882300985344
2026-07-22T03:02:54.839037+00:00,20,instance_014_logical_graph,1,1415754,6304,13290268,4191976,4194304,882300973056
2026-07-22T03:03:10.841935+00:00,20,instance_014_logical_graph,1,1415754,0,13298844,4191976,4194304,882295488512
2026-07-22T03:03:11.003981+00:00,20,instance_015_logical_graph,1,1420491,6136,13293784,4191976,4194304,882295476224
2026-07-22T03:04:16.903884+00:00,20,instance_015_logical_graph,1,1420491,628396,12722948,4191976,4194304,882291814400
2026-07-22T03:04:46.886869+00:00,20,instance_015_logical_graph,1,1420491,0,13312072,4191976,4194304,882290597888
2026-07-22T03:04:47.053962+00:00,20,instance_016_logical_graph,1,1445766,5632,13311980,4191976,4194304,882290577408
2026-07-22T03:05:50.915317+00:00,20,instance_016_logical_graph,1,1445766,0,13309580,4191976,4194304,882285776896
2026-07-22T03:05:51.088220+00:00,20,instance_017_logical_graph,1,1462599,5748,13308296,4191976,4194304,882285764608
2026-07-22T03:06:44.056718+00:00,20,instance_017_logical_graph,1,1462599,0,13313480,4191976,4194304,882281893888
2026-07-22T03:06:44.229543+00:00,20,instance_018_logical_graph,1,1476991,6212,13309464,4191976,4194304,882281881600
2026-07-22T03:06:54.232160+00:00,20,instance_018_logical_graph,1,1476991,0,13316580,4191976,4194304,882277773312
2026-07-22T03:06:54.419349+00:00,20,instance_019_logical_graph,1,1479866,6272,13313932,4191976,4194304,882277756928
2026-07-22T03:07:34.347235+00:00,20,instance_019_logical_graph,1,1479866,0,13318156,4191976,4194304,882274574336
2026-07-22T03:07:34.535478+00:00,20,instance_020_logical_graph,1,1489689,6236,13315016,4191976,4194304,882274557952
2026-07-22T03:07:44.538178+00:00,20,instance_020_logical_graph,1,1489689,0,13319064,4191976,4194304,882270576640
2026-07-22T03:07:44.734174+00:00,30,instance_001_logical_graph,1,1492698,5936,13313176,4191976,4194304,882270560256
2026-07-22T03:08:50.603265+00:00,30,instance_001_logical_graph,1,1492698,1990824,11371412,4191976,4194304,882270449664
2026-07-22T03:09:56.533188+00:00,30,instance_001_logical_graph,1,1492698,2233444,11121992,4191976,4194304,882270441472
2026-07-22T03:10:22.537277+00:00,30,instance_001_logical_graph,1,1492698,0,13314036,4191976,4194304,882257936384
2026-07-22T03:10:22.777504+00:00,30,instance_002_logical_graph,1,1535125,5936,13312076,4191976,4194304,882257903616
2026-07-22T03:11:28.681432+00:00,30,instance_002_logical_graph,1,1535125,2152496,11199224,4191976,4194304,882257780736
2026-07-22T03:12:34.608973+00:00,30,instance_002_logical_graph,1,1535125,2037776,11312592,4191976,4194304,882246348800
2026-07-22T03:13:41.656622+00:00,30,instance_002_logical_graph,1,1535125,2038032,11307760,4191976,4194304,882246291456
2026-07-22T03:14:48.889964+00:00,30,instance_002_logical_graph,1,1535125,2511960,10837308,4191976,4194304,882246246400
2026-07-22T03:15:56.114577+00:00,30,instance_002_logical_graph,1,1535125,2462968,10874908,4191976,4194304,882246201344
2026-07-22T03:16:59.764009+00:00,30,instance_002_logical_graph,1,1535125,2462968,10875968,4191976,4194304,882246172672
2026-07-22T03:18:06.937987+00:00,30,instance_002_logical_graph,1,1535125,2462984,10876412,4191976,4194304,882246127616
2026-07-22T03:19:14.185536+00:00,30,instance_002_logical_graph,1,1535125,2462992,10879716,4191976,4194304,882249818112
2026-07-22T03:20:21.399693+00:00,30,instance_002_logical_graph,1,1535125,2463012,10879676,4191976,4194304,882247946240
2026-07-22T03:21:28.550340+00:00,30,instance_002_logical_graph,1,1535125,2465296,10882900,4191976,4194304,882246451200
2026-07-22T03:21:59.149666+00:00,30,instance_002_logical_graph,1,1535125,0,13307316,4191976,4194304,882245439488
2026-07-22T03:21:59.385838+00:00,30,instance_003_logical_graph,1,1699231,6128,13309344,4191976,4194304,882245427200
2026-07-22T03:23:06.625533+00:00,30,instance_003_logical_graph,1,1699231,1449364,11903320,4191976,4194304,882245238784
2026-07-22T03:24:10.238895+00:00,30,instance_003_logical_graph,1,1699231,1485760,11863004,4191976,4194304,882234437632
2026-07-22T03:25:17.461271+00:00,30,instance_003_logical_graph,1,1699231,1485808,11864372,4191976,4194304,882234392576
2026-07-22T03:25:36.085866+00:00,30,instance_003_logical_graph,1,1699231,0,13294936,4191976,4194304,882233339904
2026-07-22T03:25:36.325639+00:00,30,instance_004_logical_graph,1,1751667,6116,13292624,4191976,4194304,882233323520
2026-07-22T03:26:43.544771+00:00,30,instance_004_logical_graph,1,1751667,2199116,11156168,4191976,4194304,882233253888
2026-07-22T03:27:47.171332+00:00,30,instance_004_logical_graph,1,1751667,2199344,11154316,4191976,4194304,882233212928
2026-07-22T03:28:54.413779+00:00,30,instance_004_logical_graph,1,1751667,2107732,11240888,4191976,4194304,882222268416
2026-07-22T03:30:01.605263+00:00,30,instance_004_logical_graph,1,1751667,1134724,12210212,4191976,4194304,882222235648
2026-07-22T03:31:08.850171+00:00,30,instance_004_logical_graph,1,1751667,1134828,12215380,4191976,4194304,882222166016
2026-07-22T03:32:16.092814+00:00,30,instance_004_logical_graph,1,1751667,1137180,12210836,4191976,4194304,882222129152
2026-07-22T03:32:45.709084+00:00,30,instance_004_logical_graph,1,1751667,0,13294452,4191976,4194304,882220834816
2026-07-22T03:32:45.967248+00:00,30,instance_005_logical_graph,1,1854853,6212,13300876,4191976,4194304,882220822528
2026-07-22T03:33:49.572019+00:00,30,instance_005_logical_graph,1,1854853,2267928,11078208,4191976,4194304,882220748800
2026-07-22T03:34:56.840446+00:00,30,instance_005_logical_graph,1,1854853,2136832,11207476,4191976,4194304,882208636928
2026-07-22T03:36:04.001364+00:00,30,instance_005_logical_graph,1,1854853,2136988,11204664,4191976,4194304,882208604160
2026-07-22T03:37:11.227618+00:00,30,instance_005_logical_graph,1,1854853,2136988,11206696,4191976,4194304,882208563200
2026-07-22T03:38:18.471855+00:00,30,instance_005_logical_graph,1,1854853,2137008,11211320,4191976,4194304,882208534528
2026-07-22T03:39:25.716719+00:00,30,instance_005_logical_graph,1,1854853,2137996,11205984,4191976,4194304,882208493568
2026-07-22T03:40:32.889790+00:00,30,instance_005_logical_graph,1,1854853,2137996,11204008,4191976,4194304,882208464896
2026-07-22T03:41:36.544041+00:00,30,instance_005_logical_graph,1,1854853,2137996,11204216,4191976,4194304,882208428032
2026-07-22T03:42:43.702985+00:00,30,instance_005_logical_graph,1,1854853,2140608,11207160,4191976,4194304,882208399360
2026-07-22T03:43:35.900857+00:00,30,instance_005_logical_graph,1,1854853,0,13301412,4191976,4194304,882206932992
2026-07-22T03:43:36.168082+00:00,30,instance_006_logical_graph,1,2009553,6336,13306192,4191976,4194304,882206920704
2026-07-22T03:44:39.821607+00:00,30,instance_006_logical_graph,1,2009553,2278908,11068040,4191976,4194304,882206855168
2026-07-22T03:45:46.991050+00:00,30,instance_006_logical_graph,1,2009553,2214736,11129264,4191976,4194304,882193690624
2026-07-22T03:46:54.227211+00:00,30,instance_006_logical_graph,1,2009553,2212868,11129000,4191976,4194304,882193657856
2026-07-22T03:48:01.465830+00:00,30,instance_006_logical_graph,1,2009553,2212892,11124712,4191976,4194304,882193620992
2026-07-22T03:49:08.680279+00:00,30,instance_006_logical_graph,1,2009553,2212892,11129900,4191976,4194304,882193588224
2026-07-22T03:49:33.292187+00:00,30,instance_006_logical_graph,1,2009553,0,13300160,4191976,4194304,882192318464
2026-07-22T03:49:33.582609+00:00,30,instance_007_logical_graph,1,2093982,6092,13296680,4191976,4194304,882192306176
2026-07-22T03:50:37.203595+00:00,30,instance_007_logical_graph,1,2093982,1344784,12000544,4191976,4194304,882183118848
2026-07-22T03:51:46.171486+00:00,30,instance_007_logical_graph,1,2093982,1344832,11999876,4191976,4194304,882183090176
2026-07-22T03:52:53.324471+00:00,30,instance_007_logical_graph,1,2093982,1344836,11997732,4191976,4194304,882185990144
2026-07-22T03:53:56.941548+00:00,30,instance_007_logical_graph,1,2093982,1344836,11995872,4191976,4194304,882184118272
2026-07-22T03:55:05.880175+00:00,30,instance_007_logical_graph,1,2093982,1345364,11993336,4191976,4194304,882183151616
2026-07-22T03:55:44.481278+00:00,30,instance_007_logical_graph,1,2093982,0,13299188,4191976,4194304,882180714496
2026-07-22T03:55:44.769184+00:00,30,instance_008_logical_graph,1,2181656,5744,13302864,4191976,4194304,882180698112
2026-07-22T03:56:52.007116+00:00,30,instance_008_logical_graph,1,2181656,1993496,11352648,4191976,4194304,882180632576
2026-07-22T03:57:59.255168+00:00,30,instance_008_logical_graph,1,2181656,2124132,11217336,4191976,4194304,882180591616
2026-07-22T03:59:02.841539+00:00,30,instance_008_logical_graph,1,2181656,2124132,11218992,4191976,4194304,882180554752
2026-07-22T04:00:09.992208+00:00,30,instance_008_logical_graph,1,2181656,2009964,11336172,4191976,4194304,882166337536
2026-07-22T04:01:17.190495+00:00,30,instance_008_logical_graph,1,2181656,2010360,11332984,4191976,4194304,882166308864
2026-07-22T04:02:24.420289+00:00,30,instance_008_logical_graph,1,2181656,2011376,11335884,4191976,4194304,882166247424
2026-07-22T04:03:31.619504+00:00,30,instance_008_logical_graph,1,2181656,2062584,11281412,4191976,4194304,882166226944
2026-07-22T04:04:38.818485+00:00,30,instance_008_logical_graph,1,2181656,2062584,11281632,4191976,4194304,882166190080
2026-07-22T04:05:15.469107+00:00,30,instance_008_logical_graph,1,2181656,0,13327300,4191976,4194304,882165612544
2026-07-22T04:05:15.769145+00:00,30,instance_009_logical_graph,1,2319437,6368,13324476,4191976,4194304,882165600256
2026-07-22T04:06:22.951890+00:00,30,instance_009_logical_graph,1,2319437,1783752,11518148,4191976,4194304,882043670528
2026-07-22T04:07:26.496969+00:00,30,instance_009_logical_graph,1,2319437,2156224,11186000,4191976,4194304,881524101120
2026-07-22T04:08:33.697817+00:00,30,instance_009_logical_graph,1,2319437,2169304,11161288,4191976,4194304,881524056064
2026-07-22T04:09:40.942322+00:00,30,instance_009_logical_graph,1,2319437,1927584,11411096,4191976,4194304,881510080512
2026-07-22T04:10:48.156957+00:00,30,instance_009_logical_graph,1,2319437,1821288,11506492,4191976,4194304,881510043648
2026-07-22T04:11:55.386190+00:00,30,instance_009_logical_graph,1,2319437,1821288,11523704,4191976,4194304,881510006784
2026-07-22T04:13:02.643009+00:00,30,instance_009_logical_graph,1,2319437,1821388,11513676,4191976,4194304,881509924864
2026-07-22T04:14:09.788428+00:00,30,instance_009_logical_graph,1,2319437,1821436,11512264,4191976,4194304,881509888000
2026-07-22T04:15:13.403535+00:00,30,instance_009_logical_graph,1,2319437,1821440,11519760,4191976,4194304,881509859328
2026-07-22T04:16:20.660504+00:00,30,instance_009_logical_graph,1,2319437,1821440,11511916,4191976,4194304,881509826560
2026-07-22T04:17:27.892545+00:00,30,instance_009_logical_graph,1,2319437,1813240,11530704,4191976,4194304,881509793792
2026-07-22T04:18:35.144934+00:00,30,instance_009_logical_graph,1,2319437,1813656,11513604,4191976,4194304,881509756928
2026-07-22T04:19:42.357040+00:00,30,instance_009_logical_graph,1,2319437,1818996,11512544,4191976,4194304,881509715968
2026-07-22T04:20:49.558679+00:00,30,instance_009_logical_graph,1,2319437,1821304,11507924,4191976,4194304,881509695488
2026-07-22T04:21:53.138518+00:00,30,instance_009_logical_graph,1,2319437,1821304,11512968,4191976,4194304,881509658624
2026-07-22T04:23:00.373601+00:00,30,instance_009_logical_graph,1,2319437,1821308,11509996,4191976,4194304,881509621760
2026-07-22T04:24:07.593304+00:00,30,instance_009_logical_graph,1,2319437,1821308,11515836,4191976,4194304,881509597184
2026-07-22T04:24:31.224901+00:00,30,instance_009_logical_graph,1,2319437,0,13290808,4191976,4194304,881506770944
2026-07-22T04:24:31.550789+00:00,30,instance_010_logical_graph,1,2611567,6180,13291504,4191976,4194304,881506754560
2026-07-22T04:25:38.781115+00:00,30,instance_010_logical_graph,1,2611567,1948672,11392576,4191976,4194304,881506672640
2026-07-22T04:26:45.993905+00:00,30,instance_010_logical_graph,1,2611567,1968684,11377148,4191976,4194304,881508847616
2026-07-22T04:27:49.610736+00:00,30,instance_010_logical_graph,1,2611567,2165020,11173308,4191976,4194304,881506697216
2026-07-22T04:28:56.826481+00:00,30,instance_010_logical_graph,1,2611567,2201972,11137296,4191976,4194304,881506664448
2026-07-22T04:30:04.037501+00:00,30,instance_010_logical_graph,1,2611567,2146596,11190208,4191976,4194304,881489072128
2026-07-22T04:30:08.039727+00:00,30,instance_010_logical_graph,1,2611567,0,13292596,4191976,4194304,881488691200
2026-07-22T04:30:08.361074+00:00,30,instance_011_logical_graph,1,2699590,6408,13289744,4191976,4194304,881488678912
2026-07-22T04:31:15.593061+00:00,30,instance_011_logical_graph,1,2699590,2009384,11334280,4191976,4194304,881488613376
2026-07-22T04:32:21.837288+00:00,30,instance_011_logical_graph,1,2699590,0,13295076,4191976,4194304,881475915776
2026-07-22T04:32:22.159268+00:00,30,instance_012_logical_graph,1,2733927,6244,13295680,4191976,4194304,881475903488
2026-07-22T04:33:29.314906+00:00,30,instance_012_logical_graph,1,2733927,1943188,11400524,4191976,4194304,881475829760
2026-07-22T04:34:36.548146+00:00,30,instance_012_logical_graph,1,2733927,2006388,11334028,4191976,4194304,881475801088
2026-07-22T04:35:40.171460+00:00,30,instance_012_logical_graph,1,2733927,2331696,11005504,4191976,4194304,881475768320
2026-07-22T04:36:47.378810+00:00,30,instance_012_logical_graph,1,2733927,2331696,11015044,4191976,4194304,881475731456
2026-07-22T04:37:54.562355+00:00,30,instance_012_logical_graph,1,2733927,2331696,11022220,4191976,4194304,881475710976
2026-07-22T04:39:01.810447+00:00,30,instance_012_logical_graph,1,2733927,1966352,11377940,4191976,4194304,881459458048
2026-07-22T04:40:09.026920+00:00,30,instance_012_logical_graph,1,2733927,1957648,11390080,4191976,4194304,881459429376
2026-07-22T04:41:16.259754+00:00,30,instance_012_logical_graph,1,2733927,1959688,11380724,4191976,4194304,881459388416
2026-07-22T04:42:19.856761+00:00,30,instance_012_logical_graph,1,2733927,1959688,11387640,4191976,4194304,881459367936
2026-07-22T04:43:28.802989+00:00,30,instance_012_logical_graph,1,2733927,2854200,10489796,4191976,4194304,881459335168
2026-07-22T04:44:36.015940+00:00,30,instance_012_logical_graph,1,2733927,2528516,10814712,4191976,4194304,881459306496
2026-07-22T04:45:43.255758+00:00,30,instance_012_logical_graph,1,2733927,1952584,11392444,4191976,4194304,881459265536
2026-07-22T04:46:46.814673+00:00,30,instance_012_logical_graph,1,2733927,1955612,11389716,4191976,4194304,881459245056
2026-07-22T04:47:54.022975+00:00,30,instance_012_logical_graph,1,2733927,1955612,11386372,4191976,4194304,881459208192
2026-07-22T04:49:01.235174+00:00,30,instance_012_logical_graph,1,2733927,2027032,11316900,4191976,4194304,881459179520
2026-07-22T04:50:08.469144+00:00,30,instance_012_logical_graph,1,2733927,2027032,11317916,4191976,4194304,881459142656
2026-07-22T04:51:15.726343+00:00,30,instance_012_logical_graph,1,2733927,2027032,11316592,4191976,4194304,881459122176
2026-07-22T04:52:20.892549+00:00,30,instance_012_logical_graph,1,2733927,0,13302864,4191976,4194304,881458049024
2026-07-22T04:52:21.228045+00:00,30,instance_013_logical_graph,1,3036921,6288,13301764,4191976,4194304,881458032640
2026-07-22T04:53:24.852828+00:00,30,instance_013_logical_graph,1,3036921,1379752,11965892,4191976,4194304,881457971200
2026-07-22T04:54:32.098971+00:00,30,instance_013_logical_graph,1,3036921,2007012,11341100,4191976,4194304,881457934336
2026-07-22T04:55:39.315972+00:00,30,instance_013_logical_graph,1,3036921,2080660,11258208,4191976,4194304,881457917952
2026-07-22T04:56:46.499647+00:00,30,instance_013_logical_graph,1,3036921,2080660,11257388,4191976,4194304,881457876992
2026-07-22T04:57:53.727469+00:00,30,instance_013_logical_graph,1,3036921,2081604,11258916,4191976,4194304,881457844224
2026-07-22T04:59:00.961553+00:00,30,instance_013_logical_graph,1,3036921,2081604,11260424,4191976,4194304,881457823744
2026-07-22T04:59:59.574164+00:00,30,instance_013_logical_graph,1,3036921,0,13282224,4191976,4194304,881443737600
2026-07-22T04:59:59.928199+00:00,30,instance_014_logical_graph,1,3148315,6264,13286292,4191976,4194304,881443721216
2026-07-22T05:01:07.166597+00:00,30,instance_014_logical_graph,1,3148315,1027864,12323144,4191976,4194304,881442177024
2026-07-22T05:02:14.406264+00:00,30,instance_014_logical_graph,1,3148315,1354472,11993496,4191976,4194304,881440825344
2026-07-22T05:03:21.623145+00:00,30,instance_014_logical_graph,1,3148315,1960140,11378120,4191976,4194304,881440800768
2026-07-22T05:04:28.829395+00:00,30,instance_014_logical_graph,1,3148315,2070152,11266856,4191976,4194304,881440759808
2026-07-22T05:05:36.056815+00:00,30,instance_014_logical_graph,1,3148315,2154084,11186424,4191976,4194304,881440727040
2026-07-22T05:06:43.283353+00:00,30,instance_014_logical_graph,1,3148315,2154084,11187260,4191976,4194304,881440702464
2026-07-22T05:07:46.900414+00:00,30,instance_014_logical_graph,1,3148315,2156280,11179200,4191976,4194304,881440673792
2026-07-22T05:08:54.102381+00:00,30,instance_014_logical_graph,1,3148315,1988932,11348032,4191976,4194304,881418313728
2026-07-22T05:10:01.317726+00:00,30,instance_014_logical_graph,1,3148315,1989012,11349808,4191976,4194304,881418289152
2026-07-22T05:11:08.546321+00:00,30,instance_014_logical_graph,1,3148315,1998132,11326600,4191976,4194304,881418244096
2026-07-22T05:12:15.761813+00:00,30,instance_014_logical_graph,1,3148315,2233080,11157244,4191976,4194304,881418215424
2026-07-22T05:13:22.993248+00:00,30,instance_014_logical_graph,1,3148315,1991412,11398180,4191976,4194304,881418182656
2026-07-22T05:14:26.604793+00:00,30,instance_014_logical_graph,1,3148315,1992420,11391540,4191976,4194304,881418158080
2026-07-22T05:15:33.850605+00:00,30,instance_014_logical_graph,1,3148315,1995404,11393736,4191976,4194304,881418125312
2026-07-22T05:16:41.072283+00:00,30,instance_014_logical_graph,1,3148315,1995404,11389980,4191976,4194304,881418092544
2026-07-22T05:17:48.308734+00:00,30,instance_014_logical_graph,1,3148315,2024552,11365004,4191976,4194304,881418072064
2026-07-22T05:18:55.521122+00:00,30,instance_014_logical_graph,1,3148315,2024552,11354656,4191976,4194304,881418043392
2026-07-22T05:20:02.759481+00:00,30,instance_014_logical_graph,1,3148315,2024552,11358064,4191976,4194304,881418022912
2026-07-22T05:21:09.969809+00:00,30,instance_014_logical_graph,1,3148315,2024552,11361588,4191976,4194304,881417990144
2026-07-22T05:22:13.596846+00:00,30,instance_014_logical_graph,1,3148315,2509392,10876268,4191976,4194304,881417973760
2026-07-22T05:23:20.829153+00:00,30,instance_014_logical_graph,1,3148315,2164216,11221744,4191976,4194304,881417945088
2026-07-22T05:24:28.090429+00:00,30,instance_014_logical_graph,1,3148315,2164216,11222236,4191976,4194304,881417912320
2026-07-22T05:25:35.230430+00:00,30,instance_014_logical_graph,1,3148315,2164216,11215888,4191976,4194304,881417891840
2026-07-22T05:26:42.493002+00:00,30,instance_014_logical_graph,1,3148315,2164216,11219196,4191976,4194304,881417859072
2026-07-22T05:27:49.669236+00:00,30,instance_014_logical_graph,1,3148315,2164216,11217012,4191976,4194304,881417826304
2026-07-22T05:28:54.980919+00:00,30,instance_014_logical_graph,1,3148315,2164216,11212168,4191976,4194304,881417805824
2026-07-22T05:30:02.205835+00:00,30,instance_014_logical_graph,1,3148315,2164216,11212336,4191976,4194304,881417781248
2026-07-22T05:31:09.412012+00:00,30,instance_014_logical_graph,1,3148315,2184968,11192260,4191976,4194304,881417760768
2026-07-22T05:32:11.020476+00:00,30,instance_014_logical_graph,1,3148315,0,13333968,4191976,4194304,881415561216
2026-07-22T05:32:15.618290+00:00,30,instance_015_logical_graph,1,3612895,6364,13333588,4191976,4194304,881415548928
2026-07-22T05:33:19.260489+00:00,30,instance_015_logical_graph,1,3612895,2084800,11298156,4191976,4194304,881418891264
2026-07-22T05:33:50.891835+00:00,30,instance_015_logical_graph,1,3612895,0,13334492,4191976,4194304,881405771776
2026-07-22T05:33:51.229894+00:00,30,instance_016_logical_graph,1,3637840,6256,13339932,4191976,4194304,881405759488
2026-07-22T05:34:58.382984+00:00,30,instance_016_logical_graph,1,3637840,2231004,11159544,4191976,4194304,881404227584
2026-07-22T05:36:05.598905+00:00,30,instance_016_logical_graph,1,3637840,2223164,11165308,4191976,4194304,881403518976
2026-07-22T05:37:12.831803+00:00,30,instance_016_logical_graph,1,3637840,2155696,11225080,4191976,4194304,881389035520
2026-07-22T05:38:20.083364+00:00,30,instance_016_logical_graph,1,3637840,2151696,11214332,4191976,4194304,881389006848
2026-07-22T05:39:23.647976+00:00,30,instance_016_logical_graph,1,3637840,2151700,11215620,4191976,4194304,881388978176
2026-07-22T05:40:30.848914+00:00,30,instance_016_logical_graph,1,3637840,2151700,11225908,4191976,4194304,881388953600
2026-07-22T05:41:38.082292+00:00,30,instance_016_logical_graph,1,3637840,2151712,11222648,4191976,4194304,881388929024
2026-07-22T05:42:45.286149+00:00,30,instance_016_logical_graph,1,3637840,2151712,11214152,4191976,4194304,881388904448
2026-07-22T05:43:52.521623+00:00,30,instance_016_logical_graph,1,3637840,2151712,11215412,4191976,4194304,881388888064
2026-07-22T05:44:59.709878+00:00,30,instance_016_logical_graph,1,3637840,2151712,11213004,4191976,4194304,881388769280
2026-07-22T05:46:06.910150+00:00,30,instance_016_logical_graph,1,3637840,2154736,11221624,4191976,4194304,881388617728
2026-07-22T05:47:10.552114+00:00,30,instance_016_logical_graph,1,3637840,2154736,11218520,4191976,4194304,881388347392
2026-07-22T05:48:17.726888+00:00,30,instance_016_logical_graph,1,3637840,2155304,11221128,4191976,4194304,881388163072
2026-07-22T05:49:24.960188+00:00,30,instance_016_logical_graph,1,3637840,2157472,11213060,4191976,4194304,881388048384
2026-07-22T05:50:32.189347+00:00,30,instance_016_logical_graph,1,3637840,2157472,11210768,4191976,4194304,881387905024
2026-07-22T05:51:39.417215+00:00,30,instance_016_logical_graph,1,3637840,2157472,11211792,4191976,4194304,881387868160
2026-07-22T05:52:46.643587+00:00,30,instance_016_logical_graph,1,3637840,2164808,11199148,4191976,4194304,881387823104
2026-07-22T05:53:08.647350+00:00,30,instance_016_logical_graph,1,3637840,0,13318424,4191976,4194304,881385426944
2026-07-22T05:53:09.089093+00:00,30,instance_017_logical_graph,1,3915583,6336,13316912,4191976,4194304,881385410560
2026-07-22T05:54:16.320140+00:00,30,instance_017_logical_graph,1,3915583,2194604,11178524,4191976,4194304,881385328640
2026-07-22T05:55:23.576143+00:00,30,instance_017_logical_graph,1,3915583,2034352,11335320,4191976,4194304,881373593600
2026-07-22T05:56:17.724002+00:00,30,instance_017_logical_graph,1,3915583,0,13317708,4191976,4194304,881372839936
2026-07-22T05:56:18.114010+00:00,30,instance_018_logical_graph,1,3961329,6304,13318012,4191976,4194304,881372827648
2026-07-22T05:57:21.726408+00:00,30,instance_018_logical_graph,1,3961329,2220700,11147016,4189404,4194304,881372758016
2026-07-22T05:58:28.988710+00:00,30,instance_018_logical_graph,1,3961329,1109792,12252188,4189404,4194304,881360785408
2026-07-22T05:59:33.181231+00:00,30,instance_018_logical_graph,1,3961329,0,13316644,4189404,4194304,881359859712
2026-07-22T05:59:33.562647+00:00,30,instance_019_logical_graph,1,4009510,6160,13317780,4189404,4194304,881359847424
2026-07-22T06:00:40.756859+00:00,30,instance_019_logical_graph,1,4009510,2258236,11104096,4189404,4194304,881359777792
2026-07-22T06:01:47.969151+00:00,30,instance_019_logical_graph,1,4009510,2325328,11046008,4186064,4194304,881359740928
2026-07-22T06:02:55.198538+00:00,30,instance_019_logical_graph,1,4009510,2225248,11135524,4186064,4194304,881347031040
2026-07-22T06:03:58.815417+00:00,30,instance_019_logical_graph,1,4009510,2225280,11135860,4186064,4194304,881346998272
2026-07-22T06:05:06.046981+00:00,30,instance_019_logical_graph,1,4009510,2225280,11144224,4186064,4194304,881346965504
2026-07-22T06:06:11.281059+00:00,30,instance_019_logical_graph,1,4009510,0,13315904,4186064,4194304,881345953792
2026-07-22T06:06:11.709111+00:00,30,instance_020_logical_graph,1,4106772,5956,13322436,4186064,4194304,881345941504
2026-07-22T06:07:18.927508+00:00,30,instance_020_logical_graph,1,4106772,1824860,11548920,4186064,4194304,881348083712
2026-07-22T06:08:26.189167+00:00,30,instance_020_logical_graph,1,4106772,2256420,11107392,4186064,4194304,881346252800
2026-07-22T06:09:33.359735+00:00,30,instance_020_logical_graph,1,4106772,2195740,11166900,4186064,4194304,881328418816
2026-07-22T06:10:36.990857+00:00,30,instance_020_logical_graph,1,4106772,2195780,11167080,4186064,4194304,881328381952
2026-07-22T06:10:44.605743+00:00,30,instance_020_logical_graph,1,4106772,0,13311608,4186064,4194304,881327611904
