matrix_group,scale,instance_id,mode,algorithm_status,certificate_scope,pricing_state,uses_true_dual_bpc_certificate,B0_direct_objective,reference_solution_upper_bound,reference_solution_upper_bound_source,direct_bound_pruning_root_bound,direct_bound_pruning_active,journey_label_bound_pruned_count,objective_schema_version,objective_mode,objective_reference_cost,objective_reference_risk,objective_reference_completion,objective_reference_makespan_metric,objective_makespan_enters_pricing_objective,solution_raw_operating_cost,solution_raw_risk,solution_raw_weighted_completion_time,solution_raw_makespan,solution_raw_objective_unscaled_weighted_sum,solution_normalized_operating_cost,solution_normalized_risk,solution_normalized_weighted_completion_time,solution_normalized_makespan_metric,solution_normalized_objective,solution_official_objective,solution_makespan_enters_pricing_objective,B2B_R3_root_lp_bound,B3_global_lb,B3_global_ub,B3_global_gap,objective_diff_vs_B0,B3_tree_closed,BPC_TREE_OPTIMAL_count,BPC_NODE_LP_CERTIFIED_count,node_count,evaluated_node_count,open_node_count,incomplete_node_count,pruned_by_bound_count,integer_incumbent_count,branch_count,max_depth_reached,NO_FRACTIONAL_RF_PAIR_count,manual_rc_audit_pass,pricing_rc_audit_pass,branch_pricing_audit_pass,proof_debt_unreleased_count,selected_harvest_addability_fail_count,all_node_ledgers_valid,direct_dp_used_as_bpc_certificate,root_bound_gt_B0_violation,tree_incumbent_diff_vs_B0,certificate_scope_regression,manual_rc_fail,pricing_rc_fail,branch_pricing_audit_fail,proof_debt_unreleased_certified,direct_dp_certificate_leak,NO_FRACTIONAL_RF_PAIR_treated_as_integral,open_node_but_tree_optimal,incomplete_node_but_tree_optimal,wall_time,fail_closed_reason,attempted_exception_type,attempted_max_direct_tasks,rmp_memory_precheck_failed,rmp_memory_precheck_stage,rmp_memory_precheck_reason,rmp_memory_precheck_estimated_column_count,rmp_memory_precheck_estimated_tableau_cells,rmp_memory_precheck_cell_limit
10-scale full normalized objective,10,lunar_ice_sp50_010_001_seed729001,B0_pure_direct_dp,DIRECT_DP_BASELINE_OPTIMAL,DIRECT_DP_FIXED_GRAPH_OPTIMAL,NOT_PRICED,False,2.014478,,,,,,lunar_ice_bpc.normalized_additive_objective.v1,normalized_operating_cost_risk_weighted_completion,2614.73482,95.312754722,2743.362534722,960.0,False,2080.962528,76.513612,2852.099104,779.299484,3298.315782,0.795859875,0.80276362,1.039636238,0.811770296,2.014478,2.014478,False,,,,,,False,0,0,0,0,0,0,0,0,0,0,0,,,,0,0,False,False,0,0,0,0,0,0,0,0,0,0,0,0.157078,,,,False,,,,,
10-scale full normalized objective,10,lunar_ice_sp50_010_001_seed729001,B2_PRODUCT_EXACT_SOLVER,DIRECT_DP_BASELINE_OPTIMAL,DIRECT_DP_FIXED_GRAPH_OPTIMAL,NOT_PRICED,False,2.014478,,,,,,lunar_ice_bpc.normalized_additive_objective.v1,normalized_operating_cost_risk_weighted_completion,2614.73482,95.312754722,2743.362534722,960.0,False,2080.962528,76.513612,2852.099104,779.299484,3298.315782,0.795859875,0.80276362,1.039636238,0.811770296,2.014478,2.014478,False,,,,,0.0,False,0,0,0,0,0,0,0,0,0,0,0,,,,0,0,False,False,0,0,0,0,0,0,0,0,0,0,0,0.161624,,,,False,,,,,
10-scale full normalized objective,10,lunar_ice_sp50_010_001_seed729001,B2B_R3_true_dual_negative_search_worker,BPC_GAP_AVAILABLE,BPC_NODE_LP_CERTIFIED,CERTIFIED_NO_NEGATIVE,True,2.014478,,,,,,lunar_ice_bpc.normalized_additive_objective.v1,normalized_operating_cost_risk_weighted_completion,2614.73482,95.312754722,2743.362534722,960.0,False,2080.962528,76.513612,2852.099104,779.299484,3298.315782,0.795859875,0.80276362,1.039636238,0.811770296,2.014478,2.014478,False,2.014478,,,,0.0,False,0,1,0,0,0,0,0,0,0,0,0,True,True,,0,0,True,False,0,0,0,0,0,0,0,0,0,0,0,1.372052,,,,False,,,,,
10-scale full normalized objective,10,lunar_ice_sp50_010_001_seed729001,B3A_full_universe_branch_audit,BPC_GAP_AVAILABLE,BPC_NODE_LP_CERTIFIED,CERTIFIED_NO_NEGATIVE,True,2.014478,,,,,,lunar_ice_bpc.normalized_additive_objective.v1,normalized_operating_cost_risk_weighted_completion,2614.73482,95.312754722,2743.362534722,960.0,False,2080.962528,76.513612,2852.099104,779.299484,3298.315782,0.795859875,0.80276362,1.039636238,0.811770296,2.014478,2.014478,False,,2.014478,,,0.0,False,0,1,1,1,0,0,0,0,0,0,0,True,True,True,0,0,True,False,0,0,0,0,0,0,0,0,0,0,0,0.870377,,,,False,,,,,
10-scale full normalized objective,10,lunar_ice_sp50_010_001_seed729001,B3B_seeded_branch_price_tree,BPC_OPTIMAL,BPC_TREE_OPTIMAL,CERTIFIED_NO_NEGATIVE,True,2.014478,,,,,,lunar_ice_bpc.normalized_additive_objective.v1,normalized_operating_cost_risk_weighted_completion,2614.73482,95.312754722,2743.362534722,960.0,False,2080.962528,76.513612,2852.099104,779.299484,3298.315782,0.795859875,0.80276362,1.039636238,0.811770296,2.014478,2.014478,False,,2.014478,2.014478,0.0,0.0,True,1,1,1,1,0,0,0,1,0,0,0,,,,0,0,True,False,0,0,0,0,0,0,0,0,0,0,0,1.698557,,,,False,,,,,
10-scale full normalized objective,10,lunar_ice_sp50_010_002_seed729002,B0_pure_direct_dp,DIRECT_DP_BASELINE_OPTIMAL,DIRECT_DP_FIXED_GRAPH_OPTIMAL,NOT_PRICED,False,1.825155,,,,,,lunar_ice_bpc.normalized_additive_objective.v1,normalized_operating_cost_risk_weighted_completion,2579.267695,88.177938994,2326.358649407,960.0,False,1743.662965,65.552801,2359.564384,668.093986,2753.04152,0.676030242,0.743414983,1.014273695,0.695931235,1.825155,1.825155,False,,,,,,False,0,0,0,0,0,0,0,0,0,0,0,,,,0,0,False,False,0,0,0,0,0,0,0,0,0,0,0,0.100856,,,,False,,,,,
10-scale full normalized objective,10,lunar_ice_sp50_010_002_seed729002,B2_PRODUCT_EXACT_SOLVER,DIRECT_DP_BASELINE_OPTIMAL,DIRECT_DP_FIXED_GRAPH_OPTIMAL,NOT_PRICED,False,1.825155,,,,,,lunar_ice_bpc.normalized_additive_objective.v1,normalized_operating_cost_risk_weighted_completion,2579.267695,88.177938994,2326.358649407,960.0,False,1743.662965,65.552801,2359.564384,668.093986,2753.04152,0.676030242,0.743414983,1.014273695,0.695931235,1.825155,1.825155,False,,,,,0.0,False,0,0,0,0,0,0,0,0,0,0,0,,,,0,0,False,False,0,0,0,0,0,0,0,0,0,0,0,0.100273,,,,False,,,,,
10-scale full normalized objective,10,lunar_ice_sp50_010_002_seed729002,B2B_R3_true_dual_negative_search_worker,BPC_GAP_AVAILABLE,BPC_NODE_LP_CERTIFIED,CERTIFIED_NO_NEGATIVE,True,1.825155,,,,,,lunar_ice_bpc.normalized_additive_objective.v1,normalized_operating_cost_risk_weighted_completion,2579.267695,88.177938994,2326.358649407,960.0,False,1743.662965,65.552801,2359.564384,668.093986,2753.04152,0.676030242,0.743414983,1.014273695,0.695931235,1.825155,1.825155,False,1.825155,,,,0.0,False,0,1,0,0,0,0,0,0,0,0,0,True,True,,0,0,True,False,0,0,0,0,0,0,0,0,0,0,0,0.785716,,,,False,,,,,
10-scale full normalized objective,10,lunar_ice_sp50_010_002_seed729002,B3A_full_universe_branch_audit,BPC_GAP_AVAILABLE,BPC_NODE_LP_CERTIFIED,CERTIFIED_NO_NEGATIVE,True,1.825155,,,,,,lunar_ice_bpc.normalized_additive_objective.v1,normalized_operating_cost_risk_weighted_completion,2579.267695,88.177938994,2326.358649407,960.0,False,1743.662965,65.552801,2359.564384,668.093986,2753.04152,0.676030242,0.743414983,1.014273695,0.695931235,1.825155,1.825155,False,,1.825155,,,0.0,False,0,1,1,1,0,0,0,0,0,0,0,True,True,True,0,0,True,False,0,0,0,0,0,0,0,0,0,0,0,0.629748,,,,False,,,,,
10-scale full normalized objective,10,lunar_ice_sp50_010_002_seed729002,B3B_seeded_branch_price_tree,BPC_OPTIMAL,BPC_TREE_OPTIMAL,CERTIFIED_NO_NEGATIVE,True,1.825155,,,,,,lunar_ice_bpc.normalized_additive_objective.v1,normalized_operating_cost_risk_weighted_completion,2579.267695,88.177938994,2326.358649407,960.0,False,1743.662965,65.552801,2359.564384,668.093986,2753.04152,0.676030242,0.743414983,1.014273695,0.695931235,1.825155,1.825155,False,,1.825155,1.825155,0.0,0.0,True,1,1,1,1,0,0,0,1,0,0,0,,,,0,0,True,False,0,0,0,0,0,0,0,0,0,0,0,1.002609,,,,False,,,,,
10-scale full normalized objective,10,lunar_ice_sp50_010_004_seed729004,B0_pure_direct_dp,DIRECT_DP_BASELINE_OPTIMAL,DIRECT_DP_FIXED_GRAPH_OPTIMAL,NOT_PRICED,False,1.943638,,,,,,lunar_ice_bpc.normalized_additive_objective.v1,normalized_operating_cost_risk_weighted_completion,2368.053415,80.880256063,2299.295848928,960.0,False,1765.19261,64.038399,2336.376082,642.015298,2763.781442,0.745419254,0.791768005,1.016126778,0.668765935,1.943638,1.943638,False,,,,,,False,0,0,0,0,0,0,0,0,0,0,0,,,,0,0,False,False,0,0,0,0,0,0,0,0,0,0,0,0.184967,,,,False,,,,,
10-scale full normalized objective,10,lunar_ice_sp50_010_004_seed729004,B2_PRODUCT_EXACT_SOLVER,DIRECT_DP_BASELINE_OPTIMAL,DIRECT_DP_FIXED_GRAPH_OPTIMAL,NOT_PRICED,False,1.943638,,,,,,lunar_ice_bpc.normalized_additive_objective.v1,normalized_operating_cost_risk_weighted_completion,2368.053415,80.880256063,2299.295848928,960.0,False,1765.19261,64.038399,2336.376082,642.015298,2763.781442,0.745419254,0.791768005,1.016126778,0.668765935,1.943638,1.943638,False,,,,,0.0,False,0,0,0,0,0,0,0,0,0,0,0,,,,0,0,False,False,0,0,0,0,0,0,0,0,0,0,0,0.184304,,,,False,,,,,
10-scale full normalized objective,10,lunar_ice_sp50_010_004_seed729004,B2B_R3_true_dual_negative_search_worker,BPC_GAP_AVAILABLE,BPC_NODE_LP_CERTIFIED,CERTIFIED_NO_NEGATIVE,True,1.943638,,,,,,lunar_ice_bpc.normalized_additive_objective.v1,normalized_operating_cost_risk_weighted_completion,2368.053415,80.880256063,2299.295848928,960.0,False,1765.19261,64.038399,2336.376082,642.015298,2763.781442,0.745419254,0.791768005,1.016126778,0.668765935,1.943638,1.943638,False,1.943638,,,,0.0,False,0,1,0,0,0,0,0,0,0,0,0,True,True,,0,0,True,False,0,0,0,0,0,0,0,0,0,0,0,1.314641,,,,False,,,,,
10-scale full normalized objective,10,lunar_ice_sp50_010_004_seed729004,B3A_full_universe_branch_audit,BPC_GAP_AVAILABLE,BPC_NODE_LP_CERTIFIED,CERTIFIED_NO_NEGATIVE,True,1.943638,,,,,,lunar_ice_bpc.normalized_additive_objective.v1,normalized_operating_cost_risk_weighted_completion,2368.053415,80.880256063,2299.295848928,960.0,False,1765.19261,64.038399,2336.376082,642.015298,2763.781442,0.745419254,0.791768005,1.016126778,0.668765935,1.943638,1.943638,False,,1.943638,,,0.0,False,0,1,1,1,0,0,0,0,0,0,0,True,True,True,0,0,True,False,0,0,0,0,0,0,0,0,0,0,0,0.971709,,,,False,,,,,
10-scale full normalized objective,10,lunar_ice_sp50_010_004_seed729004,B3B_seeded_branch_price_tree,BPC_OPTIMAL,BPC_TREE_OPTIMAL,CERTIFIED_NO_NEGATIVE,True,1.943638,,,,,,lunar_ice_bpc.normalized_additive_objective.v1,normalized_operating_cost_risk_weighted_completion,2368.053415,80.880256063,2299.295848928,960.0,False,1765.19261,64.038399,2336.376082,642.015298,2763.781442,0.745419254,0.791768005,1.016126778,0.668765935,1.943638,1.943638,False,,1.943638,1.943638,0.0,0.0,True,1,1,1,1,0,0,0,1,0,0,0,,,,0,0,True,False,0,0,0,0,0,0,0,0,0,0,0,1.683163,,,,False,,,,,
10-scale full normalized objective,10,lunar_ice_sp50_010_007_seed729007,B0_pure_direct_dp,DIRECT_DP_BASELINE_OPTIMAL,DIRECT_DP_FIXED_GRAPH_OPTIMAL,NOT_PRICED,False,1.988918,,,,,,lunar_ice_bpc.normalized_additive_objective.v1,normalized_operating_cost_risk_weighted_completion,2198.67171,76.06298199,2095.317287176,960.0,False,1700.924798,59.655594,2257.761078,807.939788,2663.684823,0.773614719,0.784292075,1.077527061,0.841603946,1.988918,1.988918,False,,,,,,False,0,0,0,0,0,0,0,0,0,0,0,,,,0,0,False,False,0,0,0,0,0,0,0,0,0,0,0,0.168772,,,,False,,,,,
10-scale full normalized objective,10,lunar_ice_sp50_010_007_seed729007,B2_PRODUCT_EXACT_SOLVER,DIRECT_DP_BASELINE_OPTIMAL,DIRECT_DP_FIXED_GRAPH_OPTIMAL,NOT_PRICED,False,1.988918,,,,,,lunar_ice_bpc.normalized_additive_objective.v1,normalized_operating_cost_risk_weighted_completion,2198.67171,76.06298199,2095.317287176,960.0,False,1700.924798,59.655594,2257.761078,807.939788,2663.684823,0.773614719,0.784292075,1.077527061,0.841603946,1.988918,1.988918,False,,,,,0.0,False,0,0,0,0,0,0,0,0,0,0,0,,,,0,0,False,False,0,0,0,0,0,0,0,0,0,0,0,0.166694,,,,False,,,,,
10-scale full normalized objective,10,lunar_ice_sp50_010_007_seed729007,B2B_R3_true_dual_negative_search_worker,BPC_GAP_AVAILABLE,BPC_NODE_LP_CERTIFIED,CERTIFIED_NO_NEGATIVE,True,1.988918,,,,,,lunar_ice_bpc.normalized_additive_objective.v1,normalized_operating_cost_risk_weighted_completion,2198.67171,76.06298199,2095.317287176,960.0,False,1700.924798,59.655594,2257.761078,807.939788,2663.684823,0.773614719,0.784292075,1.077527061,0.841603946,1.988918,1.988918,False,1.988918,,,,0.0,False,0,1,0,0,0,0,0,0,0,0,0,True,True,,0,0,True,False,0,0,0,0,0,0,0,0,0,0,0,1.348298,,,,False,,,,,
10-scale full normalized objective,10,lunar_ice_sp50_010_007_seed729007,B3A_full_universe_branch_audit,BPC_GAP_AVAILABLE,BPC_NODE_LP_CERTIFIED,CERTIFIED_NO_NEGATIVE,True,1.988918,,,,,,lunar_ice_bpc.normalized_additive_objective.v1,normalized_operating_cost_risk_weighted_completion,2198.67171,76.06298199,2095.317287176,960.0,False,1700.924798,59.655594,2257.761078,807.939788,2663.684823,0.773614719,0.784292075,1.077527061,0.841603946,1.988918,1.988918,False,,1.988918,,,0.0,False,0,1,1,1,0,0,0,0,0,0,0,True,True,True,0,0,True,False,0,0,0,0,0,0,0,0,0,0,0,0.891471,,,,False,,,,,
10-scale full normalized objective,10,lunar_ice_sp50_010_007_seed729007,B3B_seeded_branch_price_tree,BPC_OPTIMAL,BPC_TREE_OPTIMAL,CERTIFIED_NO_NEGATIVE,True,1.988918,,,,,,lunar_ice_bpc.normalized_additive_objective.v1,normalized_operating_cost_risk_weighted_completion,2198.67171,76.06298199,2095.317287176,960.0,False,1700.924798,59.655594,2257.761078,807.939788,2663.684823,0.773614719,0.784292075,1.077527061,0.841603946,1.988918,1.988918,False,,1.988918,1.988918,0.0,0.0,True,1,1,1,1,0,0,0,1,0,0,0,,,,0,0,True,False,0,0,0,0,0,0,0,0,0,0,0,1.708575,,,,False,,,,,
10-scale full normalized objective,10,lunar_ice_sp50_010_010_seed729010,B0_pure_direct_dp,DIRECT_DP_BASELINE_OPTIMAL,DIRECT_DP_FIXED_GRAPH_OPTIMAL,NOT_PRICED,False,1.767861,,,,,,lunar_ice_bpc.normalized_additive_objective.v1,normalized_operating_cost_risk_weighted_completion,2635.098626,86.634707382,2805.3567327,960.0,False,1742.803528,59.834701,2916.342931,800.104946,2969.175401,0.661380759,0.690655083,1.039562241,0.833442652,1.767861,1.767861,False,,,,,,False,0,0,0,0,0,0,0,0,0,0,0,,,,0,0,False,False,0,0,0,0,0,0,0,0,0,0,0,0.544406,,,,False,,,,,
10-scale full normalized objective,10,lunar_ice_sp50_010_010_seed729010,B2_PRODUCT_EXACT_SOLVER,DIRECT_DP_BASELINE_OPTIMAL,DIRECT_DP_FIXED_GRAPH_OPTIMAL,NOT_PRICED,False,1.767861,,,,,,lunar_ice_bpc.normalized_additive_objective.v1,normalized_operating_cost_risk_weighted_completion,2635.098626,86.634707382,2805.3567327,960.0,False,1742.803528,59.834701,2916.342931,800.104946,2969.175401,0.661380759,0.690655083,1.039562241,0.833442652,1.767861,1.767861,False,,,,,0.0,False,0,0,0,0,0,0,0,0,0,0,0,,,,0,0,False,False,0,0,0,0,0,0,0,0,0,0,0,0.571192,,,,False,,,,,
10-scale full normalized objective,10,lunar_ice_sp50_010_010_seed729010,B2B_R3_true_dual_negative_search_worker,BPC_GAP_AVAILABLE,BPC_NODE_LP_CERTIFIED,CERTIFIED_NO_NEGATIVE,True,1.767861,,,,,,lunar_ice_bpc.normalized_additive_objective.v1,normalized_operating_cost_risk_weighted_completion,2635.098626,86.634707382,2805.3567327,960.0,False,1742.803528,59.834701,2916.342931,800.104946,2969.175401,0.661380759,0.690655083,1.039562241,0.833442652,1.767861,1.767861,False,1.767861,,,,0.0,False,0,1,0,0,0,0,0,0,0,0,0,True,True,,0,0,True,False,0,0,0,0,0,0,0,0,0,0,0,3.084367,,,,False,,,,,
10-scale full normalized objective,10,lunar_ice_sp50_010_010_seed729010,B3A_full_universe_branch_audit,BPC_GAP_AVAILABLE,BPC_NODE_LP_CERTIFIED,CERTIFIED_NO_NEGATIVE,True,1.767861,,,,,,lunar_ice_bpc.normalized_additive_objective.v1,normalized_operating_cost_risk_weighted_completion,2635.098626,86.634707382,2805.3567327,960.0,False,1742.803528,59.834701,2916.342931,800.104946,2969.175401,0.661380759,0.690655083,1.039562241,0.833442652,1.767861,1.767861,False,,1.767861,,,0.0,False,0,1,1,1,0,0,0,0,0,0,0,True,True,True,0,0,True,False,0,0,0,0,0,0,0,0,0,0,0,2.375071,,,,False,,,,,
10-scale full normalized objective,10,lunar_ice_sp50_010_010_seed729010,B3B_seeded_branch_price_tree,BPC_OPTIMAL,BPC_TREE_OPTIMAL,CERTIFIED_NO_NEGATIVE,True,1.767861,,,,,,lunar_ice_bpc.normalized_additive_objective.v1,normalized_operating_cost_risk_weighted_completion,2635.098626,86.634707382,2805.3567327,960.0,False,1742.803528,59.834701,2916.342931,800.104946,2969.175401,0.661380759,0.690655083,1.039562241,0.833442652,1.767861,1.767861,False,,1.767861,1.767861,0.0,0.0,True,1,1,1,1,0,0,0,1,0,0,0,,,,0,0,True,False,0,0,0,0,0,0,0,0,0,0,0,4.285049,,,,False,,,,,
10-scale full normalized objective,10,lunar_ice_sp50_010_011_seed729011,B0_pure_direct_dp,DIRECT_DP_BASELINE_OPTIMAL,DIRECT_DP_FIXED_GRAPH_OPTIMAL,NOT_PRICED,False,1.782366,,,,,,lunar_ice_bpc.normalized_additive_objective.v1,normalized_operating_cost_risk_weighted_completion,2480.263255,95.956719157,2537.226505277,960.0,False,1675.624578,67.068396,2586.947149,776.752827,2777.471834,0.675583358,0.698944238,1.019596454,0.809117528,1.782366,1.782366,False,,,,,,False,0,0,0,0,0,0,0,0,0,0,0,,,,0,0,False,False,0,0,0,0,0,0,0,0,0,0,0,0.644416,,,,False,,,,,
10-scale full normalized objective,10,lunar_ice_sp50_010_011_seed729011,B2_PRODUCT_EXACT_SOLVER,DIRECT_DP_BASELINE_OPTIMAL,DIRECT_DP_FIXED_GRAPH_OPTIMAL,NOT_PRICED,False,1.782366,,,,,,lunar_ice_bpc.normalized_additive_objective.v1,normalized_operating_cost_risk_weighted_completion,2480.263255,95.956719157,2537.226505277,960.0,False,1675.624578,67.068396,2586.947149,776.752827,2777.471834,0.675583358,0.698944238,1.019596454,0.809117528,1.782366,1.782366,False,,,,,0.0,False,0,0,0,0,0,0,0,0,0,0,0,,,,0,0,False,False,0,0,0,0,0,0,0,0,0,0,0,0.645742,,,,False,,,,,
10-scale full normalized objective,10,lunar_ice_sp50_010_011_seed729011,B2B_R3_true_dual_negative_search_worker,BPC_GAP_AVAILABLE,BPC_NODE_LP_CERTIFIED,CERTIFIED_NO_NEGATIVE,True,1.782366,,,,,,lunar_ice_bpc.normalized_additive_objective.v1,normalized_operating_cost_risk_weighted_completion,2480.263255,95.956719157,2537.226505277,960.0,False,1675.624578,67.068396,2586.947149,776.752827,2777.471834,0.675583358,0.698944238,1.019596454,0.809117528,1.782366,1.782366,False,1.782366,,,,0.0,False,0,1,0,0,0,0,0,0,0,0,0,True,True,,0,0,True,False,0,0,0,0,0,0,0,0,0,0,0,3.24044,,,,False,,,,,
10-scale full normalized objective,10,lunar_ice_sp50_010_011_seed729011,B3A_full_universe_branch_audit,BPC_GAP_AVAILABLE,BPC_NODE_LP_CERTIFIED,CERTIFIED_NO_NEGATIVE,True,1.782366,,,,,,lunar_ice_bpc.normalized_additive_objective.v1,normalized_operating_cost_risk_weighted_completion,2480.263255,95.956719157,2537.226505277,960.0,False,1675.624578,67.068396,2586.947149,776.752827,2777.471834,0.675583358,0.698944238,1.019596454,0.809117528,1.782366,1.782366,False,,1.782366,,,0.0,False,0,1,1,1,0,0,0,0,0,0,0,True,True,True,0,0,True,False,0,0,0,0,0,0,0,0,0,0,0,2.478655,,,,False,,,,,
10-scale full normalized objective,10,lunar_ice_sp50_010_011_seed729011,B3B_seeded_branch_price_tree,BPC_OPTIMAL,BPC_TREE_OPTIMAL,CERTIFIED_NO_NEGATIVE,True,1.782366,,,,,,lunar_ice_bpc.normalized_additive_objective.v1,normalized_operating_cost_risk_weighted_completion,2480.263255,95.956719157,2537.226505277,960.0,False,1675.624578,67.068396,2586.947149,776.752827,2777.471834,0.675583358,0.698944238,1.019596454,0.809117528,1.782366,1.782366,False,,1.782366,1.782366,0.0,0.0,True,1,1,1,1,0,0,0,1,0,0,0,,,,0,0,True,False,0,0,0,0,0,0,0,0,0,0,0,4.568934,,,,False,,,,,
10-scale full normalized objective,10,lunar_ice_sp50_010_015_seed729015,B0_pure_direct_dp,DIRECT_DP_BASELINE_OPTIMAL,DIRECT_DP_FIXED_GRAPH_OPTIMAL,NOT_PRICED,False,2.02493,,,,,,lunar_ice_bpc.normalized_additive_objective.v1,normalized_operating_cost_risk_weighted_completion,2216.45963,76.354824446,2174.354121438,960.0,False,1761.655359,61.06623,2339.362999,718.933525,2758.466789,0.794805976,0.79976911,1.075888686,0.748889089,2.024931,2.02493,False,,,,,,False,0,0,0,0,0,0,0,0,0,0,0,,,,0,0,False,False,0,0,0,0,0,0,0,0,0,0,0,0.32154,,,,False,,,,,
10-scale full normalized objective,10,lunar_ice_sp50_010_015_seed729015,B2_PRODUCT_EXACT_SOLVER,DIRECT_DP_BASELINE_OPTIMAL,DIRECT_DP_FIXED_GRAPH_OPTIMAL,NOT_PRICED,False,2.02493,,,,,,lunar_ice_bpc.normalized_additive_objective.v1,normalized_operating_cost_risk_weighted_completion,2216.45963,76.354824446,2174.354121438,960.0,False,1761.655359,61.06623,2339.362999,718.933525,2758.466789,0.794805976,0.79976911,1.075888686,0.748889089,2.024931,2.02493,False,,,,,0.0,False,0,0,0,0,0,0,0,0,0,0,0,,,,0,0,False,False,0,0,0,0,0,0,0,0,0,0,0,0.319207,,,,False,,,,,
10-scale full normalized objective,10,lunar_ice_sp50_010_015_seed729015,B2B_R3_true_dual_negative_search_worker,BPC_GAP_AVAILABLE,BPC_NODE_LP_CERTIFIED,CERTIFIED_NO_NEGATIVE,True,2.02493,,,,,,lunar_ice_bpc.normalized_additive_objective.v1,normalized_operating_cost_risk_weighted_completion,2216.45963,76.354824446,2174.354121438,960.0,False,1761.655359,61.06623,2339.362999,718.933525,2758.466789,0.794805976,0.79976911,1.075888686,0.748889089,2.024931,2.02493,False,2.02493,,,,0.0,False,0,1,0,0,0,0,0,0,0,0,0,True,True,,0,0,True,False,0,0,0,0,0,0,0,0,0,0,0,1.915757,,,,False,,,,,
10-scale full normalized objective,10,lunar_ice_sp50_010_015_seed729015,B3A_full_universe_branch_audit,BPC_GAP_AVAILABLE,BPC_NODE_LP_CERTIFIED,CERTIFIED_NO_NEGATIVE,True,2.02493,,,,,,lunar_ice_bpc.normalized_additive_objective.v1,normalized_operating_cost_risk_weighted_completion,2216.45963,76.354824446,2174.354121438,960.0,False,1761.655359,61.06623,2339.362999,718.933525,2758.466789,0.794805976,0.79976911,1.075888686,0.748889089,2.024931,2.02493,False,,2.02493,,,0.0,False,0,1,1,1,0,0,0,0,0,0,0,True,True,True,0,0,True,False,0,0,0,0,0,0,0,0,0,0,0,1.576062,,,,False,,,,,
10-scale full normalized objective,10,lunar_ice_sp50_010_015_seed729015,B3B_seeded_branch_price_tree,BPC_OPTIMAL,BPC_TREE_OPTIMAL,CERTIFIED_NO_NEGATIVE,True,2.02493,,,,,,lunar_ice_bpc.normalized_additive_objective.v1,normalized_operating_cost_risk_weighted_completion,2216.45963,76.354824446,2174.354121438,960.0,False,1761.655359,61.06623,2339.362999,718.933525,2758.466789,0.794805976,0.79976911,1.075888686,0.748889089,2.024931,2.02493,False,,2.02493,2.02493,0.0,0.0,True,1,1,1,1,0,0,0,1,0,0,0,,,,0,0,True,False,0,0,0,0,0,0,0,0,0,0,0,2.630784,,,,False,,,,,
10-scale full normalized objective,10,lunar_ice_sp50_010_016_seed729016,B0_pure_direct_dp,DIRECT_DP_BASELINE_OPTIMAL,DIRECT_DP_FIXED_GRAPH_OPTIMAL,NOT_PRICED,False,1.9484,,,,,,lunar_ice_bpc.normalized_additive_objective.v1,normalized_operating_cost_risk_weighted_completion,2715.026085,96.260742373,2371.78846289,960.0,False,2041.072746,74.457786,2508.934353,760.864474,3119.104273,0.751769111,0.773501057,1.057823829,0.79256716,1.9484,1.9484,False,,,,,,False,0,0,0,0,0,0,0,0,0,0,0,,,,0,0,False,False,0,0,0,0,0,0,0,0,0,0,0,0.154231,,,,False,,,,,
10-scale full normalized objective,10,lunar_ice_sp50_010_016_seed729016,B2_PRODUCT_EXACT_SOLVER,DIRECT_DP_BASELINE_OPTIMAL,DIRECT_DP_FIXED_GRAPH_OPTIMAL,NOT_PRICED,False,1.9484,,,,,,lunar_ice_bpc.normalized_additive_objective.v1,normalized_operating_cost_risk_weighted_completion,2715.026085,96.260742373,2371.78846289,960.0,False,2041.072746,74.457786,2508.934353,760.864474,3119.104273,0.751769111,0.773501057,1.057823829,0.79256716,1.9484,1.9484,False,,,,,0.0,False,0,0,0,0,0,0,0,0,0,0,0,,,,0,0,False,False,0,0,0,0,0,0,0,0,0,0,0,0.153447,,,,False,,,,,
10-scale full normalized objective,10,lunar_ice_sp50_010_016_seed729016,B2B_R3_true_dual_negative_search_worker,BPC_GAP_AVAILABLE,BPC_NODE_LP_CERTIFIED,CERTIFIED_NO_NEGATIVE,True,1.9484,,,,,,lunar_ice_bpc.normalized_additive_objective.v1,normalized_operating_cost_risk_weighted_completion,2715.026085,96.260742373,2371.78846289,960.0,False,2041.072746,74.457786,2508.934353,760.864474,3119.104273,0.751769111,0.773501057,1.057823829,0.79256716,1.9484,1.9484,False,1.9484,,,,0.0,False,0,1,0,0,0,0,0,0,0,0,0,True,True,,0,0,True,False,0,0,0,0,0,0,0,0,0,0,0,1.066392,,,,False,,,,,
10-scale full normalized objective,10,lunar_ice_sp50_010_016_seed729016,B3A_full_universe_branch_audit,BPC_GAP_AVAILABLE,BPC_NODE_LP_CERTIFIED,CERTIFIED_NO_NEGATIVE,True,1.9484,,,,,,lunar_ice_bpc.normalized_additive_objective.v1,normalized_operating_cost_risk_weighted_completion,2715.026085,96.260742373,2371.78846289,960.0,False,2041.072746,74.457786,2508.934353,760.864474,3119.104273,0.751769111,0.773501057,1.057823829,0.79256716,1.9484,1.9484,False,,1.9484,,,0.0,False,0,1,1,1,0,0,0,0,0,0,0,True,True,True,0,0,True,False,0,0,0,0,0,0,0,0,0,0,0,0.801866,,,,False,,,,,
10-scale full normalized objective,10,lunar_ice_sp50_010_016_seed729016,B3B_seeded_branch_price_tree,BPC_OPTIMAL,BPC_TREE_OPTIMAL,CERTIFIED_NO_NEGATIVE,True,1.9484,,,,,,lunar_ice_bpc.normalized_additive_objective.v1,normalized_operating_cost_risk_weighted_completion,2715.026085,96.260742373,2371.78846289,960.0,False,2041.072746,74.457786,2508.934353,760.864474,3119.104273,0.751769111,0.773501057,1.057823829,0.79256716,1.9484,1.9484,False,,1.9484,1.9484,0.0,0.0,True,1,1,1,1,0,0,0,1,0,0,0,,,,0,0,True,False,0,0,0,0,0,0,0,0,0,0,0,1.399297,,,,False,,,,,
10-scale full normalized objective,10,lunar_ice_sp50_010_003_seed729023,B0_pure_direct_dp,DIRECT_DP_BASELINE_OPTIMAL,DIRECT_DP_FIXED_GRAPH_OPTIMAL,NOT_PRICED,False,1.641878,,,,,,lunar_ice_bpc.normalized_additive_objective.v1,normalized_operating_cost_risk_weighted_completion,2682.277548,96.294294485,2691.923893536,960.0,False,1608.2107,60.111922,2813.440102,780.653107,2793.698663,0.599569087,0.624252167,1.045141027,0.81318032,1.641878,1.641878,False,,,,,,False,0,0,0,0,0,0,0,0,0,0,0,,,,0,0,False,False,0,0,0,0,0,0,0,0,0,0,0,0.140722,,,,False,,,,,
10-scale full normalized objective,10,lunar_ice_sp50_010_003_seed729023,B2_PRODUCT_EXACT_SOLVER,DIRECT_DP_BASELINE_OPTIMAL,DIRECT_DP_FIXED_GRAPH_OPTIMAL,NOT_PRICED,False,1.641878,,,,,,lunar_ice_bpc.normalized_additive_objective.v1,normalized_operating_cost_risk_weighted_completion,2682.277548,96.294294485,2691.923893536,960.0,False,1608.2107,60.111922,2813.440102,780.653107,2793.698663,0.599569087,0.624252167,1.045141027,0.81318032,1.641878,1.641878,False,,,,,0.0,False,0,0,0,0,0,0,0,0,0,0,0,,,,0,0,False,False,0,0,0,0,0,0,0,0,0,0,0,0.140942,,,,False,,,,,
10-scale full normalized objective,10,lunar_ice_sp50_010_003_seed729023,B2B_R3_true_dual_negative_search_worker,BPC_GAP_AVAILABLE,BPC_NODE_LP_CERTIFIED,CERTIFIED_NO_NEGATIVE,True,1.641878,,,,,,lunar_ice_bpc.normalized_additive_objective.v1,normalized_operating_cost_risk_weighted_completion,2682.277548,96.294294485,2691.923893536,960.0,False,1608.2107,60.111922,2813.440102,780.653107,2793.698663,0.599569087,0.624252167,1.045141027,0.81318032,1.641878,1.641878,False,1.634203,,,,-0.007675,False,0,1,0,0,0,0,0,0,0,0,0,True,True,,0,0,True,False,0,0,0,0,0,0,0,0,0,0,0,1.082214,,,,False,,,,,
10-scale full normalized objective,10,lunar_ice_sp50_010_003_seed729023,B3A_full_universe_branch_audit,BPC_GAP_AVAILABLE,BPC_NODE_LP_CERTIFIED,CERTIFIED_NO_NEGATIVE,True,1.641878,,,,,,lunar_ice_bpc.normalized_additive_objective.v1,normalized_operating_cost_risk_weighted_completion,2682.277548,96.294294485,2691.923893536,960.0,False,1608.2107,60.111922,2813.440102,780.653107,2793.698663,0.599569087,0.624252167,1.045141027,0.81318032,1.641878,1.641878,False,,1.634203,,,-0.007675,False,0,1,1,1,0,0,0,0,0,0,0,True,True,True,0,0,True,False,0,0,0,0,0,0,0,0,0,0,0,0.924543,,,,False,,,,,
10-scale full normalized objective,10,lunar_ice_sp50_010_003_seed729023,B3B_seeded_branch_price_tree,BPC_OPTIMAL,BPC_TREE_OPTIMAL,CERTIFIED_NO_NEGATIVE,True,1.641878,,,,,,lunar_ice_bpc.normalized_additive_objective.v1,normalized_operating_cost_risk_weighted_completion,2682.277548,96.294294485,2691.923893536,960.0,False,1608.2107,60.111922,2813.440102,780.653107,2793.698663,0.599569087,0.624252167,1.045141027,0.81318032,1.641878,1.641878,False,,1.641878,1.641878,0.0,0.0,True,1,3,3,3,0,0,0,2,2,1,0,,,,0,0,True,False,0,0,0,0,0,0,0,0,0,0,0,1.448618,,,,False,,,,,
10-scale full normalized objective,10,lunar_ice_sp50_010_014_seed729034,B0_pure_direct_dp,DIRECT_DP_BASELINE_OPTIMAL,DIRECT_DP_FIXED_GRAPH_OPTIMAL,NOT_PRICED,False,2.088113,,,,,,lunar_ice_bpc.normalized_additive_objective.v1,normalized_operating_cost_risk_weighted_completion,2491.850476,95.071146669,2763.920883921,960.0,False,2065.033193,81.366391,2788.457623,815.416176,3261.782633,0.828714729,0.855847372,1.008877511,0.84939185,2.088113,2.088113,False,,,,,,False,0,0,0,0,0,0,0,0,0,0,0,,,,0,0,False,False,0,0,0,0,0,0,0,0,0,0,0,0.285767,,,,False,,,,,
10-scale full normalized objective,10,lunar_ice_sp50_010_014_seed729034,B2_PRODUCT_EXACT_SOLVER,DIRECT_DP_BASELINE_OPTIMAL,DIRECT_DP_FIXED_GRAPH_OPTIMAL,NOT_PRICED,False,2.088113,,,,,,lunar_ice_bpc.normalized_additive_objective.v1,normalized_operating_cost_risk_weighted_completion,2491.850476,95.071146669,2763.920883921,960.0,False,2065.033193,81.366391,2788.457623,815.416176,3261.782633,0.828714729,0.855847372,1.008877511,0.84939185,2.088113,2.088113,False,,,,,0.0,False,0,0,0,0,0,0,0,0,0,0,0,,,,0,0,False,False,0,0,0,0,0,0,0,0,0,0,0,0.286903,,,,False,,,,,
10-scale full normalized objective,10,lunar_ice_sp50_010_014_seed729034,B2B_R3_true_dual_negative_search_worker,BPC_INCOMPLETE_PRICING,DIAGNOSTIC_PRICING_FRONTIER,INCOMPLETE_LIMIT,False,2.088113,,,,,,lunar_ice_bpc.normalized_additive_objective.v1,normalized_operating_cost_risk_weighted_completion,2491.850476,95.071146669,2763.920883921,960.0,False,2065.033193,81.366391,2788.457623,815.416176,3261.782633,0.828714729,0.855847372,1.008877511,0.84939185,2.088113,2.088113,False,2.088113,,,,0.0,False,0,0,0,0,0,0,0,0,0,0,0,True,True,,0,0,True,False,0,0,0,0,0,0,0,0,0,0,0,1.844265,Stopped after max_rounds=8; B2B_R3_true_dual_negative_search_worker worker/final-judge root proof is incomplete.,,,False,,,,,
10-scale full normalized objective,10,lunar_ice_sp50_010_014_seed729034,B3A_full_universe_branch_audit,BPC_GAP_AVAILABLE,BPC_NODE_LP_CERTIFIED,CERTIFIED_NO_NEGATIVE,True,2.088113,,,,,,lunar_ice_bpc.normalized_additive_objective.v1,normalized_operating_cost_risk_weighted_completion,2491.850476,95.071146669,2763.920883921,960.0,False,2065.033193,81.366391,2788.457623,815.416176,3261.782633,0.828714729,0.855847372,1.008877511,0.84939185,2.088113,2.088113,False,,2.080522,,,-0.007591,False,0,1,1,1,0,0,0,0,0,0,0,True,True,True,0,0,True,False,0,0,0,0,0,0,0,0,0,0,0,1.38709,,,,False,,,,,
10-scale full normalized objective,10,lunar_ice_sp50_010_014_seed729034,B3B_seeded_branch_price_tree,BPC_OPTIMAL,BPC_TREE_OPTIMAL,CERTIFIED_NO_NEGATIVE,True,2.088113,,,,,,lunar_ice_bpc.normalized_additive_objective.v1,normalized_operating_cost_risk_weighted_completion,2491.850476,95.071146669,2763.920883921,960.0,False,2065.033193,81.366391,2788.457623,815.416176,3261.782633,0.828714729,0.855847372,1.008877511,0.84939185,2.088113,2.088113,False,,2.088113,2.088113,0.0,0.0,True,1,3,3,3,0,0,0,2,2,1,0,,,,0,0,True,False,0,0,0,0,0,0,0,0,0,0,0,2.908581,,,,False,,,,,
10-scale full normalized objective,10,lunar_ice_sp50_010_017_seed729037,B0_pure_direct_dp,DIRECT_DP_BASELINE_OPTIMAL,DIRECT_DP_FIXED_GRAPH_OPTIMAL,NOT_PRICED,False,1.859222,,,,,,lunar_ice_bpc.normalized_additive_objective.v1,normalized_operating_cost_risk_weighted_completion,2494.751074,83.349105508,2203.8751543,960.0,False,1711.958048,63.092387,2292.210038,682.216516,2691.93445,0.686223995,0.756965376,1.040081619,0.710642204,1.859222,1.859222,False,,,,,,False,0,0,0,0,0,0,0,0,0,0,0,,,,0,0,False,False,0,0,0,0,0,0,0,0,0,0,0,0.200619,,,,False,,,,,
10-scale full normalized objective,10,lunar_ice_sp50_010_017_seed729037,B2_PRODUCT_EXACT_SOLVER,DIRECT_DP_BASELINE_OPTIMAL,DIRECT_DP_FIXED_GRAPH_OPTIMAL,NOT_PRICED,False,1.859222,,,,,,lunar_ice_bpc.normalized_additive_objective.v1,normalized_operating_cost_risk_weighted_completion,2494.751074,83.349105508,2203.8751543,960.0,False,1711.958048,63.092387,2292.210038,682.216516,2691.93445,0.686223995,0.756965376,1.040081619,0.710642204,1.859222,1.859222,False,,,,,0.0,False,0,0,0,0,0,0,0,0,0,0,0,,,,0,0,False,False,0,0,0,0,0,0,0,0,0,0,0,0.208691,,,,False,,,,,
10-scale full normalized objective,10,lunar_ice_sp50_010_017_seed729037,B2B_R3_true_dual_negative_search_worker,BPC_GAP_AVAILABLE,BPC_NODE_LP_CERTIFIED,CERTIFIED_NO_NEGATIVE,True,1.859222,,,,,,lunar_ice_bpc.normalized_additive_objective.v1,normalized_operating_cost_risk_weighted_completion,2494.751074,83.349105508,2203.8751543,960.0,False,1711.958048,63.092387,2292.210038,682.216516,2691.93445,0.686223995,0.756965376,1.040081619,0.710642204,1.859222,1.859222,False,1.859222,,,,0.0,False,0,1,0,0,0,0,0,0,0,0,0,True,True,,0,0,True,False,0,0,0,0,0,0,0,0,0,0,0,1.375777,,,,False,,,,,
10-scale full normalized objective,10,lunar_ice_sp50_010_017_seed729037,B3A_full_universe_branch_audit,BPC_GAP_AVAILABLE,BPC_NODE_LP_CERTIFIED,CERTIFIED_NO_NEGATIVE,True,1.859222,,,,,,lunar_ice_bpc.normalized_additive_objective.v1,normalized_operating_cost_risk_weighted_completion,2494.751074,83.349105508,2203.8751543,960.0,False,1711.958048,63.092387,2292.210038,682.216516,2691.93445,0.686223995,0.756965376,1.040081619,0.710642204,1.859222,1.859222,False,,1.859222,,,0.0,False,0,1,1,1,0,0,0,0,0,0,0,True,True,True,0,0,True,False,0,0,0,0,0,0,0,0,0,0,0,1.078204,,,,False,,,,,
10-scale full normalized objective,10,lunar_ice_sp50_010_017_seed729037,B3B_seeded_branch_price_tree,BPC_OPTIMAL,BPC_TREE_OPTIMAL,CERTIFIED_NO_NEGATIVE,True,1.859222,,,,,,lunar_ice_bpc.normalized_additive_objective.v1,normalized_operating_cost_risk_weighted_completion,2494.751074,83.349105508,2203.8751543,960.0,False,1711.958048,63.092387,2292.210038,682.216516,2691.93445,0.686223995,0.756965376,1.040081619,0.710642204,1.859222,1.859222,False,,1.859222,1.859222,0.0,0.0,True,1,1,1,1,0,0,0,1,0,0,0,,,,0,0,True,False,0,0,0,0,0,0,0,0,0,0,0,1.7995,,,,False,,,,,
10-scale full normalized objective,10,lunar_ice_sp50_010_019_seed729039,B0_pure_direct_dp,DIRECT_DP_BASELINE_OPTIMAL,DIRECT_DP_FIXED_GRAPH_OPTIMAL,NOT_PRICED,False,1.856235,,,,,,lunar_ice_bpc.normalized_additive_objective.v1,normalized_operating_cost_risk_weighted_completion,2517.413886,95.775102973,2513.52761044,960.0,False,1798.071538,71.036543,2515.286172,786.417521,2875.22255,0.714253444,0.741701557,1.000699639,0.819184918,1.856235,1.856235,False,,,,,,False,0,0,0,0,0,0,0,0,0,0,0,,,,0,0,False,False,0,0,0,0,0,0,0,0,0,0,0,0.150828,,,,False,,,,,
10-scale full normalized objective,10,lunar_ice_sp50_010_019_seed729039,B2_PRODUCT_EXACT_SOLVER,DIRECT_DP_BASELINE_OPTIMAL,DIRECT_DP_FIXED_GRAPH_OPTIMAL,NOT_PRICED,False,1.856235,,,,,,lunar_ice_bpc.normalized_additive_objective.v1,normalized_operating_cost_risk_weighted_completion,2517.413886,95.775102973,2513.52761044,960.0,False,1798.071538,71.036543,2515.286172,786.417521,2875.22255,0.714253444,0.741701557,1.000699639,0.819184918,1.856235,1.856235,False,,,,,0.0,False,0,0,0,0,0,0,0,0,0,0,0,,,,0,0,False,False,0,0,0,0,0,0,0,0,0,0,0,0.150567,,,,False,,,,,
10-scale full normalized objective,10,lunar_ice_sp50_010_019_seed729039,B2B_R3_true_dual_negative_search_worker,BPC_GAP_AVAILABLE,BPC_NODE_LP_CERTIFIED,CERTIFIED_NO_NEGATIVE,True,1.856235,,,,,,lunar_ice_bpc.normalized_additive_objective.v1,normalized_operating_cost_risk_weighted_completion,2517.413886,95.775102973,2513.52761044,960.0,False,1798.071538,71.036543,2515.286172,786.417521,2875.22255,0.714253444,0.741701557,1.000699639,0.819184918,1.856235,1.856235,False,1.819162,,,,-0.037073,False,0,1,0,0,0,0,0,0,0,0,0,True,True,,0,0,True,False,0,0,0,0,0,0,0,0,0,0,0,1.312384,,,,False,,,,,
10-scale full normalized objective,10,lunar_ice_sp50_010_019_seed729039,B3A_full_universe_branch_audit,BPC_GAP_AVAILABLE,BPC_NODE_LP_CERTIFIED,CERTIFIED_NO_NEGATIVE,True,1.856235,,,,,,lunar_ice_bpc.normalized_additive_objective.v1,normalized_operating_cost_risk_weighted_completion,2517.413886,95.775102973,2513.52761044,960.0,False,1798.071538,71.036543,2515.286172,786.417521,2875.22255,0.714253444,0.741701557,1.000699639,0.819184918,1.856235,1.856235,False,,1.819162,,,-0.037073,False,0,1,1,1,0,0,0,0,0,0,0,True,True,True,0,0,True,False,0,0,0,0,0,0,0,0,0,0,0,0.927734,,,,False,,,,,
10-scale full normalized objective,10,lunar_ice_sp50_010_019_seed729039,B3B_seeded_branch_price_tree,BPC_OPTIMAL,BPC_TREE_OPTIMAL,CERTIFIED_NO_NEGATIVE,True,1.856235,,,,,,lunar_ice_bpc.normalized_additive_objective.v1,normalized_operating_cost_risk_weighted_completion,2517.413886,95.775102973,2513.52761044,960.0,False,1798.071538,71.036543,2515.286172,786.417521,2875.22255,0.714253444,0.741701557,1.000699639,0.819184918,1.856235,1.856235,False,,1.856235,1.856235,0.0,0.0,True,1,3,3,3,0,0,1,1,2,1,0,,,,0,0,True,False,0,0,0,0,0,0,0,0,0,0,0,1.697678,,,,False,,,,,
10-scale full normalized objective,10,lunar_ice_sp50_010_020_seed729040,B0_pure_direct_dp,DIRECT_DP_BASELINE_OPTIMAL,DIRECT_DP_FIXED_GRAPH_OPTIMAL,NOT_PRICED,False,1.968338,,,,,,lunar_ice_bpc.normalized_additive_objective.v1,normalized_operating_cost_risk_weighted_completion,2423.790172,88.568823331,2303.27365185,960.0,False,1888.786964,69.185958,2348.834535,694.905188,2897.506736,0.779269999,0.781154761,1.019780925,0.723859571,1.968337,1.968338,False,,,,,,False,0,0,0,0,0,0,0,0,0,0,0,,,,0,0,False,False,0,0,0,0,0,0,0,0,0,0,0,0.186864,,,,False,,,,,
10-scale full normalized objective,10,lunar_ice_sp50_010_020_seed729040,B2_PRODUCT_EXACT_SOLVER,DIRECT_DP_BASELINE_OPTIMAL,DIRECT_DP_FIXED_GRAPH_OPTIMAL,NOT_PRICED,False,1.968338,,,,,,lunar_ice_bpc.normalized_additive_objective.v1,normalized_operating_cost_risk_weighted_completion,2423.790172,88.568823331,2303.27365185,960.0,False,1888.786964,69.185958,2348.834535,694.905188,2897.506736,0.779269999,0.781154761,1.019780925,0.723859571,1.968337,1.968338,False,,,,,0.0,False,0,0,0,0,0,0,0,0,0,0,0,,,,0,0,False,False,0,0,0,0,0,0,0,0,0,0,0,0.188714,,,,False,,,,,
10-scale full normalized objective,10,lunar_ice_sp50_010_020_seed729040,B2B_R3_true_dual_negative_search_worker,BPC_GAP_AVAILABLE,BPC_NODE_LP_CERTIFIED,CERTIFIED_NO_NEGATIVE,True,1.968338,,,,,,lunar_ice_bpc.normalized_additive_objective.v1,normalized_operating_cost_risk_weighted_completion,2423.790172,88.568823331,2303.27365185,960.0,False,1888.786964,69.185958,2348.834535,694.905188,2897.506736,0.779269999,0.781154761,1.019780925,0.723859571,1.968337,1.968338,False,1.912607,,,,-0.055731,False,0,1,0,0,0,0,0,0,0,0,0,True,True,,0,0,True,False,0,0,0,0,0,0,0,0,0,0,0,1.29915,,,,False,,,,,
10-scale full normalized objective,10,lunar_ice_sp50_010_020_seed729040,B3A_full_universe_branch_audit,BPC_GAP_AVAILABLE,BPC_NODE_LP_CERTIFIED,CERTIFIED_NO_NEGATIVE,True,1.968338,,,,,,lunar_ice_bpc.normalized_additive_objective.v1,normalized_operating_cost_risk_weighted_completion,2423.790172,88.568823331,2303.27365185,960.0,False,1888.786964,69.185958,2348.834535,694.905188,2897.506736,0.779269999,0.781154761,1.019780925,0.723859571,1.968337,1.968338,False,,1.912607,,,-0.055731,False,0,1,1,1,0,0,0,0,0,0,0,True,True,True,0,0,True,False,0,0,0,0,0,0,0,0,0,0,0,0.961571,,,,False,,,,,
10-scale full normalized objective,10,lunar_ice_sp50_010_020_seed729040,B3B_seeded_branch_price_tree,BPC_OPTIMAL,BPC_TREE_OPTIMAL,CERTIFIED_NO_NEGATIVE,True,1.968338,,,,,,lunar_ice_bpc.normalized_additive_objective.v1,normalized_operating_cost_risk_weighted_completion,2423.790172,88.568823331,2303.27365185,960.0,False,1888.786964,69.185958,2348.834535,694.905188,2897.506736,0.779269999,0.781154761,1.019780925,0.723859571,1.968337,1.968338,False,,1.968338,1.968338,0.0,0.0,True,1,5,5,5,0,0,0,3,4,2,0,,,,0,0,True,False,0,0,0,0,0,0,0,0,0,0,0,1.753855,,,,False,,,,,
10-scale full normalized objective,10,lunar_ice_sp50_010_005_seed729045,B0_pure_direct_dp,DIRECT_DP_BASELINE_OPTIMAL,DIRECT_DP_FIXED_GRAPH_OPTIMAL,NOT_PRICED,False,1.856248,,,,,,lunar_ice_bpc.normalized_additive_objective.v1,normalized_operating_cost_risk_weighted_completion,2343.858448,78.567374474,2056.224836112,960.0,False,1692.277217,56.477285,2135.41034,706.836984,2602.918638,0.722004871,0.718838899,1.038510139,0.736288525,1.856248,1.856248,False,,,,,,False,0,0,0,0,0,0,0,0,0,0,0,,,,0,0,False,False,0,0,0,0,0,0,0,0,0,0,0,0.712439,,,,False,,,,,
10-scale full normalized objective,10,lunar_ice_sp50_010_005_seed729045,B2_PRODUCT_EXACT_SOLVER,DIRECT_DP_BASELINE_OPTIMAL,DIRECT_DP_FIXED_GRAPH_OPTIMAL,NOT_PRICED,False,1.856248,,,,,,lunar_ice_bpc.normalized_additive_objective.v1,normalized_operating_cost_risk_weighted_completion,2343.858448,78.567374474,2056.224836112,960.0,False,1692.277217,56.477285,2135.41034,706.836984,2602.918638,0.722004871,0.718838899,1.038510139,0.736288525,1.856248,1.856248,False,,,,,0.0,False,0,0,0,0,0,0,0,0,0,0,0,,,,0,0,False,False,0,0,0,0,0,0,0,0,0,0,0,0.714731,,,,False,,,,,
10-scale full normalized objective,10,lunar_ice_sp50_010_005_seed729045,B2B_R3_true_dual_negative_search_worker,BPC_GAP_AVAILABLE,BPC_NODE_LP_CERTIFIED,CERTIFIED_NO_NEGATIVE,True,1.856248,,,,,,lunar_ice_bpc.normalized_additive_objective.v1,normalized_operating_cost_risk_weighted_completion,2343.858448,78.567374474,2056.224836112,960.0,False,1692.277217,56.477285,2135.41034,706.836984,2602.918638,0.722004871,0.718838899,1.038510139,0.736288525,1.856248,1.856248,False,1.856248,,,,0.0,False,0,1,0,0,0,0,0,0,0,0,0,True,True,,0,0,True,False,0,0,0,0,0,0,0,0,0,0,0,4.572052,,,,False,,,,,
10-scale full normalized objective,10,lunar_ice_sp50_010_005_seed729045,B3A_full_universe_branch_audit,BPC_GAP_AVAILABLE,BPC_NODE_LP_CERTIFIED,CERTIFIED_NO_NEGATIVE,True,1.856248,,,,,,lunar_ice_bpc.normalized_additive_objective.v1,normalized_operating_cost_risk_weighted_completion,2343.858448,78.567374474,2056.224836112,960.0,False,1692.277217,56.477285,2135.41034,706.836984,2602.918638,0.722004871,0.718838899,1.038510139,0.736288525,1.856248,1.856248,False,,1.856248,,,0.0,False,0,1,1,1,0,0,0,0,0,0,0,True,True,True,0,0,True,False,0,0,0,0,0,0,0,0,0,0,0,2.768437,,,,False,,,,,
10-scale full normalized objective,10,lunar_ice_sp50_010_005_seed729045,B3B_seeded_branch_price_tree,BPC_OPTIMAL,BPC_TREE_OPTIMAL,CERTIFIED_NO_NEGATIVE,True,1.856248,,,,,,lunar_ice_bpc.normalized_additive_objective.v1,normalized_operating_cost_risk_weighted_completion,2343.858448,78.567374474,2056.224836112,960.0,False,1692.277217,56.477285,2135.41034,706.836984,2602.918638,0.722004871,0.718838899,1.038510139,0.736288525,1.856248,1.856248,False,,1.856248,1.856248,0.0,0.0,True,1,1,1,1,0,0,0,1,0,0,0,,,,0,0,True,False,0,0,0,0,0,0,0,0,0,0,0,6.101859,,,,False,,,,,
10-scale full normalized objective,10,lunar_ice_sp50_010_013_seed729053,B0_pure_direct_dp,DIRECT_DP_BASELINE_OPTIMAL,DIRECT_DP_FIXED_GRAPH_OPTIMAL,NOT_PRICED,False,2.01605,,,,,,lunar_ice_bpc.normalized_additive_objective.v1,normalized_operating_cost_risk_weighted_completion,2423.035154,84.757304791,3017.006749159,960.0,False,1919.676496,68.680719,3118.574946,775.718313,3235.787193,0.7922611,0.810322121,1.03366522,0.808039909,2.016049,2.01605,False,,,,,,False,0,0,0,0,0,0,0,0,0,0,0,,,,0,0,False,False,0,0,0,0,0,0,0,0,0,0,0,0.583451,,,,False,,,,,
10-scale full normalized objective,10,lunar_ice_sp50_010_013_seed729053,B2_PRODUCT_EXACT_SOLVER,DIRECT_DP_BASELINE_OPTIMAL,DIRECT_DP_FIXED_GRAPH_OPTIMAL,NOT_PRICED,False,2.01605,,,,,,lunar_ice_bpc.normalized_additive_objective.v1,normalized_operating_cost_risk_weighted_completion,2423.035154,84.757304791,3017.006749159,960.0,False,1919.676496,68.680719,3118.574946,775.718313,3235.787193,0.7922611,0.810322121,1.03366522,0.808039909,2.016049,2.01605,False,,,,,0.0,False,0,0,0,0,0,0,0,0,0,0,0,,,,0,0,False,False,0,0,0,0,0,0,0,0,0,0,0,0.589435,,,,False,,,,,
10-scale full normalized objective,10,lunar_ice_sp50_010_013_seed729053,B2B_R3_true_dual_negative_search_worker,BPC_GAP_AVAILABLE,BPC_NODE_LP_CERTIFIED,CERTIFIED_NO_NEGATIVE,True,2.01605,,,,,,lunar_ice_bpc.normalized_additive_objective.v1,normalized_operating_cost_risk_weighted_completion,2423.035154,84.757304791,3017.006749159,960.0,False,1919.676496,68.680719,3118.574946,775.718313,3235.787193,0.7922611,0.810322121,1.03366522,0.808039909,2.016049,2.01605,False,2.01605,,,,0.0,False,0,1,0,0,0,0,0,0,0,0,0,True,True,,0,0,True,False,0,0,0,0,0,0,0,0,0,0,0,2.954981,,,,False,,,,,
10-scale full normalized objective,10,lunar_ice_sp50_010_013_seed729053,B3A_full_universe_branch_audit,BPC_GAP_AVAILABLE,BPC_NODE_LP_CERTIFIED,CERTIFIED_NO_NEGATIVE,True,2.01605,,,,,,lunar_ice_bpc.normalized_additive_objective.v1,normalized_operating_cost_risk_weighted_completion,2423.035154,84.757304791,3017.006749159,960.0,False,1919.676496,68.680719,3118.574946,775.718313,3235.787193,0.7922611,0.810322121,1.03366522,0.808039909,2.016049,2.01605,False,,2.01605,,,0.0,False,0,1,1,1,0,0,0,0,0,0,0,True,True,True,0,0,True,False,0,0,0,0,0,0,0,0,0,0,0,2.271101,,,,False,,,,,
10-scale full normalized objective,10,lunar_ice_sp50_010_013_seed729053,B3B_seeded_branch_price_tree,BPC_OPTIMAL,BPC_TREE_OPTIMAL,CERTIFIED_NO_NEGATIVE,True,2.01605,,,,,,lunar_ice_bpc.normalized_additive_objective.v1,normalized_operating_cost_risk_weighted_completion,2423.035154,84.757304791,3017.006749159,960.0,False,1919.676496,68.680719,3118.574946,775.718313,3235.787193,0.7922611,0.810322121,1.03366522,0.808039909,2.016049,2.01605,False,,2.01605,2.01605,0.0,0.0,True,1,1,1,1,0,0,0,1,0,0,0,,,,0,0,True,False,0,0,0,0,0,0,0,0,0,0,0,4.160393,,,,False,,,,,
10-scale full normalized objective,10,lunar_ice_sp50_010_008_seed729068,B0_pure_direct_dp,DIRECT_DP_BASELINE_OPTIMAL,DIRECT_DP_FIXED_GRAPH_OPTIMAL,NOT_PRICED,False,1.82381,,,,,,lunar_ice_bpc.normalized_additive_objective.v1,normalized_operating_cost_risk_weighted_completion,2654.011784,93.062502608,2248.717193218,960.0,False,1814.818656,66.999236,2361.548366,757.098022,2826.437238,0.683802034,0.719938043,1.050175795,0.788643773,1.82381,1.82381,False,,,,,,False,0,0,0,0,0,0,0,0,0,0,0,,,,0,0,False,False,0,0,0,0,0,0,0,0,0,0,0,0.255189,,,,False,,,,,
10-scale full normalized objective,10,lunar_ice_sp50_010_008_seed729068,B2_PRODUCT_EXACT_SOLVER,DIRECT_DP_BASELINE_OPTIMAL,DIRECT_DP_FIXED_GRAPH_OPTIMAL,NOT_PRICED,False,1.82381,,,,,,lunar_ice_bpc.normalized_additive_objective.v1,normalized_operating_cost_risk_weighted_completion,2654.011784,93.062502608,2248.717193218,960.0,False,1814.818656,66.999236,2361.548366,757.098022,2826.437238,0.683802034,0.719938043,1.050175795,0.788643773,1.82381,1.82381,False,,,,,0.0,False,0,0,0,0,0,0,0,0,0,0,0,,,,0,0,False,False,0,0,0,0,0,0,0,0,0,0,0,0.257033,,,,False,,,,,
10-scale full normalized objective,10,lunar_ice_sp50_010_008_seed729068,B2B_R3_true_dual_negative_search_worker,BPC_GAP_AVAILABLE,BPC_NODE_LP_CERTIFIED,CERTIFIED_NO_NEGATIVE,True,1.82381,,,,,,lunar_ice_bpc.normalized_additive_objective.v1,normalized_operating_cost_risk_weighted_completion,2654.011784,93.062502608,2248.717193218,960.0,False,1814.818656,66.999236,2361.548366,757.098022,2826.437238,0.683802034,0.719938043,1.050175795,0.788643773,1.82381,1.82381,False,1.82381,,,,0.0,False,0,1,0,0,0,0,0,0,0,0,0,True,True,,0,0,True,False,0,0,0,0,0,0,0,0,0,0,0,1.61674,,,,False,,,,,
10-scale full normalized objective,10,lunar_ice_sp50_010_008_seed729068,B3A_full_universe_branch_audit,BPC_GAP_AVAILABLE,BPC_NODE_LP_CERTIFIED,CERTIFIED_NO_NEGATIVE,True,1.82381,,,,,,lunar_ice_bpc.normalized_additive_objective.v1,normalized_operating_cost_risk_weighted_completion,2654.011784,93.062502608,2248.717193218,960.0,False,1814.818656,66.999236,2361.548366,757.098022,2826.437238,0.683802034,0.719938043,1.050175795,0.788643773,1.82381,1.82381,False,,1.82381,,,0.0,False,0,1,1,1,0,0,0,0,0,0,0,True,True,True,0,0,True,False,0,0,0,0,0,0,0,0,0,0,0,1.323574,,,,False,,,,,
10-scale full normalized objective,10,lunar_ice_sp50_010_008_seed729068,B3B_seeded_branch_price_tree,BPC_OPTIMAL,BPC_TREE_OPTIMAL,CERTIFIED_NO_NEGATIVE,True,1.82381,,,,,,lunar_ice_bpc.normalized_additive_objective.v1,normalized_operating_cost_risk_weighted_completion,2654.011784,93.062502608,2248.717193218,960.0,False,1814.818656,66.999236,2361.548366,757.098022,2826.437238,0.683802034,0.719938043,1.050175795,0.788643773,1.82381,1.82381,False,,1.82381,1.82381,0.0,0.0,True,1,1,1,1,0,0,0,1,0,0,0,,,,0,0,True,False,0,0,0,0,0,0,0,0,0,0,0,2.146038,,,,False,,,,,
10-scale full normalized objective,10,lunar_ice_sp50_010_009_seed729069,B0_pure_direct_dp,DIRECT_DP_BASELINE_OPTIMAL,DIRECT_DP_FIXED_GRAPH_OPTIMAL,NOT_PRICED,False,1.83376,,,,,,lunar_ice_bpc.normalized_additive_objective.v1,normalized_operating_cost_risk_weighted_completion,2387.54527,85.965897497,2391.179959609,960.0,False,1674.095328,61.053526,2524.939239,731.169705,2745.12455,0.701178465,0.710206347,1.055938608,0.761635109,1.83376,1.83376,False,,,,,,False,0,0,0,0,0,0,0,0,0,0,0,,,,0,0,False,False,0,0,0,0,0,0,0,0,0,0,0,0.295046,,,,False,,,,,
10-scale full normalized objective,10,lunar_ice_sp50_010_009_seed729069,B2_PRODUCT_EXACT_SOLVER,DIRECT_DP_BASELINE_OPTIMAL,DIRECT_DP_FIXED_GRAPH_OPTIMAL,NOT_PRICED,False,1.83376,,,,,,lunar_ice_bpc.normalized_additive_objective.v1,normalized_operating_cost_risk_weighted_completion,2387.54527,85.965897497,2391.179959609,960.0,False,1674.095328,61.053526,2524.939239,731.169705,2745.12455,0.701178465,0.710206347,1.055938608,0.761635109,1.83376,1.83376,False,,,,,0.0,False,0,0,0,0,0,0,0,0,0,0,0,,,,0,0,False,False,0,0,0,0,0,0,0,0,0,0,0,0.291262,,,,False,,,,,
10-scale full normalized objective,10,lunar_ice_sp50_010_009_seed729069,B2B_R3_true_dual_negative_search_worker,BPC_GAP_AVAILABLE,BPC_NODE_LP_CERTIFIED,CERTIFIED_NO_NEGATIVE,True,1.83376,,,,,,lunar_ice_bpc.normalized_additive_objective.v1,normalized_operating_cost_risk_weighted_completion,2387.54527,85.965897497,2391.179959609,960.0,False,1674.095328,61.053526,2524.939239,731.169705,2745.12455,0.701178465,0.710206347,1.055938608,0.761635109,1.83376,1.83376,False,1.83376,,,,0.0,False,0,1,0,0,0,0,0,0,0,0,0,True,True,,0,0,True,False,0,0,0,0,0,0,0,0,0,0,0,1.565326,,,,False,,,,,
10-scale full normalized objective,10,lunar_ice_sp50_010_009_seed729069,B3A_full_universe_branch_audit,BPC_GAP_AVAILABLE,BPC_NODE_LP_CERTIFIED,CERTIFIED_NO_NEGATIVE,True,1.83376,,,,,,lunar_ice_bpc.normalized_additive_objective.v1,normalized_operating_cost_risk_weighted_completion,2387.54527,85.965897497,2391.179959609,960.0,False,1674.095328,61.053526,2524.939239,731.169705,2745.12455,0.701178465,0.710206347,1.055938608,0.761635109,1.83376,1.83376,False,,1.83376,,,0.0,False,0,1,1,1,0,0,0,0,0,0,0,True,True,True,0,0,True,False,0,0,0,0,0,0,0,0,0,0,0,1.255968,,,,False,,,,,
10-scale full normalized objective,10,lunar_ice_sp50_010_009_seed729069,B3B_seeded_branch_price_tree,BPC_OPTIMAL,BPC_TREE_OPTIMAL,CERTIFIED_NO_NEGATIVE,True,1.83376,,,,,,lunar_ice_bpc.normalized_additive_objective.v1,normalized_operating_cost_risk_weighted_completion,2387.54527,85.965897497,2391.179959609,960.0,False,1674.095328,61.053526,2524.939239,731.169705,2745.12455,0.701178465,0.710206347,1.055938608,0.761635109,1.83376,1.83376,False,,1.83376,1.83376,0.0,0.0,True,1,1,1,1,0,0,0,1,0,0,0,,,,0,0,True,False,0,0,0,0,0,0,0,0,0,0,0,2.171025,,,,False,,,,,
10-scale full normalized objective,10,lunar_ice_sp50_010_012_seed729072,B0_pure_direct_dp,DIRECT_DP_BASELINE_OPTIMAL,DIRECT_DP_FIXED_GRAPH_OPTIMAL,NOT_PRICED,False,1.999817,,,,,,lunar_ice_bpc.normalized_additive_objective.v1,normalized_operating_cost_risk_weighted_completion,2525.615637,93.998385393,2462.792646717,960.0,False,1965.588464,75.571409,2571.098916,773.939998,3069.599439,0.778261124,0.803964969,1.043977015,0.806187498,1.999817,1.999817,False,,,,,,False,0,0,0,0,0,0,0,0,0,0,0,,,,0,0,False,False,0,0,0,0,0,0,0,0,0,0,0,0.245892,,,,False,,,,,
10-scale full normalized objective,10,lunar_ice_sp50_010_012_seed729072,B2_PRODUCT_EXACT_SOLVER,DIRECT_DP_BASELINE_OPTIMAL,DIRECT_DP_FIXED_GRAPH_OPTIMAL,NOT_PRICED,False,1.999817,,,,,,lunar_ice_bpc.normalized_additive_objective.v1,normalized_operating_cost_risk_weighted_completion,2525.615637,93.998385393,2462.792646717,960.0,False,1965.588464,75.571409,2571.098916,773.939998,3069.599439,0.778261124,0.803964969,1.043977015,0.806187498,1.999817,1.999817,False,,,,,0.0,False,0,0,0,0,0,0,0,0,0,0,0,,,,0,0,False,False,0,0,0,0,0,0,0,0,0,0,0,0.249622,,,,False,,,,,
10-scale full normalized objective,10,lunar_ice_sp50_010_012_seed729072,B2B_R3_true_dual_negative_search_worker,BPC_GAP_AVAILABLE,BPC_NODE_LP_CERTIFIED,CERTIFIED_NO_NEGATIVE,True,1.999817,,,,,,lunar_ice_bpc.normalized_additive_objective.v1,normalized_operating_cost_risk_weighted_completion,2525.615637,93.998385393,2462.792646717,960.0,False,1965.588464,75.571409,2571.098916,773.939998,3069.599439,0.778261124,0.803964969,1.043977015,0.806187498,1.999817,1.999817,False,1.999817,,,,0.0,False,0,1,0,0,0,0,0,0,0,0,0,True,True,,0,0,True,False,0,0,0,0,0,0,0,0,0,0,0,1.538282,,,,False,,,,,
10-scale full normalized objective,10,lunar_ice_sp50_010_012_seed729072,B3A_full_universe_branch_audit,BPC_GAP_AVAILABLE,BPC_NODE_LP_CERTIFIED,CERTIFIED_NO_NEGATIVE,True,1.999817,,,,,,lunar_ice_bpc.normalized_additive_objective.v1,normalized_operating_cost_risk_weighted_completion,2525.615637,93.998385393,2462.792646717,960.0,False,1965.588464,75.571409,2571.098916,773.939998,3069.599439,0.778261124,0.803964969,1.043977015,0.806187498,1.999817,1.999817,False,,1.999817,,,0.0,False,0,1,1,1,0,0,0,0,0,0,0,True,True,True,0,0,True,False,0,0,0,0,0,0,0,0,0,0,0,1.16878,,,,False,,,,,
10-scale full normalized objective,10,lunar_ice_sp50_010_012_seed729072,B3B_seeded_branch_price_tree,BPC_OPTIMAL,BPC_TREE_OPTIMAL,CERTIFIED_NO_NEGATIVE,True,1.999817,,,,,,lunar_ice_bpc.normalized_additive_objective.v1,normalized_operating_cost_risk_weighted_completion,2525.615637,93.998385393,2462.792646717,960.0,False,1965.588464,75.571409,2571.098916,773.939998,3069.599439,0.778261124,0.803964969,1.043977015,0.806187498,1.999817,1.999817,False,,1.999817,1.999817,0.0,0.0,True,1,1,1,1,0,0,0,1,0,0,0,,,,0,0,True,False,0,0,0,0,0,0,0,0,0,0,0,2.075983,,,,False,,,,,
10-scale full normalized objective,10,lunar_ice_sp50_010_006_seed729086,B0_pure_direct_dp,DIRECT_DP_BASELINE_OPTIMAL,DIRECT_DP_FIXED_GRAPH_OPTIMAL,NOT_PRICED,False,2.070818,,,,,,lunar_ice_bpc.normalized_additive_objective.v1,normalized_operating_cost_risk_weighted_completion,2531.981504,83.89587278,2266.589150193,960.0,False,2056.620432,70.293452,2383.858656,769.77801,3080.457346,0.812257289,0.837865436,1.051738316,0.801852094,2.070818,2.070818,False,,,,,,False,0,0,0,0,0,0,0,0,0,0,0,,,,0,0,False,False,0,0,0,0,0,0,0,0,0,0,0,0.161898,,,,False,,,,,
10-scale full normalized objective,10,lunar_ice_sp50_010_006_seed729086,B2_PRODUCT_EXACT_SOLVER,DIRECT_DP_BASELINE_OPTIMAL,DIRECT_DP_FIXED_GRAPH_OPTIMAL,NOT_PRICED,False,2.070818,,,,,,lunar_ice_bpc.normalized_additive_objective.v1,normalized_operating_cost_risk_weighted_completion,2531.981504,83.89587278,2266.589150193,960.0,False,2056.620432,70.293452,2383.858656,769.77801,3080.457346,0.812257289,0.837865436,1.051738316,0.801852094,2.070818,2.070818,False,,,,,0.0,False,0,0,0,0,0,0,0,0,0,0,0,,,,0,0,False,False,0,0,0,0,0,0,0,0,0,0,0,0.164158,,,,False,,,,,
10-scale full normalized objective,10,lunar_ice_sp50_010_006_seed729086,B2B_R3_true_dual_negative_search_worker,BPC_INCOMPLETE_PRICING,DIAGNOSTIC_PRICING_FRONTIER,INCOMPLETE_LIMIT,False,2.070818,,,,,,lunar_ice_bpc.normalized_additive_objective.v1,normalized_operating_cost_risk_weighted_completion,2531.981504,83.89587278,2266.589150193,960.0,False,2056.620432,70.293452,2383.858656,769.77801,3080.457346,0.812257289,0.837865436,1.051738316,0.801852094,2.070818,2.070818,False,2.070818,,,,0.0,False,0,0,0,0,0,0,0,0,0,0,0,True,True,,0,0,True,False,0,0,0,0,0,0,0,0,0,0,0,1.726577,Stopped after max_rounds=8; B2B_R3_true_dual_negative_search_worker worker/final-judge root proof is incomplete.,,,False,,,,,
10-scale full normalized objective,10,lunar_ice_sp50_010_006_seed729086,B3A_full_universe_branch_audit,BPC_GAP_AVAILABLE,BPC_NODE_LP_CERTIFIED,CERTIFIED_NO_NEGATIVE,True,2.070818,,,,,,lunar_ice_bpc.normalized_additive_objective.v1,normalized_operating_cost_risk_weighted_completion,2531.981504,83.89587278,2266.589150193,960.0,False,2056.620432,70.293452,2383.858656,769.77801,3080.457346,0.812257289,0.837865436,1.051738316,0.801852094,2.070818,2.070818,False,,2.070818,,,0.0,False,0,1,1,1,0,0,0,0,0,0,0,True,True,True,0,0,True,False,0,0,0,0,0,0,0,0,0,0,0,0.9727,,,,False,,,,,
10-scale full normalized objective,10,lunar_ice_sp50_010_006_seed729086,B3B_seeded_branch_price_tree,BPC_OPTIMAL,BPC_TREE_OPTIMAL,CERTIFIED_NO_NEGATIVE,True,2.070818,,,,,,lunar_ice_bpc.normalized_additive_objective.v1,normalized_operating_cost_risk_weighted_completion,2531.981504,83.89587278,2266.589150193,960.0,False,2056.620432,70.293452,2383.858656,769.77801,3080.457346,0.812257289,0.837865436,1.051738316,0.801852094,2.070818,2.070818,False,,2.070818,2.070818,0.0,0.0,True,1,1,1,1,0,0,0,1,0,0,0,,,,0,0,True,False,0,0,0,0,0,0,0,0,0,0,0,2.418782,,,,False,,,,,
10-scale full normalized objective,10,lunar_ice_sp50_010_018_seed729118,B0_pure_direct_dp,DIRECT_DP_BASELINE_OPTIMAL,DIRECT_DP_FIXED_GRAPH_OPTIMAL,NOT_PRICED,False,1.802011,,,,,,lunar_ice_bpc.normalized_additive_objective.v1,normalized_operating_cost_risk_weighted_completion,2576.465136,93.169363757,2485.141811788,960.0,False,1754.553931,64.950092,2633.624977,779.099053,2872.954014,0.680992693,0.697118553,1.059748367,0.811561514,1.802011,1.802011,False,,,,,,False,0,0,0,0,0,0,0,0,0,0,0,,,,0,0,False,False,0,0,0,0,0,0,0,0,0,0,0,0.268009,,,,False,,,,,
10-scale full normalized objective,10,lunar_ice_sp50_010_018_seed729118,B2_PRODUCT_EXACT_SOLVER,DIRECT_DP_BASELINE_OPTIMAL,DIRECT_DP_FIXED_GRAPH_OPTIMAL,NOT_PRICED,False,1.802011,,,,,,lunar_ice_bpc.normalized_additive_objective.v1,normalized_operating_cost_risk_weighted_completion,2576.465136,93.169363757,2485.141811788,960.0,False,1754.553931,64.950092,2633.624977,779.099053,2872.954014,0.680992693,0.697118553,1.059748367,0.811561514,1.802011,1.802011,False,,,,,0.0,False,0,0,0,0,0,0,0,0,0,0,0,,,,0,0,False,False,0,0,0,0,0,0,0,0,0,0,0,0.256187,,,,False,,,,,
10-scale full normalized objective,10,lunar_ice_sp50_010_018_seed729118,B2B_R3_true_dual_negative_search_worker,BPC_GAP_AVAILABLE,BPC_NODE_LP_CERTIFIED,CERTIFIED_NO_NEGATIVE,True,1.802011,,,,,,lunar_ice_bpc.normalized_additive_objective.v1,normalized_operating_cost_risk_weighted_completion,2576.465136,93.169363757,2485.141811788,960.0,False,1754.553931,64.950092,2633.624977,779.099053,2872.954014,0.680992693,0.697118553,1.059748367,0.811561514,1.802011,1.802011,False,1.802011,,,,0.0,False,0,1,0,0,0,0,0,0,0,0,0,True,True,,0,0,True,False,0,0,0,0,0,0,0,0,0,0,0,1.623257,,,,False,,,,,
10-scale full normalized objective,10,lunar_ice_sp50_010_018_seed729118,B3A_full_universe_branch_audit,BPC_GAP_AVAILABLE,BPC_NODE_LP_CERTIFIED,CERTIFIED_NO_NEGATIVE,True,1.802011,,,,,,lunar_ice_bpc.normalized_additive_objective.v1,normalized_operating_cost_risk_weighted_completion,2576.465136,93.169363757,2485.141811788,960.0,False,1754.553931,64.950092,2633.624977,779.099053,2872.954014,0.680992693,0.697118553,1.059748367,0.811561514,1.802011,1.802011,False,,1.802011,,,0.0,False,0,1,1,1,0,0,0,0,0,0,0,True,True,True,0,0,True,False,0,0,0,0,0,0,0,0,0,0,0,1.276793,,,,False,,,,,
10-scale full normalized objective,10,lunar_ice_sp50_010_018_seed729118,B3B_seeded_branch_price_tree,BPC_OPTIMAL,BPC_TREE_OPTIMAL,CERTIFIED_NO_NEGATIVE,True,1.802011,,,,,,lunar_ice_bpc.normalized_additive_objective.v1,normalized_operating_cost_risk_weighted_completion,2576.465136,93.169363757,2485.141811788,960.0,False,1754.553931,64.950092,2633.624977,779.099053,2872.954014,0.680992693,0.697118553,1.059748367,0.811561514,1.802011,1.802011,False,,1.802011,1.802011,0.0,0.0,True,1,1,1,1,0,0,0,1,0,0,0,,,,0,0,True,False,0,0,0,0,0,0,0,0,0,0,0,2.163639,,,,False,,,,,
