slot_id,scale,instance_key,backend_id,execution_bundle_hash,terminal_class,status,returncode,cold_start_total_sec,root_cg_sec,tree_sec,exact,safety_pass,objective,reference_frozen_objective,objective_match_frozen,algorithm_status,exact_status,row_budget_exhausted,peak_process_tree_rss_gb,minimum_available_memory_gb,launcher_termination_reason,engine_build_hash,instance_content_hash,service_timing_policy_id,run_dir
s005_instance_001,5,instance_001,native_rcspp_inprocess,182061cc8c9dc77ebe86ca03d43ecb4db51b59c4dd4f523c6e93bd57bd04a509,EXACT,EXACT_CLOSED,0,0.486968,0.140834,0.195731,True,True,2.192192,2.192192,True,BPC_OPTIMAL,BPC_TREE_OPTIMAL,False,0.005032,12.94873,,aeb042c95c69704b,acbb081beae2f710,no_task_wait_base_departure_shift_v1,/home/kai/work/GAT_BPC_moonTerk/runs/p0v3_six_scale_full120_baseline_20260727/slots/scale_005/instance_001/attempt_01
s005_instance_002,5,instance_002,native_rcspp_inprocess,182061cc8c9dc77ebe86ca03d43ecb4db51b59c4dd4f523c6e93bd57bd04a509,EXACT,EXACT_CLOSED,0,0.46725,0.114378,0.201321,True,True,2.363709,2.363709,True,BPC_OPTIMAL,BPC_TREE_OPTIMAL,False,0.00452,12.947979,,aeb042c95c69704b,21007ff89c38353e,no_task_wait_base_departure_shift_v1,/home/kai/work/GAT_BPC_moonTerk/runs/p0v3_six_scale_full120_baseline_20260727/slots/scale_005/instance_002/attempt_01
s005_instance_003,5,instance_003,native_rcspp_inprocess,182061cc8c9dc77ebe86ca03d43ecb4db51b59c4dd4f523c6e93bd57bd04a509,EXACT,EXACT_CLOSED,0,0.481991,0.126489,0.195802,True,True,2.202702,2.202702,True,BPC_OPTIMAL,BPC_TREE_OPTIMAL,False,0.004601,12.948917,,aeb042c95c69704b,ffa5fb29e0f97793,no_task_wait_base_departure_shift_v1,/home/kai/work/GAT_BPC_moonTerk/runs/p0v3_six_scale_full120_baseline_20260727/slots/scale_005/instance_003/attempt_01
s005_instance_004,5,instance_004,native_rcspp_inprocess,182061cc8c9dc77ebe86ca03d43ecb4db51b59c4dd4f523c6e93bd57bd04a509,EXACT,EXACT_CLOSED,0,0.495213,0.129892,0.208933,True,True,2.068163,2.068163,True,BPC_OPTIMAL,BPC_TREE_OPTIMAL,False,0.00428,12.950634,,aeb042c95c69704b,ef131b2b46e8d4c2,no_task_wait_base_departure_shift_v1,/home/kai/work/GAT_BPC_moonTerk/runs/p0v3_six_scale_full120_baseline_20260727/slots/scale_005/instance_004/attempt_01
s005_instance_005,5,instance_005,native_rcspp_inprocess,182061cc8c9dc77ebe86ca03d43ecb4db51b59c4dd4f523c6e93bd57bd04a509,EXACT,EXACT_CLOSED,0,0.466292,0.123023,0.191011,True,True,2.155459,2.155459,True,BPC_OPTIMAL,BPC_TREE_OPTIMAL,False,0.004467,12.950371,,aeb042c95c69704b,e39a179b97c7f263,no_task_wait_base_departure_shift_v1,/home/kai/work/GAT_BPC_moonTerk/runs/p0v3_six_scale_full120_baseline_20260727/slots/scale_005/instance_005/attempt_01
s005_instance_006,5,instance_006,native_rcspp_inprocess,182061cc8c9dc77ebe86ca03d43ecb4db51b59c4dd4f523c6e93bd57bd04a509,EXACT,EXACT_CLOSED,0,0.490075,0.123967,0.212441,True,True,2.114233,2.114233,True,BPC_OPTIMAL,BPC_TREE_OPTIMAL,False,0.004375,12.951458,,aeb042c95c69704b,d64cd362e3442abd,no_task_wait_base_departure_shift_v1,/home/kai/work/GAT_BPC_moonTerk/runs/p0v3_six_scale_full120_baseline_20260727/slots/scale_005/instance_006/attempt_01
s005_instance_007,5,instance_007,native_rcspp_inprocess,182061cc8c9dc77ebe86ca03d43ecb4db51b59c4dd4f523c6e93bd57bd04a509,EXACT,EXACT_CLOSED,0,0.416067,0.08225,0.167145,True,True,2.140463,2.140463,True,BPC_OPTIMAL,BPC_TREE_OPTIMAL,False,0.004383,12.953983,,aeb042c95c69704b,2c33e5d4dfa35d39,no_task_wait_base_departure_shift_v1,/home/kai/work/GAT_BPC_moonTerk/runs/p0v3_six_scale_full120_baseline_20260727/slots/scale_005/instance_007/attempt_01
s005_instance_008,5,instance_008,native_rcspp_inprocess,182061cc8c9dc77ebe86ca03d43ecb4db51b59c4dd4f523c6e93bd57bd04a509,EXACT,EXACT_CLOSED,0,0.489313,0.145782,0.188176,True,True,2.100262,2.100262,True,BPC_OPTIMAL,BPC_TREE_OPTIMAL,False,0.00436,12.954853,,aeb042c95c69704b,df9fc5c81cb1365d,no_task_wait_base_departure_shift_v1,/home/kai/work/GAT_BPC_moonTerk/runs/p0v3_six_scale_full120_baseline_20260727/slots/scale_005/instance_008/attempt_01
s005_instance_009,5,instance_009,native_rcspp_inprocess,182061cc8c9dc77ebe86ca03d43ecb4db51b59c4dd4f523c6e93bd57bd04a509,EXACT,EXACT_CLOSED,0,0.449792,0.110692,0.185846,True,True,2.096863,2.096863,True,BPC_OPTIMAL,BPC_TREE_OPTIMAL,False,0.004711,12.954422,,aeb042c95c69704b,3aacebd46ab6eafe,no_task_wait_base_departure_shift_v1,/home/kai/work/GAT_BPC_moonTerk/runs/p0v3_six_scale_full120_baseline_20260727/slots/scale_005/instance_009/attempt_01
s005_instance_010,5,instance_010,native_rcspp_inprocess,182061cc8c9dc77ebe86ca03d43ecb4db51b59c4dd4f523c6e93bd57bd04a509,EXACT,EXACT_CLOSED,0,0.530257,0.17493,0.201911,True,True,2.204695,2.204695,True,BPC_OPTIMAL,BPC_TREE_OPTIMAL,False,0.004482,12.958462,,aeb042c95c69704b,ea2d6696da046bbb,no_task_wait_base_departure_shift_v1,/home/kai/work/GAT_BPC_moonTerk/runs/p0v3_six_scale_full120_baseline_20260727/slots/scale_005/instance_010/attempt_01
s005_instance_011,5,instance_011,native_rcspp_inprocess,182061cc8c9dc77ebe86ca03d43ecb4db51b59c4dd4f523c6e93bd57bd04a509,EXACT,EXACT_CLOSED,0,0.463672,0.127281,0.181933,True,True,2.087922,2.087922,True,BPC_OPTIMAL,BPC_TREE_OPTIMAL,False,0.004368,12.956509,,aeb042c95c69704b,a2f519267ea14b2a,no_task_wait_base_departure_shift_v1,/home/kai/work/GAT_BPC_moonTerk/runs/p0v3_six_scale_full120_baseline_20260727/slots/scale_005/instance_011/attempt_01
s005_instance_012,5,instance_012,native_rcspp_inprocess,182061cc8c9dc77ebe86ca03d43ecb4db51b59c4dd4f523c6e93bd57bd04a509,EXACT,EXACT_CLOSED,0,0.473935,0.134842,0.184551,True,True,2.195034,2.195034,True,BPC_OPTIMAL,BPC_TREE_OPTIMAL,False,0.004364,12.958282,,aeb042c95c69704b,b0304d4f306acd93,no_task_wait_base_departure_shift_v1,/home/kai/work/GAT_BPC_moonTerk/runs/p0v3_six_scale_full120_baseline_20260727/slots/scale_005/instance_012/attempt_01
s005_instance_013,5,instance_013,native_rcspp_inprocess,182061cc8c9dc77ebe86ca03d43ecb4db51b59c4dd4f523c6e93bd57bd04a509,EXACT,EXACT_CLOSED,0,0.462894,0.124352,0.183057,True,True,2.231707,2.231707,True,BPC_OPTIMAL,BPC_TREE_OPTIMAL,False,0.00428,12.957726,,aeb042c95c69704b,16416953b35c4866,no_task_wait_base_departure_shift_v1,/home/kai/work/GAT_BPC_moonTerk/runs/p0v3_six_scale_full120_baseline_20260727/slots/scale_005/instance_013/attempt_01
s005_instance_014,5,instance_014,native_rcspp_inprocess,182061cc8c9dc77ebe86ca03d43ecb4db51b59c4dd4f523c6e93bd57bd04a509,EXACT,EXACT_CLOSED,0,0.474417,0.138864,0.179266,True,True,2.249908,2.249908,True,BPC_OPTIMAL,BPC_TREE_OPTIMAL,False,0.004498,12.954773,,aeb042c95c69704b,568a020ff28fb403,no_task_wait_base_departure_shift_v1,/home/kai/work/GAT_BPC_moonTerk/runs/p0v3_six_scale_full120_baseline_20260727/slots/scale_005/instance_014/attempt_01
s005_instance_015,5,instance_015,native_rcspp_inprocess,182061cc8c9dc77ebe86ca03d43ecb4db51b59c4dd4f523c6e93bd57bd04a509,EXACT,EXACT_CLOSED,0,0.472909,0.092576,0.225192,True,True,2.081278,2.081278,True,BPC_OPTIMAL,BPC_TREE_OPTIMAL,False,0.004234,12.957802,,aeb042c95c69704b,19d56a97c9a4a770,no_task_wait_base_departure_shift_v1,/home/kai/work/GAT_BPC_moonTerk/runs/p0v3_six_scale_full120_baseline_20260727/slots/scale_005/instance_015/attempt_01
s005_instance_016,5,instance_016,native_rcspp_inprocess,182061cc8c9dc77ebe86ca03d43ecb4db51b59c4dd4f523c6e93bd57bd04a509,EXACT,EXACT_CLOSED,0,0.492029,0.15183,0.187007,True,True,2.158522,2.158522,True,BPC_OPTIMAL,BPC_TREE_OPTIMAL,False,0.004478,12.957752,,aeb042c95c69704b,66036cf46fb890a6,no_task_wait_base_departure_shift_v1,/home/kai/work/GAT_BPC_moonTerk/runs/p0v3_six_scale_full120_baseline_20260727/slots/scale_005/instance_016/attempt_01
s005_instance_017,5,instance_017,native_rcspp_inprocess,182061cc8c9dc77ebe86ca03d43ecb4db51b59c4dd4f523c6e93bd57bd04a509,EXACT,EXACT_CLOSED,0,0.497251,0.132481,0.210789,True,True,2.22075,2.22075,True,BPC_OPTIMAL,BPC_TREE_OPTIMAL,False,0.004768,12.957966,,aeb042c95c69704b,a8793ae9a735ee9a,no_task_wait_base_departure_shift_v1,/home/kai/work/GAT_BPC_moonTerk/runs/p0v3_six_scale_full120_baseline_20260727/slots/scale_005/instance_017/attempt_01
s005_instance_018,5,instance_018,native_rcspp_inprocess,182061cc8c9dc77ebe86ca03d43ecb4db51b59c4dd4f523c6e93bd57bd04a509,EXACT,EXACT_CLOSED,0,0.477482,0.149211,0.176509,True,True,1.941902,1.941902,True,BPC_OPTIMAL,BPC_TREE_OPTIMAL,False,0.004826,12.956944,,aeb042c95c69704b,e99aec8338cd75f9,no_task_wait_base_departure_shift_v1,/home/kai/work/GAT_BPC_moonTerk/runs/p0v3_six_scale_full120_baseline_20260727/slots/scale_005/instance_018/attempt_01
s005_instance_019,5,instance_019,native_rcspp_inprocess,182061cc8c9dc77ebe86ca03d43ecb4db51b59c4dd4f523c6e93bd57bd04a509,EXACT,EXACT_CLOSED,0,0.493004,0.131392,0.205651,True,True,2.165365,2.165365,True,BPC_OPTIMAL,BPC_TREE_OPTIMAL,False,0.004528,12.955402,,aeb042c95c69704b,6ee49e19d844b846,no_task_wait_base_departure_shift_v1,/home/kai/work/GAT_BPC_moonTerk/runs/p0v3_six_scale_full120_baseline_20260727/slots/scale_005/instance_019/attempt_01
s005_instance_020,5,instance_020,native_rcspp_inprocess,182061cc8c9dc77ebe86ca03d43ecb4db51b59c4dd4f523c6e93bd57bd04a509,EXACT,EXACT_CLOSED,0,0.504051,0.150369,0.202176,True,True,2.170592,2.170592,True,BPC_OPTIMAL,BPC_TREE_OPTIMAL,False,0.004349,12.953926,,aeb042c95c69704b,399b18285097493f,no_task_wait_base_departure_shift_v1,/home/kai/work/GAT_BPC_moonTerk/runs/p0v3_six_scale_full120_baseline_20260727/slots/scale_005/instance_020/attempt_01
s010_instance_001,10,instance_001,native_rcspp_inprocess,182061cc8c9dc77ebe86ca03d43ecb4db51b59c4dd4f523c6e93bd57bd04a509,EXACT,EXACT_CLOSED,0,0.762603,0.328484,0.235605,True,True,2.130698,2.130698,True,BPC_OPTIMAL,BPC_TREE_OPTIMAL,False,0.004757,12.954372,,aeb042c95c69704b,cd08b7418226137b,no_task_wait_base_departure_shift_v1,/home/kai/work/GAT_BPC_moonTerk/runs/p0v3_six_scale_full120_baseline_20260727/slots/scale_010/instance_001/attempt_01
s010_instance_002,10,instance_002,native_rcspp_inprocess,182061cc8c9dc77ebe86ca03d43ecb4db51b59c4dd4f523c6e93bd57bd04a509,EXACT,EXACT_CLOSED,0,0.775737,0.360402,0.21919,True,True,1.832026,1.832026,True,BPC_OPTIMAL,BPC_TREE_OPTIMAL,False,0.004566,12.953907,,aeb042c95c69704b,1867b365dcc861db,no_task_wait_base_departure_shift_v1,/home/kai/work/GAT_BPC_moonTerk/runs/p0v3_six_scale_full120_baseline_20260727/slots/scale_010/instance_002/attempt_01
s010_instance_003,10,instance_003,native_rcspp_inprocess,182061cc8c9dc77ebe86ca03d43ecb4db51b59c4dd4f523c6e93bd57bd04a509,EXACT,EXACT_CLOSED,0,0.965279,0.523682,0.244273,True,True,1.751503,1.751503,True,BPC_OPTIMAL,BPC_TREE_OPTIMAL,False,0.004562,12.952503,,aeb042c95c69704b,2b00d968642d0c30,no_task_wait_base_departure_shift_v1,/home/kai/work/GAT_BPC_moonTerk/runs/p0v3_six_scale_full120_baseline_20260727/slots/scale_010/instance_003/attempt_01
s010_instance_004,10,instance_004,native_rcspp_inprocess,182061cc8c9dc77ebe86ca03d43ecb4db51b59c4dd4f523c6e93bd57bd04a509,EXACT,EXACT_CLOSED,0,0.83875,0.41638,0.225315,True,True,1.945275,1.945275,True,BPC_OPTIMAL,BPC_TREE_OPTIMAL,False,0.004238,12.951874,,aeb042c95c69704b,55cf3028db4f90be,no_task_wait_base_departure_shift_v1,/home/kai/work/GAT_BPC_moonTerk/runs/p0v3_six_scale_full120_baseline_20260727/slots/scale_010/instance_004/attempt_01
s010_instance_005,10,instance_005,native_rcspp_inprocess,182061cc8c9dc77ebe86ca03d43ecb4db51b59c4dd4f523c6e93bd57bd04a509,EXACT,EXACT_CLOSED,0,2.447101,1.896543,0.351353,True,True,1.905142,1.905142,True,BPC_OPTIMAL,BPC_TREE_OPTIMAL,False,0.004608,12.952263,,aeb042c95c69704b,c62aec6e3abefeeb,no_task_wait_base_departure_shift_v1,/home/kai/work/GAT_BPC_moonTerk/runs/p0v3_six_scale_full120_baseline_20260727/slots/scale_010/instance_005/attempt_01
s010_instance_006,10,instance_006,native_rcspp_inprocess,182061cc8c9dc77ebe86ca03d43ecb4db51b59c4dd4f523c6e93bd57bd04a509,EXACT,EXACT_CLOSED,0,1.062584,0.580351,0.278197,True,True,2.076254,2.076254,True,BPC_OPTIMAL,BPC_TREE_OPTIMAL,False,0.004379,12.952568,,aeb042c95c69704b,4b1e0ae1c57213ea,no_task_wait_base_departure_shift_v1,/home/kai/work/GAT_BPC_moonTerk/runs/p0v3_six_scale_full120_baseline_20260727/slots/scale_010/instance_006/attempt_01
s010_instance_007,10,instance_007,native_rcspp_inprocess,182061cc8c9dc77ebe86ca03d43ecb4db51b59c4dd4f523c6e93bd57bd04a509,EXACT,EXACT_CLOSED,0,1.534258,1.027426,0.303747,True,True,2.039059,2.039059,True,BPC_OPTIMAL,BPC_TREE_OPTIMAL,False,0.004387,12.94928,,aeb042c95c69704b,68bc9ae966587b1a,no_task_wait_base_departure_shift_v1,/home/kai/work/GAT_BPC_moonTerk/runs/p0v3_six_scale_full120_baseline_20260727/slots/scale_010/instance_007/attempt_01
s010_instance_008,10,instance_008,native_rcspp_inprocess,182061cc8c9dc77ebe86ca03d43ecb4db51b59c4dd4f523c6e93bd57bd04a509,EXACT,EXACT_CLOSED,0,1.343512,0.871639,0.270577,True,True,1.889725,1.889725,True,BPC_OPTIMAL,BPC_TREE_OPTIMAL,False,0.004368,12.951752,,aeb042c95c69704b,954f8762dac05391,no_task_wait_base_departure_shift_v1,/home/kai/work/GAT_BPC_moonTerk/runs/p0v3_six_scale_full120_baseline_20260727/slots/scale_010/instance_008/attempt_01
s010_instance_009,10,instance_009,native_rcspp_inprocess,182061cc8c9dc77ebe86ca03d43ecb4db51b59c4dd4f523c6e93bd57bd04a509,EXACT,EXACT_CLOSED,0,2.442312,1.915383,0.328289,True,True,1.940696,1.940696,True,BPC_OPTIMAL,BPC_TREE_OPTIMAL,False,0.004612,12.955379,,aeb042c95c69704b,528a1caee569c40a,no_task_wait_base_departure_shift_v1,/home/kai/work/GAT_BPC_moonTerk/runs/p0v3_six_scale_full120_baseline_20260727/slots/scale_010/instance_009/attempt_01
s010_instance_010,10,instance_010,native_rcspp_inprocess,182061cc8c9dc77ebe86ca03d43ecb4db51b59c4dd4f523c6e93bd57bd04a509,EXACT,EXACT_CLOSED,0,2.264069,1.731002,0.331673,True,True,1.908037,1.908037,True,BPC_OPTIMAL,BPC_TREE_OPTIMAL,False,0.004578,12.952534,,aeb042c95c69704b,8271bd66044c57e8,no_task_wait_base_departure_shift_v1,/home/kai/work/GAT_BPC_moonTerk/runs/p0v3_six_scale_full120_baseline_20260727/slots/scale_010/instance_010/attempt_01
s010_instance_011,10,instance_011,native_rcspp_inprocess,182061cc8c9dc77ebe86ca03d43ecb4db51b59c4dd4f523c6e93bd57bd04a509,EXACT,EXACT_CLOSED,0,5.454645,4.540569,0.705445,True,True,1.971928,1.971928,True,BPC_OPTIMAL,BPC_TREE_OPTIMAL,False,0.004395,12.949501,,aeb042c95c69704b,a4de0be5dd6b4fb0,no_task_wait_base_departure_shift_v1,/home/kai/work/GAT_BPC_moonTerk/runs/p0v3_six_scale_full120_baseline_20260727/slots/scale_010/instance_011/attempt_01
s010_instance_012,10,instance_012,native_rcspp_inprocess,182061cc8c9dc77ebe86ca03d43ecb4db51b59c4dd4f523c6e93bd57bd04a509,EXACT,EXACT_CLOSED,0,1.143207,0.704076,0.241643,True,True,2.030829,2.030829,True,BPC_OPTIMAL,BPC_TREE_OPTIMAL,False,0.004429,12.951717,,aeb042c95c69704b,9269fb781b8e7cef,no_task_wait_base_departure_shift_v1,/home/kai/work/GAT_BPC_moonTerk/runs/p0v3_six_scale_full120_baseline_20260727/slots/scale_010/instance_012/attempt_01
s010_instance_013,10,instance_013,native_rcspp_inprocess,182061cc8c9dc77ebe86ca03d43ecb4db51b59c4dd4f523c6e93bd57bd04a509,EXACT,EXACT_CLOSED,0,3.493853,1.954489,1.32851,True,True,2.093161,2.093161,True,BPC_OPTIMAL,BPC_TREE_OPTIMAL,False,0.004318,12.928833,,aeb042c95c69704b,ba2531c244a59b05,no_task_wait_base_departure_shift_v1,/home/kai/work/GAT_BPC_moonTerk/runs/p0v3_six_scale_full120_baseline_20260727/slots/scale_010/instance_013/attempt_01
s010_instance_014,10,instance_014,native_rcspp_inprocess,182061cc8c9dc77ebe86ca03d43ecb4db51b59c4dd4f523c6e93bd57bd04a509,EXACT,EXACT_CLOSED,0,1.03502,0.547752,0.287711,True,True,2.106819,2.106819,True,BPC_OPTIMAL,BPC_TREE_OPTIMAL,False,0.004349,12.955517,,aeb042c95c69704b,265f08cfe9783673,no_task_wait_base_departure_shift_v1,/home/kai/work/GAT_BPC_moonTerk/runs/p0v3_six_scale_full120_baseline_20260727/slots/scale_010/instance_014/attempt_01
s010_instance_015,10,instance_015,native_rcspp_inprocess,182061cc8c9dc77ebe86ca03d43ecb4db51b59c4dd4f523c6e93bd57bd04a509,EXACT,EXACT_CLOSED,0,1.086986,0.643029,0.23028,True,True,2.05395,2.05395,True,BPC_OPTIMAL,BPC_TREE_OPTIMAL,False,0.005432,12.95747,,aeb042c95c69704b,d00a4afab5db98af,no_task_wait_base_departure_shift_v1,/home/kai/work/GAT_BPC_moonTerk/runs/p0v3_six_scale_full120_baseline_20260727/slots/scale_010/instance_015/attempt_01
s010_instance_016,10,instance_016,native_rcspp_inprocess,182061cc8c9dc77ebe86ca03d43ecb4db51b59c4dd4f523c6e93bd57bd04a509,EXACT,EXACT_CLOSED,0,0.81875,0.368866,0.241483,True,True,2.085912,2.085912,True,BPC_OPTIMAL,BPC_TREE_OPTIMAL,False,0.004253,12.95826,,aeb042c95c69704b,969d8db9761ceaf3,no_task_wait_base_departure_shift_v1,/home/kai/work/GAT_BPC_moonTerk/runs/p0v3_six_scale_full120_baseline_20260727/slots/scale_010/instance_016/attempt_01
s010_instance_017,10,instance_017,native_rcspp_inprocess,182061cc8c9dc77ebe86ca03d43ecb4db51b59c4dd4f523c6e93bd57bd04a509,EXACT,EXACT_CLOSED,0,0.799585,0.35681,0.241149,True,True,2.165908,2.165908,True,BPC_OPTIMAL,BPC_TREE_OPTIMAL,False,0.004383,12.954647,,aeb042c95c69704b,050a247976be9545,no_task_wait_base_departure_shift_v1,/home/kai/work/GAT_BPC_moonTerk/runs/p0v3_six_scale_full120_baseline_20260727/slots/scale_010/instance_017/attempt_01
s010_instance_018,10,instance_018,native_rcspp_inprocess,182061cc8c9dc77ebe86ca03d43ecb4db51b59c4dd4f523c6e93bd57bd04a509,EXACT,EXACT_CLOSED,0,1.303458,0.818165,0.279585,True,True,1.876226,1.876226,True,BPC_OPTIMAL,BPC_TREE_OPTIMAL,False,0.004261,12.9589,,aeb042c95c69704b,7aa337fe4f7fb4dd,no_task_wait_base_departure_shift_v1,/home/kai/work/GAT_BPC_moonTerk/runs/p0v3_six_scale_full120_baseline_20260727/slots/scale_010/instance_018/attempt_01
s010_instance_019,10,instance_019,native_rcspp_inprocess,182061cc8c9dc77ebe86ca03d43ecb4db51b59c4dd4f523c6e93bd57bd04a509,EXACT,EXACT_CLOSED,0,0.81388,0.371262,0.242263,True,True,1.865888,1.865888,True,BPC_OPTIMAL,BPC_TREE_OPTIMAL,False,0.004307,12.956345,,aeb042c95c69704b,c6e019fb72abe5c1,no_task_wait_base_departure_shift_v1,/home/kai/work/GAT_BPC_moonTerk/runs/p0v3_six_scale_full120_baseline_20260727/slots/scale_010/instance_019/attempt_01
s010_instance_020,10,instance_020,native_rcspp_inprocess,182061cc8c9dc77ebe86ca03d43ecb4db51b59c4dd4f523c6e93bd57bd04a509,EXACT,EXACT_CLOSED,0,0.961847,0.499239,0.263494,True,True,1.976287,1.976287,True,BPC_OPTIMAL,BPC_TREE_OPTIMAL,False,0.004559,12.954559,,aeb042c95c69704b,e8787f84a65d5186,no_task_wait_base_departure_shift_v1,/home/kai/work/GAT_BPC_moonTerk/runs/p0v3_six_scale_full120_baseline_20260727/slots/scale_010/instance_020/attempt_01
s020_instance_001,20,instance_001,native_rcspp_inprocess,182061cc8c9dc77ebe86ca03d43ecb4db51b59c4dd4f523c6e93bd57bd04a509,EXACT,EXACT_CLOSED,0,7.981471,6.266186,1.31118,True,True,1.787257,1.787257,True,BPC_OPTIMAL,BPC_TREE_OPTIMAL,False,0.004307,12.956932,,aeb042c95c69704b,e4c3d500dfa459de,no_task_wait_base_departure_shift_v1,/home/kai/work/GAT_BPC_moonTerk/runs/p0v3_six_scale_full120_baseline_20260727/slots/scale_020/instance_001/attempt_01
s020_instance_002,20,instance_002,native_rcspp_inprocess,182061cc8c9dc77ebe86ca03d43ecb4db51b59c4dd4f523c6e93bd57bd04a509,EXACT,EXACT_CLOSED,0,4.153342,2.800704,0.96126,True,True,1.880912,1.880912,True,BPC_OPTIMAL,BPC_TREE_OPTIMAL,False,0.004322,12.953835,,aeb042c95c69704b,74fcaab30dc904ef,no_task_wait_base_departure_shift_v1,/home/kai/work/GAT_BPC_moonTerk/runs/p0v3_six_scale_full120_baseline_20260727/slots/scale_020/instance_002/attempt_01
s020_instance_003,20,instance_003,native_rcspp_inprocess,182061cc8c9dc77ebe86ca03d43ecb4db51b59c4dd4f523c6e93bd57bd04a509,EXACT,EXACT_CLOSED,0,8.509385,6.794053,1.270249,True,True,1.997422,1.997422,True,BPC_OPTIMAL,BPC_TREE_OPTIMAL,False,0.004417,12.925842,,aeb042c95c69704b,419698d2a4d383b8,no_task_wait_base_departure_shift_v1,/home/kai/work/GAT_BPC_moonTerk/runs/p0v3_six_scale_full120_baseline_20260727/slots/scale_020/instance_003/attempt_01
s020_instance_004,20,instance_004,native_rcspp_inprocess,182061cc8c9dc77ebe86ca03d43ecb4db51b59c4dd4f523c6e93bd57bd04a509,EXACT,EXACT_CLOSED,0,47.524358,6.865877,40.242564,True,True,1.708824,1.708824,True,BPC_OPTIMAL,BPC_TREE_OPTIMAL,False,0.374512,12.625732,,aeb042c95c69704b,74357a737c2af8fa,no_task_wait_base_departure_shift_v1,/home/kai/work/GAT_BPC_moonTerk/runs/p0v3_six_scale_full120_baseline_20260727/slots/scale_020/instance_004/attempt_01
s020_instance_005,20,instance_005,native_rcspp_inprocess,182061cc8c9dc77ebe86ca03d43ecb4db51b59c4dd4f523c6e93bd57bd04a509,EXACT,EXACT_CLOSED,0,66.262422,15.593722,50.241372,True,True,1.740739,1.740739,True,BPC_OPTIMAL,BPC_TREE_OPTIMAL,False,0.604084,12.387299,,aeb042c95c69704b,d3107df26460e7b2,no_task_wait_base_departure_shift_v1,/home/kai/work/GAT_BPC_moonTerk/runs/p0v3_six_scale_full120_baseline_20260727/slots/scale_020/instance_005/attempt_01
s020_instance_006,20,instance_006,native_rcspp_inprocess,182061cc8c9dc77ebe86ca03d43ecb4db51b59c4dd4f523c6e93bd57bd04a509,EXACT,EXACT_CLOSED,0,4.842239,3.530561,0.903439,True,True,2.124135,2.124135,True,BPC_OPTIMAL,BPC_TREE_OPTIMAL,False,0.00436,12.944092,,aeb042c95c69704b,96c37b8d20c70524,no_task_wait_base_departure_shift_v1,/home/kai/work/GAT_BPC_moonTerk/runs/p0v3_six_scale_full120_baseline_20260727/slots/scale_020/instance_006/attempt_01
s020_instance_007,20,instance_007,native_rcspp_inprocess,182061cc8c9dc77ebe86ca03d43ecb4db51b59c4dd4f523c6e93bd57bd04a509,EXACT,EXACT_CLOSED,0,4.666395,3.253685,1.015475,True,True,2.080029,2.080029,True,BPC_OPTIMAL,BPC_TREE_OPTIMAL,False,0.004478,12.940392,,aeb042c95c69704b,50814c9d8d4f1721,no_task_wait_base_departure_shift_v1,/home/kai/work/GAT_BPC_moonTerk/runs/p0v3_six_scale_full120_baseline_20260727/slots/scale_020/instance_007/attempt_01
s020_instance_008,20,instance_008,native_rcspp_inprocess,182061cc8c9dc77ebe86ca03d43ecb4db51b59c4dd4f523c6e93bd57bd04a509,EXACT,EXACT_CLOSED,0,42.395673,34.85196,7.120046,True,True,1.83381,1.83381,True,BPC_OPTIMAL,BPC_TREE_OPTIMAL,False,0.931,12.06279,,aeb042c95c69704b,a383e449e16f71ca,no_task_wait_base_departure_shift_v1,/home/kai/work/GAT_BPC_moonTerk/runs/p0v3_six_scale_full120_baseline_20260727/slots/scale_020/instance_008/attempt_01
s020_instance_009,20,instance_009,native_rcspp_inprocess,182061cc8c9dc77ebe86ca03d43ecb4db51b59c4dd4f523c6e93bd57bd04a509,EXACT,EXACT_CLOSED,0,83.393223,31.966971,51.026312,True,True,2.010442,2.010442,True,BPC_OPTIMAL,BPC_TREE_OPTIMAL,False,0.519722,12.467655,,aeb042c95c69704b,7971a0beb3239926,no_task_wait_base_departure_shift_v1,/home/kai/work/GAT_BPC_moonTerk/runs/p0v3_six_scale_full120_baseline_20260727/slots/scale_020/instance_009/attempt_01
s020_instance_010,20,instance_010,native_rcspp_inprocess,182061cc8c9dc77ebe86ca03d43ecb4db51b59c4dd4f523c6e93bd57bd04a509,EXACT,EXACT_CLOSED,0,18.814054,15.11992,3.256718,True,True,1.89956,1.89956,True,BPC_OPTIMAL,BPC_TREE_OPTIMAL,False,0.004356,12.942436,,aeb042c95c69704b,0078c4339c44736e,no_task_wait_base_departure_shift_v1,/home/kai/work/GAT_BPC_moonTerk/runs/p0v3_six_scale_full120_baseline_20260727/slots/scale_020/instance_010/attempt_01
s020_instance_011,20,instance_011,native_rcspp_inprocess,182061cc8c9dc77ebe86ca03d43ecb4db51b59c4dd4f523c6e93bd57bd04a509,EXACT,EXACT_CLOSED,0,118.973148,75.359664,43.202195,True,True,1.885426,1.885426,True,BPC_OPTIMAL,BPC_TREE_OPTIMAL,False,0.94252,12.049683,,aeb042c95c69704b,99fe0d93672e1dc9,no_task_wait_base_departure_shift_v1,/home/kai/work/GAT_BPC_moonTerk/runs/p0v3_six_scale_full120_baseline_20260727/slots/scale_020/instance_011/attempt_01
s020_instance_012,20,instance_012,native_rcspp_inprocess,182061cc8c9dc77ebe86ca03d43ecb4db51b59c4dd4f523c6e93bd57bd04a509,EXACT,EXACT_CLOSED,0,190.537035,146.570262,43.490875,True,True,1.661824,1.661824,True,BPC_OPTIMAL,BPC_TREE_OPTIMAL,False,1.086063,11.91246,,aeb042c95c69704b,a0707c5f13ca8ee5,no_task_wait_base_departure_shift_v1,/home/kai/work/GAT_BPC_moonTerk/runs/p0v3_six_scale_full120_baseline_20260727/slots/scale_020/instance_012/attempt_01
s020_instance_013,20,instance_013,native_rcspp_inprocess,182061cc8c9dc77ebe86ca03d43ecb4db51b59c4dd4f523c6e93bd57bd04a509,EXACT,EXACT_CLOSED,0,77.823414,49.046216,28.314324,True,True,1.79125,1.79125,True,BPC_OPTIMAL,BPC_TREE_OPTIMAL,False,1.287945,11.704567,,aeb042c95c69704b,9d5160ac5eb67303,no_task_wait_base_departure_shift_v1,/home/kai/work/GAT_BPC_moonTerk/runs/p0v3_six_scale_full120_baseline_20260727/slots/scale_020/instance_013/attempt_01
s020_instance_014,20,instance_014,native_rcspp_inprocess,182061cc8c9dc77ebe86ca03d43ecb4db51b59c4dd4f523c6e93bd57bd04a509,EXACT,EXACT_CLOSED,0,26.816147,21.109102,5.290596,True,True,1.904999,1.904999,True,BPC_OPTIMAL,BPC_TREE_OPTIMAL,False,0.004597,12.934383,,aeb042c95c69704b,0b8d9238e7417773,no_task_wait_base_departure_shift_v1,/home/kai/work/GAT_BPC_moonTerk/runs/p0v3_six_scale_full120_baseline_20260727/slots/scale_020/instance_014/attempt_01
s020_instance_015,20,instance_015,native_rcspp_inprocess,182061cc8c9dc77ebe86ca03d43ecb4db51b59c4dd4f523c6e93bd57bd04a509,EXACT,EXACT_CLOSED,0,12.600638,9.306057,2.844708,True,True,1.863358,1.863358,True,BPC_OPTIMAL,BPC_TREE_OPTIMAL,False,0.004375,12.933117,,aeb042c95c69704b,f95ade16e4656790,no_task_wait_base_departure_shift_v1,/home/kai/work/GAT_BPC_moonTerk/runs/p0v3_six_scale_full120_baseline_20260727/slots/scale_020/instance_015/attempt_01
s020_instance_016,20,instance_016,native_rcspp_inprocess,182061cc8c9dc77ebe86ca03d43ecb4db51b59c4dd4f523c6e93bd57bd04a509,EXACT,EXACT_CLOSED,0,9.344107,7.215364,1.677864,True,True,1.928871,1.928871,True,BPC_OPTIMAL,BPC_TREE_OPTIMAL,False,0.004505,12.933289,,aeb042c95c69704b,56430102273ce280,no_task_wait_base_departure_shift_v1,/home/kai/work/GAT_BPC_moonTerk/runs/p0v3_six_scale_full120_baseline_20260727/slots/scale_020/instance_016/attempt_01
s020_instance_017,20,instance_017,native_rcspp_inprocess,182061cc8c9dc77ebe86ca03d43ecb4db51b59c4dd4f523c6e93bd57bd04a509,EXACT,EXACT_CLOSED,0,19.325849,15.983108,2.806283,True,True,1.858598,1.858598,True,BPC_OPTIMAL,BPC_TREE_OPTIMAL,False,0.004414,12.944614,,aeb042c95c69704b,91b2adf1fed8bdeb,no_task_wait_base_departure_shift_v1,/home/kai/work/GAT_BPC_moonTerk/runs/p0v3_six_scale_full120_baseline_20260727/slots/scale_020/instance_017/attempt_01
s020_instance_018,20,instance_018,native_rcspp_inprocess,182061cc8c9dc77ebe86ca03d43ecb4db51b59c4dd4f523c6e93bd57bd04a509,EXACT,EXACT_CLOSED,0,17.251177,14.35036,2.452164,True,True,1.588337,1.588337,True,BPC_OPTIMAL,BPC_TREE_OPTIMAL,False,0.004326,12.939617,,aeb042c95c69704b,6f4b778bfbd444bd,no_task_wait_base_departure_shift_v1,/home/kai/work/GAT_BPC_moonTerk/runs/p0v3_six_scale_full120_baseline_20260727/slots/scale_020/instance_018/attempt_01
s020_instance_019,20,instance_019,native_rcspp_inprocess,182061cc8c9dc77ebe86ca03d43ecb4db51b59c4dd4f523c6e93bd57bd04a509,EXACT,EXACT_CLOSED,0,9.986405,7.906176,1.640258,True,True,1.745797,1.745797,True,BPC_OPTIMAL,BPC_TREE_OPTIMAL,False,0.004356,12.935616,,aeb042c95c69704b,218765e7688810c6,no_task_wait_base_departure_shift_v1,/home/kai/work/GAT_BPC_moonTerk/runs/p0v3_six_scale_full120_baseline_20260727/slots/scale_020/instance_019/attempt_01
s020_instance_020,20,instance_020,native_rcspp_inprocess,182061cc8c9dc77ebe86ca03d43ecb4db51b59c4dd4f523c6e93bd57bd04a509,EXACT,EXACT_CLOSED,0,8.293294,6.100148,1.775639,True,True,2.000511,2.000511,True,BPC_OPTIMAL,BPC_TREE_OPTIMAL,False,0.004341,12.945267,,aeb042c95c69704b,158caf9a1cf84470,no_task_wait_base_departure_shift_v1,/home/kai/work/GAT_BPC_moonTerk/runs/p0v3_six_scale_full120_baseline_20260727/slots/scale_020/instance_020/attempt_01
s030_instance_001,30,instance_001,native_rcspp_inprocess,182061cc8c9dc77ebe86ca03d43ecb4db51b59c4dd4f523c6e93bd57bd04a509,EXACT,EXACT_CLOSED,0,140.309983,40.250288,99.105483,True,True,1.811236,1.811236,True,BPC_OPTIMAL,BPC_TREE_OPTIMAL,False,1.616066,11.368446,,aeb042c95c69704b,cf36ed5190d36140,no_task_wait_base_departure_shift_v1,/home/kai/work/GAT_BPC_moonTerk/runs/p0v3_six_scale_full120_baseline_20260727/slots/scale_030/instance_001/attempt_01
s030_instance_002,30,instance_002,native_rcspp_inprocess,182061cc8c9dc77ebe86ca03d43ecb4db51b59c4dd4f523c6e93bd57bd04a509,EXACT,EXACT_CLOSED,0,80.374903,64.35516,15.187675,True,True,1.816959,1.816959,True,BPC_OPTIMAL,BPC_TREE_OPTIMAL,False,1.445736,11.545742,,aeb042c95c69704b,d04364064cb63cc3,no_task_wait_base_departure_shift_v1,/home/kai/work/GAT_BPC_moonTerk/runs/p0v3_six_scale_full120_baseline_20260727/slots/scale_030/instance_002/attempt_01
s030_instance_003,30,instance_003,native_rcspp_inprocess,182061cc8c9dc77ebe86ca03d43ecb4db51b59c4dd4f523c6e93bd57bd04a509,EXACT,EXACT_CLOSED,0,71.171197,63.317265,6.944941,True,True,1.755127,1.755127,True,BPC_OPTIMAL,BPC_TREE_OPTIMAL,False,0.928394,12.065933,,aeb042c95c69704b,6f6a48057d413742,no_task_wait_base_departure_shift_v1,/home/kai/work/GAT_BPC_moonTerk/runs/p0v3_six_scale_full120_baseline_20260727/slots/scale_030/instance_003/attempt_01
s030_instance_004,30,instance_004,native_rcspp_inprocess,182061cc8c9dc77ebe86ca03d43ecb4db51b59c4dd4f523c6e93bd57bd04a509,EXACT,EXACT_CLOSED,0,54.756587,47.58664,6.239617,True,True,1.781038,1.781038,True,BPC_OPTIMAL,BPC_TREE_OPTIMAL,False,0.931461,12.058678,,aeb042c95c69704b,acb085774da1e9c9,no_task_wait_base_departure_shift_v1,/home/kai/work/GAT_BPC_moonTerk/runs/p0v3_six_scale_full120_baseline_20260727/slots/scale_030/instance_004/attempt_01
s030_instance_005,30,instance_005,native_rcspp_inprocess,182061cc8c9dc77ebe86ca03d43ecb4db51b59c4dd4f523c6e93bd57bd04a509,EXACT,EXACT_CLOSED,0,195.482702,93.330082,101.199461,True,True,1.856162,1.856162,True,BPC_OPTIMAL,BPC_TREE_OPTIMAL,False,3.074051,9.920097,,aeb042c95c69704b,c3d2ecdf67de516c,no_task_wait_base_departure_shift_v1,/home/kai/work/GAT_BPC_moonTerk/runs/p0v3_six_scale_full120_baseline_20260727/slots/scale_030/instance_005/attempt_01
s030_instance_006,30,instance_006,native_rcspp_inprocess,182061cc8c9dc77ebe86ca03d43ecb4db51b59c4dd4f523c6e93bd57bd04a509,EXACT,EXACT_CLOSED,0,62.107545,53.635497,7.526927,True,True,1.832315,1.832315,True,BPC_OPTIMAL,BPC_TREE_OPTIMAL,False,1.109715,11.896103,,aeb042c95c69704b,f81a079f255cdc69,no_task_wait_base_departure_shift_v1,/home/kai/work/GAT_BPC_moonTerk/runs/p0v3_six_scale_full120_baseline_20260727/slots/scale_030/instance_006/attempt_01
s030_instance_007,30,instance_007,native_rcspp_inprocess,182061cc8c9dc77ebe86ca03d43ecb4db51b59c4dd4f523c6e93bd57bd04a509,EXACT,EXACT_CLOSED,0,59.950083,52.756215,6.327434,True,True,1.533446,1.533446,True,BPC_OPTIMAL,BPC_TREE_OPTIMAL,False,0.940968,12.049728,,aeb042c95c69704b,073199ffaca90687,no_task_wait_base_departure_shift_v1,/home/kai/work/GAT_BPC_moonTerk/runs/p0v3_six_scale_full120_baseline_20260727/slots/scale_030/instance_007/attempt_01
s030_instance_008,30,instance_008,native_rcspp_inprocess,182061cc8c9dc77ebe86ca03d43ecb4db51b59c4dd4f523c6e93bd57bd04a509,EXACT,EXACT_CLOSED,0,74.349182,54.724634,18.622259,True,True,1.68884,1.68884,True,BPC_OPTIMAL,BPC_TREE_OPTIMAL,False,0.821911,12.173038,,aeb042c95c69704b,909e846fb631bc58,no_task_wait_base_departure_shift_v1,/home/kai/work/GAT_BPC_moonTerk/runs/p0v3_six_scale_full120_baseline_20260727/slots/scale_030/instance_008/attempt_01
s030_instance_009,30,instance_009,native_rcspp_inprocess,182061cc8c9dc77ebe86ca03d43ecb4db51b59c4dd4f523c6e93bd57bd04a509,EXACT,EXACT_CLOSED,0,304.981874,261.463083,42.459026,True,True,1.756129,1.756129,True,BPC_OPTIMAL,BPC_TREE_OPTIMAL,False,2.78587,10.205063,,aeb042c95c69704b,fea4b5cf318ba910,no_task_wait_base_departure_shift_v1,/home/kai/work/GAT_BPC_moonTerk/runs/p0v3_six_scale_full120_baseline_20260727/slots/scale_030/instance_009/attempt_01
s030_instance_010,30,instance_010,native_rcspp_inprocess,182061cc8c9dc77ebe86ca03d43ecb4db51b59c4dd4f523c6e93bd57bd04a509,EXACT,EXACT_CLOSED,0,56.752819,42.448275,13.357718,True,True,1.830277,1.830277,True,BPC_OPTIMAL,BPC_TREE_OPTIMAL,False,1.624123,11.380119,,aeb042c95c69704b,02201f45984bf409,no_task_wait_base_departure_shift_v1,/home/kai/work/GAT_BPC_moonTerk/runs/p0v3_six_scale_full120_baseline_20260727/slots/scale_030/instance_010/attempt_01
s030_instance_011,30,instance_011,native_rcspp_inprocess,182061cc8c9dc77ebe86ca03d43ecb4db51b59c4dd4f523c6e93bd57bd04a509,EXACT,EXACT_CLOSED,0,71.525331,60.579809,10.01183,True,True,1.693748,1.693748,True,BPC_OPTIMAL,BPC_TREE_OPTIMAL,False,1.251831,11.74152,,aeb042c95c69704b,0da27e19466439ea,no_task_wait_base_departure_shift_v1,/home/kai/work/GAT_BPC_moonTerk/runs/p0v3_six_scale_full120_baseline_20260727/slots/scale_030/instance_011/attempt_01
s030_instance_012,30,instance_012,native_rcspp_inprocess,182061cc8c9dc77ebe86ca03d43ecb4db51b59c4dd4f523c6e93bd57bd04a509,EXACT,EXACT_CLOSED,0,256.121649,198.211268,56.902318,True,True,1.688061,1.688061,True,BPC_OPTIMAL,BPC_TREE_OPTIMAL,False,1.423622,11.569168,,aeb042c95c69704b,a971a7a6947ace7a,no_task_wait_base_departure_shift_v1,/home/kai/work/GAT_BPC_moonTerk/runs/p0v3_six_scale_full120_baseline_20260727/slots/scale_030/instance_012/attempt_01
s030_instance_013,30,instance_013,native_rcspp_inprocess,182061cc8c9dc77ebe86ca03d43ecb4db51b59c4dd4f523c6e93bd57bd04a509,EXACT,EXACT_CLOSED,0,536.923684,479.118541,56.716465,True,True,1.694299,1.694299,True,BPC_OPTIMAL,BPC_TREE_OPTIMAL,False,2.861633,10.132874,,aeb042c95c69704b,e5c642b8b7fc255d,no_task_wait_base_departure_shift_v1,/home/kai/work/GAT_BPC_moonTerk/runs/p0v3_six_scale_full120_baseline_20260727/slots/scale_030/instance_013/attempt_01
s030_instance_014,30,instance_014,native_rcspp_inprocess,182061cc8c9dc77ebe86ca03d43ecb4db51b59c4dd4f523c6e93bd57bd04a509,EXACT,EXACT_CLOSED,0,335.374974,247.670863,86.724252,True,True,1.731123,1.731123,True,BPC_OPTIMAL,BPC_TREE_OPTIMAL,False,1.777092,11.204453,,aeb042c95c69704b,4b564fb7fd4a2a2e,no_task_wait_base_departure_shift_v1,/home/kai/work/GAT_BPC_moonTerk/runs/p0v3_six_scale_full120_baseline_20260727/slots/scale_030/instance_014/attempt_01
s030_instance_015,30,instance_015,native_rcspp_inprocess,182061cc8c9dc77ebe86ca03d43ecb4db51b59c4dd4f523c6e93bd57bd04a509,EXACT,EXACT_CLOSED,0,42.918366,36.363895,5.529938,True,True,1.808614,1.808614,True,BPC_OPTIMAL,BPC_TREE_OPTIMAL,False,0.852032,12.139,,aeb042c95c69704b,7076503157fed2ce,no_task_wait_base_departure_shift_v1,/home/kai/work/GAT_BPC_moonTerk/runs/p0v3_six_scale_full120_baseline_20260727/slots/scale_030/instance_015/attempt_01
s030_instance_016,30,instance_016,native_rcspp_inprocess,182061cc8c9dc77ebe86ca03d43ecb4db51b59c4dd4f523c6e93bd57bd04a509,EXACT,EXACT_CLOSED,0,1157.471105,72.806538,1083.534986,True,True,1.864921,1.864921,True,BPC_OPTIMAL,BPC_TREE_OPTIMAL,False,1.853085,11.137871,,aeb042c95c69704b,c088436b3096996d,no_task_wait_base_departure_shift_v1,/home/kai/work/GAT_BPC_moonTerk/runs/p0v3_six_scale_full120_baseline_20260727/slots/scale_030/instance_016/attempt_01
s030_instance_017,30,instance_017,native_rcspp_inprocess,182061cc8c9dc77ebe86ca03d43ecb4db51b59c4dd4f523c6e93bd57bd04a509,EXACT,EXACT_CLOSED,0,166.287067,75.965296,89.366513,True,True,1.696362,1.696362,True,BPC_OPTIMAL,BPC_TREE_OPTIMAL,False,1.610714,11.375511,,aeb042c95c69704b,195986a6ebb86c13,no_task_wait_base_departure_shift_v1,/home/kai/work/GAT_BPC_moonTerk/runs/p0v3_six_scale_full120_baseline_20260727/slots/scale_030/instance_017/attempt_01
s030_instance_018,30,instance_018,native_rcspp_inprocess,182061cc8c9dc77ebe86ca03d43ecb4db51b59c4dd4f523c6e93bd57bd04a509,EXACT,EXACT_CLOSED,0,78.783495,69.087157,8.693155,True,True,1.717238,1.717238,True,BPC_OPTIMAL,BPC_TREE_OPTIMAL,False,1.041519,11.919621,,aeb042c95c69704b,46a6b6383ffddcad,no_task_wait_base_departure_shift_v1,/home/kai/work/GAT_BPC_moonTerk/runs/p0v3_six_scale_full120_baseline_20260727/slots/scale_030/instance_018/attempt_01
s030_instance_019,30,instance_019,native_rcspp_inprocess,182061cc8c9dc77ebe86ca03d43ecb4db51b59c4dd4f523c6e93bd57bd04a509,EXACT,EXACT_CLOSED,0,135.177632,121.079908,12.809438,True,True,1.926526,1.926526,True,BPC_OPTIMAL,BPC_TREE_OPTIMAL,False,1.857052,11.158504,,aeb042c95c69704b,8c2eaed37d200b07,no_task_wait_base_departure_shift_v1,/home/kai/work/GAT_BPC_moonTerk/runs/p0v3_six_scale_full120_baseline_20260727/slots/scale_030/instance_019/attempt_01
s030_instance_020,30,instance_020,native_rcspp_inprocess,182061cc8c9dc77ebe86ca03d43ecb4db51b59c4dd4f523c6e93bd57bd04a509,EXACT,EXACT_CLOSED,0,65.449405,57.070515,7.313245,True,True,2.017063,2.017063,True,BPC_OPTIMAL,BPC_TREE_OPTIMAL,False,1.089748,11.923317,,aeb042c95c69704b,251d4935f18e2d0d,no_task_wait_base_departure_shift_v1,/home/kai/work/GAT_BPC_moonTerk/runs/p0v3_six_scale_full120_baseline_20260727/slots/scale_030/instance_020/attempt_01
s050_instance_001,50,instance_001,native_rcspp_host,2024db84764ac9db19a6e1875bf77d85f2d8f97c15d758b11ceb67ec84f41b43,MEMORY_CENSORED_INCOMPLETE,FAIL_CLOSED,1,710.849528,708.423693,,False,True,,,,,,False,8.858261,4.159309,,349360c3c5638ade,,no_task_wait_base_departure_shift_v1,/home/kai/work/GAT_BPC_moonTerk/runs/p0v3_six_scale_full120_baseline_20260727/slots/scale_050/instance_001/attempt_02
