timestamp_utc,slot_id,root_pid,elapsed_sec,process_count,tree_rss_gb,tree_swap_gb,effective_memory_limit_gb,available_memory_gb,system_swap_used_gb,disk_free_gb
2026-07-27T01:56:40.463482+00:00,s005_instance_001,1573756,0.001876,1,0.005031585693359375,0.0,2.0,12.94873046875,0.8130989074707031,802.006233215332
2026-07-27T01:56:41.183134+00:00,s005_instance_002,1573802,0.001601,1,0.004520416259765625,0.0,2.0,12.947978973388672,0.8130989074707031,802.005802154541
2026-07-27T01:56:41.889469+00:00,s005_instance_003,1573875,0.001655,1,0.00460052490234375,0.0,2.0,12.948917388916016,0.8130989074707031,802.0053977966309
2026-07-27T01:56:42.604851+00:00,s005_instance_004,1573921,0.001478,1,0.00428009033203125,0.0,2.0,12.950634002685547,0.8130989074707031,802.0049476623535
2026-07-27T01:56:43.352925+00:00,s005_instance_005,1573994,0.001595,1,0.004467010498046875,0.0,2.0,12.950370788574219,0.8130989074707031,802.0045204162598
2026-07-27T01:56:44.052606+00:00,s005_instance_006,1574040,0.001501,1,0.004375457763671875,0.0,2.0,12.951457977294922,0.8130989074707031,802.0041160583496
2026-07-27T01:56:44.798961+00:00,s005_instance_007,1574107,0.001486,1,0.004383087158203125,0.0,2.0,12.953983306884766,0.8130989074707031,802.0036888122559
2026-07-27T01:56:45.438543+00:00,s005_instance_008,1574159,0.001535,1,0.004360198974609375,0.0,2.0,12.954853057861328,0.8130989074707031,802.0032844543457
2026-07-27T01:56:46.177582+00:00,s005_instance_009,1574226,0.001741,1,0.004711151123046875,0.0,2.0,12.954421997070312,0.8130989074707031,802.0028800964355
2026-07-27T01:56:46.868711+00:00,s005_instance_010,1574272,0.001529,1,0.004482269287109375,0.0,2.0,12.95846176147461,0.8130989074707031,802.0024375915527
2026-07-27T01:56:47.624411+00:00,s005_instance_011,1574345,0.001552,1,0.004367828369140625,0.0,2.0,12.95650863647461,0.8130989074707031,802.0020065307617
2026-07-27T01:56:48.320782+00:00,s005_instance_012,1574391,0.001474,1,0.004364013671875,0.0,2.0,12.958282470703125,0.8130989074707031,802.0016174316406
2026-07-27T01:56:49.031180+00:00,s005_instance_013,1574458,0.001428,1,0.00428009033203125,0.0,2.0,12.957725524902344,0.8130989074707031,802.0011901855469
2026-07-27T01:56:49.720481+00:00,s005_instance_014,1574510,0.001541,1,0.004497528076171875,0.0,2.0,12.95477294921875,0.8130989074707031,802.0007858276367
2026-07-27T01:56:50.410858+00:00,s005_instance_015,1574577,0.001473,1,0.00423431396484375,0.0,2.0,12.957801818847656,0.8130989074707031,802.0003547668457
2026-07-27T01:56:51.105599+00:00,s005_instance_016,1574623,0.001684,1,0.00447845458984375,0.0,2.0,12.957752227783203,0.8130989074707031,801.9999160766602
2026-07-27T01:56:51.833360+00:00,s005_instance_017,1574696,0.001666,1,0.00476837158203125,0.0,2.0,12.957965850830078,0.8130989074707031,801.9995002746582
2026-07-27T01:56:52.553443+00:00,s005_instance_018,1574742,0.001717,1,0.004825592041015625,0.0,2.0,12.95694351196289,0.8130989074707031,801.999137878418
2026-07-27T01:56:53.246236+00:00,s005_instance_019,1574809,0.00164,1,0.004528045654296875,0.0,2.0,12.955402374267578,0.8130989074707031,801.9986801147461
2026-07-27T01:56:53.958633+00:00,s005_instance_020,1574861,0.001488,1,0.0043487548828125,0.0,2.0,12.953926086425781,0.8130989074707031,801.9982795715332
2026-07-27T01:56:54.715122+00:00,s010_instance_001,1574928,0.001775,1,0.004756927490234375,0.0,4.0,12.95437240600586,0.8130989074707031,801.9978256225586
2026-07-27T01:56:55.735843+00:00,s010_instance_002,1574980,0.00157,1,0.004566192626953125,0.0,4.0,12.953907012939453,0.8130989074707031,801.9971656799316
2026-07-27T01:56:56.787622+00:00,s010_instance_003,1575047,0.001647,1,0.0045623779296875,0.0,4.0,12.952503204345703,0.8130989074707031,801.9964981079102
2026-07-27T01:56:57.997888+00:00,s010_instance_004,1575120,0.00151,1,0.004238128662109375,0.0,4.0,12.951873779296875,0.8130989074707031,801.9957313537598
2026-07-27T01:56:59.092896+00:00,s010_instance_005,1575187,0.001571,1,0.004608154296875,0.0,4.0,12.952262878417969,0.8130989074707031,801.9951210021973
2026-07-27T01:57:01.799293+00:00,s010_instance_006,1575266,0.001585,1,0.0043792724609375,0.0,4.0,12.952568054199219,0.8130989074707031,801.9944343566895
2026-07-27T01:57:03.095748+00:00,s010_instance_007,1575334,0.001522,1,0.00438690185546875,0.0,4.0,12.94927978515625,0.8130989074707031,801.9937553405762
2026-07-27T01:57:04.901871+00:00,s010_instance_008,1575407,0.001547,1,0.004367828369140625,0.0,4.0,12.951751708984375,0.8130989074707031,801.9928207397461
2026-07-27T01:57:06.495604+00:00,s010_instance_009,1575480,0.001704,1,0.004611968994140625,0.0,4.0,12.955379486083984,0.8130989074707031,801.9921264648438
2026-07-27T01:57:09.178547+00:00,s010_instance_010,1575553,0.001685,1,0.00457763671875,0.0,4.0,12.952533721923828,0.8130989074707031,801.991455078125
2026-07-27T01:57:11.679455+00:00,s010_instance_011,1575626,0.001485,1,0.00439453125,0.0,4.0,12.949501037597656,0.8130989074707031,801.9906463623047
2026-07-27T01:57:17.392374+00:00,s010_instance_012,1575759,0.001539,1,0.004428863525390625,0.0,4.0,12.951717376708984,0.8130989074707031,801.9897918701172
2026-07-27T01:57:18.791411+00:00,s010_instance_013,1575840,0.001548,1,0.0043182373046875,0.0,4.0,12.9288330078125,0.8130989074707031,801.9890403747559
2026-07-27T01:57:22.556540+00:00,s010_instance_014,1575954,0.00148,1,0.0043487548828125,0.0,4.0,12.955516815185547,0.8130989074707031,801.987907409668
2026-07-27T01:57:23.856805+00:00,s010_instance_015,1576024,0.00218,1,0.00543212890625,0.0,4.0,12.957469940185547,0.8130989074707031,801.9872627258301
2026-07-27T01:57:25.211144+00:00,s010_instance_016,1576094,0.001547,1,0.004253387451171875,0.0,4.0,12.958259582519531,0.8130989074707031,801.9865341186523
2026-07-27T01:57:26.305790+00:00,s010_instance_017,1576167,0.001486,1,0.004383087158203125,0.0,4.0,12.954647064208984,0.8130989074707031,801.9858741760254
2026-07-27T01:57:27.347711+00:00,s010_instance_018,1576234,0.001502,1,0.004261016845703125,0.0,4.0,12.958900451660156,0.8130989074707031,801.985164642334
2026-07-27T01:57:28.920435+00:00,s010_instance_019,1576307,0.001459,1,0.004306793212890625,0.0,4.0,12.956344604492188,0.8130989074707031,801.9844970703125
2026-07-27T01:57:29.961474+00:00,s010_instance_020,1576380,0.00166,1,0.004558563232421875,0.0,4.0,12.954559326171875,0.8130989074707031,801.9839134216309
2026-07-27T01:57:31.166072+00:00,s020_instance_001,1576447,0.001478,1,0.004306793212890625,0.0,8.0,12.956932067871094,0.8130989074707031,801.9832191467285
2026-07-27T01:57:39.436009+00:00,s020_instance_002,1576560,0.001455,1,0.004322052001953125,0.0,8.0,12.953834533691406,0.8130989074707031,801.9807357788086
2026-07-27T01:57:43.894851+00:00,s020_instance_003,1576660,0.001567,1,0.00441741943359375,0.0,8.0,12.92584228515625,0.8130989074707031,801.9784774780273
2026-07-27T01:57:52.710371+00:00,s020_instance_004,1576811,0.001725,1,0.00466156005859375,0.0,8.0,12.954708099365234,0.8130989074707031,801.9748153686523
2026-07-27T01:58:22.712080+00:00,s020_instance_004,1576811,30.003434,3,0.37451171875,0.0,8.0,12.625732421875,0.8130989074707031,801.9724578857422
2026-07-27T01:58:40.572870+00:00,s020_instance_005,1577127,0.001575,1,0.004299163818359375,0.0,8.0,12.947856903076172,0.8130989074707031,801.9705657958984
2026-07-27T01:59:10.574764+00:00,s020_instance_005,1577127,30.003469,3,0.6009712219238281,0.0,8.0,12.39212417602539,0.8130989074707031,801.9676475524902
2026-07-27T01:59:40.576450+00:00,s020_instance_005,1577127,60.005155,3,0.6040840148925781,0.0,8.0,12.387298583984375,0.8130989074707031,801.967643737793
2026-07-27T01:59:47.127588+00:00,s020_instance_006,1577526,0.001569,1,0.004360198974609375,0.0,8.0,12.944091796875,0.8130989074707031,801.9668006896973
2026-07-27T01:59:52.263114+00:00,s020_instance_007,1577611,0.001586,1,0.00447845458984375,0.0,8.0,12.940391540527344,0.8130989074707031,801.964282989502
2026-07-27T01:59:57.211549+00:00,s020_instance_008,1577711,0.001469,1,0.0042266845703125,0.0,8.0,12.940998077392578,0.8130989074707031,801.9619178771973
2026-07-27T02:00:27.213388+00:00,s020_instance_008,1577711,30.003307,4,0.930999755859375,0.0,8.0,12.062789916992188,0.8130989074707031,801.9618797302246
2026-07-27T02:00:39.903295+00:00,s020_instance_009,1578019,0.001718,1,0.00458526611328125,0.0,8.0,12.940731048583984,0.8130989074707031,801.9590454101562
2026-07-27T02:01:09.904999+00:00,s020_instance_009,1578019,30.003421,4,0.5122947692871094,0.0,8.0,12.490978240966797,0.8130989074707031,801.9589996337891
2026-07-27T02:01:39.906769+00:00,s020_instance_009,1578019,60.005192,3,0.5197219848632812,0.0,8.0,12.467655181884766,0.8130989074707031,801.9571113586426
2026-07-27T02:02:03.593385+00:00,s020_instance_010,1578478,0.001596,1,0.00435638427734375,0.0,8.0,12.942436218261719,0.8130989074707031,801.9566421508789
2026-07-27T02:02:22.731937+00:00,s020_instance_011,1578656,0.001982,1,0.0052032470703125,0.0,8.0,12.941974639892578,0.8130989074707031,801.9532775878906
2026-07-27T02:02:52.733812+00:00,s020_instance_011,1578656,30.003856,4,0.9249267578125,0.0,8.0,12.065608978271484,0.8130989074707031,801.953239440918
2026-07-27T02:03:22.735846+00:00,s020_instance_011,1578656,60.005889,4,0.9425201416015625,0.0,8.0,12.0496826171875,0.8130989074707031,801.9532356262207
2026-07-27T02:03:52.737661+00:00,s020_instance_011,1578656,90.007706,3,0.928253173828125,0.0,8.0,12.054542541503906,0.8130989074707031,801.9510192871094
2026-07-27T02:04:21.992348+00:00,s020_instance_012,1579291,0.00152,1,0.004364013671875,0.0,8.0,12.939163208007812,0.8130989074707031,801.9508094787598
2026-07-27T02:04:51.994018+00:00,s020_instance_012,1579291,30.00319,4,0.9898643493652344,0.0,8.0,12.00650405883789,0.8130989074707031,801.9507675170898
2026-07-27T02:05:21.995714+00:00,s020_instance_012,1579291,60.004886,4,1.017181396484375,0.0,8.0,11.97833251953125,0.8130989074707031,801.950756072998
2026-07-27T02:05:51.997512+00:00,s020_instance_012,1579291,90.006684,4,1.0860633850097656,0.0,8.0,11.912460327148438,0.8130989074707031,801.9507522583008
2026-07-27T02:06:21.999300+00:00,s020_instance_012,1579291,120.008472,4,0.8494529724121094,0.0,8.0,12.146793365478516,0.8130989074707031,801.9507446289062
2026-07-27T02:06:52.000974+00:00,s020_instance_012,1579291,150.010146,3,0.48876953125,0.0,8.0,12.506568908691406,0.8130989074707031,801.9474067687988
2026-07-27T02:07:22.002710+00:00,s020_instance_012,1579291,180.011882,3,0.9543418884277344,0.0,8.0,12.031475067138672,0.8130989074707031,801.9473991394043
2026-07-27T02:07:32.813489+00:00,s020_instance_013,1580298,0.00205,1,0.004940032958984375,0.0,8.0,12.937812805175781,0.8130989074707031,801.9471893310547
2026-07-27T02:08:02.815126+00:00,s020_instance_013,1580298,30.003686,4,1.2879447937011719,0.0,8.0,11.704566955566406,0.8130989074707031,801.947151184082
2026-07-27T02:08:32.816813+00:00,s020_instance_013,1580298,60.005373,3,1.1835060119628906,0.0,8.0,11.804481506347656,0.8130989074707031,801.9439163208008
2026-07-27T02:08:50.942688+00:00,s020_instance_014,1580739,0.001684,1,0.004596710205078125,0.0,8.0,12.934383392333984,0.8130989074707031,801.9436950683594
2026-07-27T02:09:18.064794+00:00,s020_instance_015,1580956,0.001656,1,0.004375457763671875,0.0,8.0,12.933116912841797,0.8130989074707031,801.9410514831543
2026-07-27T02:09:30.949283+00:00,s020_instance_016,1581081,0.001682,1,0.004505157470703125,0.0,8.0,12.93328857421875,0.8130989074707031,801.9373168945312
2026-07-27T02:09:40.574269+00:00,s020_instance_017,1581200,0.00152,1,0.004413604736328125,0.0,8.0,12.94461441040039,0.8130989074707031,801.9336280822754
2026-07-27T02:10:00.207570+00:00,s020_instance_018,1581382,0.001533,1,0.00432586669921875,0.0,8.0,12.939617156982422,0.8130989074707031,801.9282341003418
2026-07-27T02:10:17.768241+00:00,s020_instance_019,1581531,0.001485,1,0.00435638427734375,0.0,8.0,12.935615539550781,0.8130989074707031,801.9246139526367
2026-07-27T02:10:28.070579+00:00,s020_instance_020,1581656,0.001485,1,0.00434112548828125,0.0,8.0,12.945266723632812,0.8130989074707031,801.9212646484375
2026-07-27T02:10:36.685526+00:00,s030_instance_001,1581770,0.001492,1,0.004367828369140625,0.0,8.0,12.939044952392578,0.8130989074707031,801.9186325073242
2026-07-27T02:11:06.687130+00:00,s030_instance_001,1581770,30.003095,4,1.5531082153320312,0.0,8.0,11.44393539428711,0.8130989074707031,801.9185905456543
2026-07-27T02:11:36.688934+00:00,s030_instance_001,1581770,60.004899,3,1.5974540710449219,0.0,8.0,11.392200469970703,0.8130989074707031,801.9093589782715
2026-07-27T02:12:06.690638+00:00,s030_instance_001,1581770,90.006603,3,1.6122169494628906,0.0,8.0,11.373966217041016,0.8130989074707031,801.9093589782715
2026-07-27T02:12:36.692350+00:00,s030_instance_001,1581770,120.008315,3,1.6160659790039062,0.0,8.0,11.368446350097656,0.8130989074707031,801.9096984863281
2026-07-27T02:12:57.391766+00:00,s030_instance_002,1582498,0.0015,1,0.00421905517578125,0.0,8.0,12.941341400146484,0.8130989074707031,801.9084777832031
2026-07-27T02:13:27.393484+00:00,s030_instance_002,1582498,30.003218,4,1.4220161437988281,0.0,8.0,11.571514129638672,0.8130989074707031,801.9084396362305
2026-07-27T02:13:57.395289+00:00,s030_instance_002,1582498,60.005023,4,1.4457359313964844,0.0,8.0,11.54574203491211,0.8130989074707031,801.9084358215332
2026-07-27T02:14:18.162629+00:00,s030_instance_003,1582919,0.001621,1,0.00457000732421875,0.0,8.0,12.940650939941406,0.8130989074707031,801.9020233154297
2026-07-27T02:14:48.164555+00:00,s030_instance_003,1582919,30.003547,4,0.9231300354003906,0.0,8.0,12.077392578125,0.8130989074707031,801.901985168457
2026-07-27T02:15:18.166211+00:00,s030_instance_003,1582919,60.005203,4,0.9283943176269531,0.0,8.0,12.065933227539062,0.8130989074707031,801.9019813537598
2026-07-27T02:15:29.744843+00:00,s030_instance_004,1583326,0.00194,1,0.00478363037109375,0.0,8.0,12.947944641113281,0.8130989074707031,801.8933563232422
2026-07-27T02:15:59.746519+00:00,s030_instance_004,1583326,30.003615,4,0.9314613342285156,0.0,8.0,12.058677673339844,0.8130989074707031,801.8933181762695
2026-07-27T02:16:24.906065+00:00,s030_instance_005,1583672,0.001466,1,0.0042572021484375,0.0,8.0,12.941082000732422,0.8130989074707031,801.8839569091797
2026-07-27T02:16:54.908532+00:00,s030_instance_005,1583672,30.003932,4,1.6360244750976562,0.0,8.0,11.343303680419922,0.8130989074707031,801.883918762207
2026-07-27T02:17:24.910231+00:00,s030_instance_005,1583672,60.005632,4,1.7630844116210938,0.0,8.0,11.226543426513672,0.8130989074707031,801.883918762207
2026-07-27T02:17:54.911926+00:00,s030_instance_005,1583672,90.007327,4,1.7635879516601562,0.0,8.0,11.22311019897461,0.8130989074707031,801.8839111328125
2026-07-27T02:18:24.913603+00:00,s030_instance_005,1583672,120.009003,3,1.7632789611816406,0.0,8.0,11.219551086425781,0.8130989074707031,801.8749122619629
2026-07-27T02:18:54.915313+00:00,s030_instance_005,1583672,150.010713,3,1.7729644775390625,0.0,8.0,11.211017608642578,0.8130989074707031,801.8749084472656
2026-07-27T02:19:24.917033+00:00,s030_instance_005,1583672,180.012433,3,3.0740509033203125,0.0,8.0,9.920097351074219,0.8130989074707031,801.8748970031738
2026-07-27T02:19:40.794386+00:00,s030_instance_006,1584643,0.001615,1,0.004528045654296875,0.0,8.0,12.952938079833984,0.8130989074707031,801.8732948303223
2026-07-27T02:20:10.796330+00:00,s030_instance_006,1584643,30.003559,4,1.1097145080566406,0.0,8.0,11.896102905273438,0.8130989074707031,801.8732528686523
2026-07-27T02:20:40.798026+00:00,s030_instance_006,1584643,60.005254,3,0.9256057739257812,0.0,8.0,12.067207336425781,0.8130989074707031,801.8640785217285
2026-07-27T02:20:43.287625+00:00,s030_instance_007,1585007,0.001443,1,0.004276275634765625,0.0,8.0,12.941761016845703,0.8130989074707031,801.8638648986816
2026-07-27T02:21:13.289385+00:00,s030_instance_007,1585007,30.003201,4,0.9115638732910156,0.0,8.0,12.08599853515625,0.8130989074707031,801.863826751709
2026-07-27T02:21:43.291058+00:00,s030_instance_007,1585007,60.004875,3,0.9409675598144531,0.0,8.0,12.049728393554688,0.8130989074707031,801.8562927246094
2026-07-27T02:21:43.625762+00:00,s030_instance_008,1585381,0.001571,1,0.00453948974609375,0.0,8.0,12.942951202392578,0.8130989074707031,801.8560829162598
2026-07-27T02:22:13.627381+00:00,s030_instance_008,1585381,30.00319,4,0.8219108581542969,0.0,8.0,12.173038482666016,0.8130989074707031,801.8560447692871
2026-07-27T02:22:43.629008+00:00,s030_instance_008,1585381,60.004816,3,0.6993446350097656,0.0,8.0,12.288318634033203,0.8130989074707031,801.8457298278809
2026-07-27T02:22:58.360828+00:00,s030_instance_009,1585809,0.0015,1,0.0042572021484375,0.0,8.0,12.944190979003906,0.8130989074707031,801.8455085754395
2026-07-27T02:23:28.362536+00:00,s030_instance_009,1585809,30.003206,4,1.2564506530761719,0.0,8.0,11.738609313964844,0.8130989074707031,801.8454742431641
2026-07-27T02:23:58.364362+00:00,s030_instance_009,1585809,60.005033,4,1.3271217346191406,0.0,8.0,11.66988754272461,0.8130989074707031,801.8454627990723
2026-07-27T02:24:28.366220+00:00,s030_instance_009,1585809,90.006892,4,1.3281478881835938,0.0,8.0,11.670463562011719,0.8130989074707031,801.8454551696777
2026-07-27T02:24:58.367988+00:00,s030_instance_009,1585809,120.008659,4,1.3271865844726562,0.0,8.0,11.674007415771484,0.8130989074707031,801.8454513549805
2026-07-27T02:25:28.369709+00:00,s030_instance_009,1585809,150.01038,4,2.0499267578125,0.0,8.0,10.946216583251953,0.8130989074707031,801.8454475402832
2026-07-27T02:25:58.371307+00:00,s030_instance_009,1585809,180.011978,4,2.781970977783203,0.0,8.0,10.21059799194336,0.8130989074707031,801.8454399108887
2026-07-27T02:26:28.372924+00:00,s030_instance_009,1585809,210.013595,4,2.785869598388672,0.0,8.0,10.213768005371094,0.8130989074707031,801.8454322814941
2026-07-27T02:26:58.374616+00:00,s030_instance_009,1585809,240.015288,4,2.785869598388672,0.0,8.0,10.205062866210938,0.8130989074707031,801.8454246520996
2026-07-27T02:27:28.376331+00:00,s030_instance_009,1585809,270.017002,3,0.9144821166992188,0.0,8.0,12.07918930053711,0.8130989074707031,801.8338775634766
2026-07-27T02:27:58.378118+00:00,s030_instance_009,1585809,300.018789,3,1.241973876953125,0.0,8.0,11.748619079589844,0.8130989074707031,801.8338737487793
2026-07-27T02:28:03.725006+00:00,s030_instance_010,1587376,0.001434,1,0.004169464111328125,0.0,8.0,12.945446014404297,0.8130989074707031,801.8336639404297
2026-07-27T02:28:33.726736+00:00,s030_instance_010,1587376,30.003163,4,1.6241226196289062,0.0,8.0,11.380119323730469,0.8130989074707031,801.8367729187012
2026-07-27T02:29:00.897403+00:00,s030_instance_011,1587707,0.001637,1,0.00441741943359375,0.0,8.0,12.94430923461914,0.8130989074707031,801.8265037536621
2026-07-27T02:29:30.899108+00:00,s030_instance_011,1587707,30.003341,4,1.2407417297363281,0.0,8.0,11.754783630371094,0.8130989074707031,801.8252754211426
2026-07-27T02:30:00.900747+00:00,s030_instance_011,1587707,60.00498,4,1.2518310546875,0.0,8.0,11.741519927978516,0.8130989074707031,801.825267791748
2026-07-27T02:30:12.830334+00:00,s030_instance_012,1588126,0.00146,1,0.004367828369140625,0.0,8.0,12.9488525390625,0.8130989074707031,801.8158721923828
2026-07-27T02:30:42.832052+00:00,s030_instance_012,1588126,30.003178,4,0.9553260803222656,0.0,8.0,12.040008544921875,0.8130989074707031,801.8158378601074
2026-07-27T02:31:12.833898+00:00,s030_instance_012,1588126,60.005024,4,0.9583930969238281,0.0,8.0,12.040576934814453,0.8130989074707031,801.8158302307129
2026-07-27T02:31:42.835669+00:00,s030_instance_012,1588126,90.006795,4,1.4236221313476562,0.0,8.0,11.569168090820312,0.8130989074707031,801.8158264160156
2026-07-27T02:32:12.837552+00:00,s030_instance_012,1588126,120.008678,4,0.9646263122558594,0.0,8.0,12.026493072509766,0.8130989074707031,801.8158226013184
2026-07-27T02:32:42.839312+00:00,s030_instance_012,1588126,150.010438,4,1.0159416198730469,0.0,8.0,11.975341796875,0.8130989074707031,801.815315246582
2026-07-27T02:33:12.841170+00:00,s030_instance_012,1588126,180.012296,4,1.1038169860839844,0.0,8.0,11.892524719238281,0.8130989074707031,801.8153038024902
2026-07-27T02:33:42.842811+00:00,s030_instance_012,1588126,210.013936,3,1.1164474487304688,0.0,8.0,11.863880157470703,0.8130989074707031,801.8045272827148
2026-07-27T02:34:12.844479+00:00,s030_instance_012,1588126,240.015604,3,1.1290702819824219,0.0,8.0,11.85781478881836,0.8130989074707031,801.8045082092285
2026-07-27T02:34:29.369158+00:00,s030_instance_013,1589458,0.001586,1,0.004436492919921875,0.0,8.0,12.942276000976562,0.8130989074707031,801.8042945861816
2026-07-27T02:34:59.371027+00:00,s030_instance_013,1589458,30.003455,4,1.3885269165039062,0.0,8.0,11.606616973876953,0.8130989074707031,801.8042488098145
2026-07-27T02:35:29.372603+00:00,s030_instance_013,1589458,60.005032,4,1.4326400756835938,0.0,8.0,11.55557632446289,0.8130989074707031,801.8042449951172
2026-07-27T02:35:59.374414+00:00,s030_instance_013,1589458,90.006842,4,1.4793624877929688,0.0,8.0,11.512367248535156,0.8130989074707031,801.8042373657227
2026-07-27T02:36:29.376026+00:00,s030_instance_013,1589458,120.008454,4,1.4793624877929688,0.0,8.0,11.514102935791016,0.8130989074707031,801.8042297363281
2026-07-27T02:36:59.377712+00:00,s030_instance_013,1589458,150.010141,4,1.8754463195800781,0.0,8.0,11.113975524902344,0.8130989074707031,801.8042297363281
2026-07-27T02:37:29.379323+00:00,s030_instance_013,1589458,180.011751,4,2.59063720703125,0.0,8.0,10.400394439697266,0.8130989074707031,801.8042259216309
2026-07-27T02:37:59.380946+00:00,s030_instance_013,1589458,210.013374,4,2.86163330078125,0.0,8.0,10.13287353515625,0.8130989074707031,801.8042144775391
2026-07-27T02:38:29.382608+00:00,s030_instance_013,1589458,240.015036,4,2.8101844787597656,0.0,8.0,10.175682067871094,0.8130989074707031,801.8042068481445
2026-07-27T02:38:59.384452+00:00,s030_instance_013,1589458,270.016881,4,2.8101844787597656,0.0,8.0,10.18044662475586,0.8130989074707031,801.8041877746582
2026-07-27T02:39:29.386453+00:00,s030_instance_013,1589458,300.018881,4,2.8101844787597656,0.0,8.0,10.1793212890625,0.8130989074707031,801.8041877746582
2026-07-27T02:39:59.388155+00:00,s030_instance_013,1589458,330.020583,4,2.8114967346191406,0.0,8.0,10.188339233398438,0.8130989074707031,801.8041801452637
2026-07-27T02:40:29.389954+00:00,s030_instance_013,1589458,360.022383,4,2.8125152587890625,0.0,8.0,10.1810302734375,0.8130989074707031,801.8041763305664
2026-07-27T02:40:59.391653+00:00,s030_instance_013,1589458,390.024082,4,2.8125152587890625,0.0,8.0,10.177127838134766,0.8130989074707031,801.8041648864746
2026-07-27T02:41:29.393500+00:00,s030_instance_013,1589458,420.025928,4,2.8125152587890625,0.0,8.0,10.17879867553711,0.8130989074707031,801.8041496276855
2026-07-27T02:41:59.395423+00:00,s030_instance_013,1589458,450.027851,4,1.6048202514648438,0.0,8.0,11.381324768066406,0.8130989074707031,801.8041458129883
2026-07-27T02:42:29.397163+00:00,s030_instance_013,1589458,480.029591,4,1.6105842590332031,0.0,8.0,11.379955291748047,0.8130989074707031,801.8041381835938
2026-07-27T02:42:59.398965+00:00,s030_instance_013,1589458,510.031393,3,1.2142105102539062,0.0,8.0,11.765411376953125,0.8130989074707031,801.7916984558105
2026-07-27T02:43:26.732741+00:00,s030_instance_014,1592160,0.001542,1,0.00440216064453125,0.0,8.0,12.935340881347656,0.8130989074707031,801.791748046875
2026-07-27T02:43:56.734535+00:00,s030_instance_014,1592160,30.003335,4,1.0578422546386719,0.0,8.0,11.935985565185547,0.8130989074707031,801.7916641235352
2026-07-27T02:44:26.736256+00:00,s030_instance_014,1592160,60.005057,4,1.4447517395019531,0.0,8.0,11.54500961303711,0.8130989074707031,801.7916641235352
2026-07-27T02:44:56.738045+00:00,s030_instance_014,1592160,90.006846,4,1.4447517395019531,0.0,8.0,11.546070098876953,0.8130989074707031,801.7916564941406
2026-07-27T02:45:26.739738+00:00,s030_instance_014,1592160,120.008539,4,1.4447517395019531,0.0,8.0,11.54132080078125,0.8130989074707031,801.7916526794434
2026-07-27T02:45:56.741518+00:00,s030_instance_014,1592160,150.010319,4,1.6940155029296875,0.0,8.0,11.283302307128906,0.8130989074707031,801.7916412353516
2026-07-27T02:46:26.743643+00:00,s030_instance_014,1592160,180.012443,4,1.7770919799804688,0.0,8.0,11.204452514648438,0.8130989074707031,801.7916221618652
2026-07-27T02:46:56.745504+00:00,s030_instance_014,1592160,210.014304,4,1.7770919799804688,0.0,8.0,11.213504791259766,0.8130989074707031,801.791618347168
2026-07-27T02:47:26.747233+00:00,s030_instance_014,1592160,240.016033,4,1.7770919799804688,0.0,8.0,11.214080810546875,0.8130989074707031,801.7916145324707
2026-07-27T02:47:56.748805+00:00,s030_instance_014,1592160,270.017605,3,1.4048690795898438,0.0,8.0,11.582160949707031,0.8130989074707031,801.7819328308105
2026-07-27T02:48:26.750630+00:00,s030_instance_014,1592160,300.01943,3,1.4048843383789062,0.0,8.0,11.578475952148438,0.8130989074707031,801.7819290161133
2026-07-27T02:48:56.752399+00:00,s030_instance_014,1592160,330.021199,3,1.7635269165039062,0.0,8.0,11.212718963623047,0.8130989074707031,801.7818565368652
2026-07-27T02:49:02.500269+00:00,s030_instance_015,1593920,0.001415,1,0.004161834716796875,0.0,8.0,12.932109832763672,0.8130989074707031,801.7816200256348
2026-07-27T02:49:32.501955+00:00,s030_instance_015,1593920,30.0031,4,0.8520317077636719,0.0,8.0,12.138999938964844,0.8130989074707031,801.7815856933594
2026-07-27T02:49:45.832345+00:00,s030_instance_016,1594191,0.001692,1,0.0048065185546875,0.0,8.0,12.938560485839844,0.8130989074707031,801.7698020935059
2026-07-27T02:50:15.833995+00:00,s030_instance_016,1594191,30.003342,4,1.0423469543457031,0.0,8.0,11.955448150634766,0.8130989074707031,801.7697639465332
2026-07-27T02:50:45.835647+00:00,s030_instance_016,1594191,60.004994,4,1.6647109985351562,0.0,8.0,11.319892883300781,0.8130989074707031,801.7697601318359
2026-07-27T02:51:15.837543+00:00,s030_instance_016,1594191,90.00689,3,1.7781944274902344,0.0,8.0,11.200481414794922,0.8130989074707031,801.7574043273926
2026-07-27T02:51:45.839152+00:00,s030_instance_016,1594191,120.008499,3,1.7809333801269531,0.0,8.0,11.202438354492188,0.8130989074707031,801.7574005126953
2026-07-27T02:52:15.840756+00:00,s030_instance_016,1594191,150.010103,3,1.7829818725585938,0.0,8.0,11.203788757324219,0.8130989074707031,801.7573890686035
2026-07-27T02:52:45.842417+00:00,s030_instance_016,1594191,180.011764,3,1.7863273620605469,0.0,8.0,11.196052551269531,0.8130989074707031,801.7573852539062
2026-07-27T02:53:15.844038+00:00,s030_instance_016,1594191,210.013384,3,1.7876625061035156,0.0,8.0,11.195274353027344,0.8130989074707031,801.757381439209
2026-07-27T02:53:45.845673+00:00,s030_instance_016,1594191,240.01502,3,1.7886695861816406,0.0,8.0,11.190174102783203,0.8130989074707031,801.7573738098145
2026-07-27T02:54:15.847230+00:00,s030_instance_016,1594191,270.016576,3,1.7943916320800781,0.0,8.0,11.185592651367188,0.8130989074707031,801.7573585510254
2026-07-27T02:54:45.848898+00:00,s030_instance_016,1594191,300.018245,3,1.7953567504882812,0.0,8.0,11.183303833007812,0.8130989074707031,801.7573509216309
2026-07-27T02:55:15.850510+00:00,s030_instance_016,1594191,330.019857,3,1.7982406616210938,0.0,8.0,11.184467315673828,0.8130989074707031,801.7573471069336
2026-07-27T02:55:45.852112+00:00,s030_instance_016,1594191,360.021459,3,1.8001632690429688,0.0,8.0,11.17974853515625,0.8130989074707031,801.7573394775391
2026-07-27T02:56:15.853763+00:00,s030_instance_016,1594191,390.02311,3,1.8020706176757812,0.0,8.0,11.170917510986328,0.8130989074707031,801.7573318481445
2026-07-27T02:56:45.855301+00:00,s030_instance_016,1594191,420.024647,3,1.8021812438964844,0.0,8.0,11.174198150634766,0.8130989074707031,801.7573204040527
2026-07-27T02:57:15.856891+00:00,s030_instance_016,1594191,450.026238,3,1.803070068359375,0.0,8.0,11.173019409179688,0.8130989074707031,801.7573089599609
2026-07-27T02:57:45.858615+00:00,s030_instance_016,1594191,480.027962,3,1.8030967712402344,0.0,8.0,11.176254272460938,0.8130989074707031,801.7573051452637
2026-07-27T02:58:15.860253+00:00,s030_instance_016,1594191,510.0296,3,1.8050193786621094,0.0,8.0,11.17447280883789,0.8130989074707031,801.7621726989746
2026-07-27T02:58:45.861923+00:00,s030_instance_016,1594191,540.031269,3,1.8098258972167969,0.0,8.0,11.175872802734375,0.8130989074707031,801.7592582702637
2026-07-27T02:59:15.863522+00:00,s030_instance_016,1594191,570.032869,3,1.8098258972167969,0.0,8.0,11.175651550292969,0.8130989074707031,801.7584266662598
2026-07-27T02:59:45.865170+00:00,s030_instance_016,1594191,600.034516,3,1.8101615905761719,0.0,8.0,11.173892974853516,0.8130989074707031,801.7571907043457
2026-07-27T03:00:15.866768+00:00,s030_instance_016,1594191,630.036114,3,1.8107872009277344,0.0,8.0,11.181697845458984,0.8130989074707031,801.7571792602539
2026-07-27T03:00:45.868456+00:00,s030_instance_016,1594191,660.037803,3,1.8127098083496094,0.0,8.0,11.176033020019531,0.8130989074707031,801.7571716308594
2026-07-27T03:01:15.870097+00:00,s030_instance_016,1594191,690.039443,3,1.8140525817871094,0.0,8.0,11.16579818725586,0.8130989074707031,801.7571601867676
2026-07-27T03:01:45.871767+00:00,s030_instance_016,1594191,720.041114,3,1.8165550231933594,0.0,8.0,11.174766540527344,0.8130989074707031,801.757152557373
2026-07-27T03:02:15.873427+00:00,s030_instance_016,1594191,750.042774,3,1.8194389343261719,0.0,8.0,11.179065704345703,0.8130989074707031,801.7571449279785
2026-07-27T03:02:45.875168+00:00,s030_instance_016,1594191,780.044514,3,1.8194389343261719,0.0,8.0,11.166805267333984,0.8130989074707031,801.7571411132812
2026-07-27T03:03:15.876775+00:00,s030_instance_016,1594191,810.046122,3,1.8194389343261719,0.0,8.0,11.16176986694336,0.8130989074707031,801.757137298584
2026-07-27T03:03:45.878560+00:00,s030_instance_016,1594191,840.047907,3,1.8194389343261719,0.0,8.0,11.163681030273438,0.8130989074707031,801.7571334838867
2026-07-27T03:04:15.880173+00:00,s030_instance_016,1594191,870.04952,3,1.8218307495117188,0.0,8.0,11.167720794677734,0.8130989074707031,801.7571144104004
2026-07-27T03:04:45.881820+00:00,s030_instance_016,1594191,900.051167,3,1.8225822448730469,0.0,8.0,11.165935516357422,0.8130989074707031,801.7571067810059
2026-07-27T03:05:15.883431+00:00,s030_instance_016,1594191,930.052778,3,1.8242340087890625,0.0,8.0,11.167564392089844,0.8130989074707031,801.7571029663086
2026-07-27T03:05:45.885092+00:00,s030_instance_016,1594191,960.054439,3,1.8271293640136719,0.0,8.0,11.161468505859375,0.8130989074707031,801.7570953369141
2026-07-27T03:06:15.886664+00:00,s030_instance_016,1594191,990.056011,3,1.8472976684570312,0.0,8.0,11.144786834716797,0.8130989074707031,801.7570877075195
2026-07-27T03:06:45.888331+00:00,s030_instance_016,1594191,1020.057678,3,1.8492317199707031,0.0,8.0,11.13873291015625,0.8130989074707031,801.7570724487305
2026-07-27T03:07:15.890133+00:00,s030_instance_016,1594191,1050.05948,3,1.8492355346679688,0.0,8.0,11.13991928100586,0.8130989074707031,801.7570686340332
2026-07-27T03:07:45.891781+00:00,s030_instance_016,1594191,1080.061128,3,1.8492431640625,0.0,8.0,11.14242935180664,0.8130989074707031,801.7570648193359
2026-07-27T03:08:15.893447+00:00,s030_instance_016,1594191,1110.062794,3,1.8492431640625,0.0,8.0,11.137870788574219,0.8130989074707031,801.7570610046387
2026-07-27T03:08:45.895078+00:00,s030_instance_016,1594191,1140.064426,3,1.8530845642089844,0.0,8.0,11.139041900634766,0.8130989074707031,801.7570533752441
2026-07-27T03:09:03.732227+00:00,s030_instance_017,1600089,0.001523,1,0.004367828369140625,0.0,8.0,12.939872741699219,0.8130989074707031,801.747386932373
2026-07-27T03:09:33.734108+00:00,s030_instance_017,1600089,30.003403,4,1.5749015808105469,0.0,8.0,11.414787292480469,0.8130989074707031,801.7473297119141
2026-07-27T03:10:03.735765+00:00,s030_instance_017,1600089,60.005061,4,1.6107139587402344,0.0,8.0,11.375511169433594,0.8130989074707031,801.7473220825195
2026-07-27T03:10:33.737475+00:00,s030_instance_017,1600089,90.00677,3,1.3785858154296875,0.0,8.0,11.598373413085938,0.8130989074707031,801.7386665344238
2026-07-27T03:11:03.739112+00:00,s030_instance_017,1600089,120.008407,3,1.2455863952636719,0.0,8.0,11.740215301513672,0.8130989074707031,801.7386627197266
2026-07-27T03:11:33.741087+00:00,s030_instance_017,1600089,150.010382,3,1.2446479797363281,0.0,8.0,11.735218048095703,0.8130989074707031,801.7386474609375
2026-07-27T03:11:50.416418+00:00,s030_instance_018,1600937,0.001826,1,0.004978179931640625,0.0,8.0,12.929676055908203,0.8130989074707031,801.7376899719238
2026-07-27T03:12:20.418118+00:00,s030_instance_018,1600937,30.003526,4,1.0415191650390625,0.0,8.0,11.948455810546875,0.8130989074707031,801.7376556396484
2026-07-27T03:12:50.419762+00:00,s030_instance_018,1600937,60.00517,4,1.0415191650390625,0.0,8.0,11.919620513916016,0.8130989074707031,801.7376518249512
2026-07-27T03:13:09.609551+00:00,s030_instance_019,1601467,0.001536,1,0.004383087158203125,0.0,8.0,12.938873291015625,0.8130989074707031,801.7280502319336
2026-07-27T03:13:39.611345+00:00,s030_instance_019,1601467,30.003329,4,0.7979240417480469,0.0,8.0,12.180641174316406,0.8130989074707031,801.7280082702637
2026-07-27T03:14:09.613017+00:00,s030_instance_019,1601467,60.005002,4,1.7909202575683594,0.0,8.0,11.17025375366211,0.8130989074707031,801.7282638549805
2026-07-27T03:14:39.614819+00:00,s030_instance_019,1601467,90.006803,4,1.7938652038574219,0.0,8.0,11.249542236328125,0.8130989074707031,801.7282104492188
2026-07-27T03:15:09.616559+00:00,s030_instance_019,1601467,120.008543,4,1.8570518493652344,0.0,8.0,11.158504486083984,0.8130989074707031,801.7282066345215
2026-07-27T03:15:25.203659+00:00,s030_instance_020,1602193,0.001659,1,0.004123687744140625,0.0,8.0,12.971202850341797,0.8130989074707031,801.7112045288086
2026-07-27T03:15:55.205492+00:00,s030_instance_020,1602193,30.003491,4,1.0897483825683594,0.0,8.0,11.923316955566406,0.8130989074707031,801.7111663818359
2026-07-27T03:16:25.207185+00:00,s030_instance_020,1602193,60.005184,3,0.4137420654296875,0.0,8.0,12.592147827148438,0.8130989074707031,801.6996459960938
2026-07-27T03:16:31.053638+00:00,s050_instance_001,1602568,0.00161,1,0.0044097900390625,0.0,8.0,12.957122802734375,0.8130989074707031,801.6994247436523
2026-07-27T03:17:01.055339+00:00,s050_instance_001,1602568,30.003311,6,0.7053108215332031,0.0,8.0,12.329551696777344,0.8130989074707031,801.699390411377
2026-07-27T03:17:31.057464+00:00,s050_instance_001,1602568,60.005436,6,1.3055191040039062,0.0,8.0,11.731132507324219,0.8130989074707031,801.6993865966797
2026-07-27T03:18:01.059353+00:00,s050_instance_001,1602568,90.007326,6,1.9178504943847656,0.0,8.0,11.112716674804688,0.8130989074707031,801.6993675231934
2026-07-27T03:18:31.061149+00:00,s050_instance_001,1602568,120.009122,6,2.7502517700195312,0.0,8.0,10.279670715332031,0.8130989074707031,801.6993637084961
2026-07-27T03:19:01.062940+00:00,s050_instance_001,1602568,150.010913,6,3.626178741455078,0.0,8.0,9.404472351074219,0.8130989074707031,801.6993598937988
2026-07-27T03:19:31.064856+00:00,s050_instance_001,1602568,180.012829,6,4.431388854980469,0.0,8.0,8.600406646728516,0.8130989074707031,801.6993560791016
2026-07-27T03:20:01.066779+00:00,s050_instance_001,1602568,210.014751,6,5.228092193603516,0.0,8.0,7.791568756103516,0.8130989074707031,801.699333190918
2026-07-27T03:20:31.068582+00:00,s050_instance_001,1602568,240.016555,6,5.9716339111328125,0.0,8.0,7.050144195556641,0.8145637512207031,801.6993293762207
2026-07-27T03:21:01.070412+00:00,s050_instance_001,1602568,270.018384,6,6.710453033447266,0.0,8.0,6.331565856933594,0.8160285949707031,801.6993217468262
2026-07-27T03:21:31.072283+00:00,s050_instance_001,1602568,300.020254,6,7.447658538818359,0.0,8.0,5.589790344238281,0.8174934387207031,801.6993179321289
2026-07-27T03:22:01.074097+00:00,s050_instance_001,1602568,330.022061,6,8.148811340332031,0.0,8.0,4.884082794189453,0.8189582824707031,801.6993141174316
2026-07-27T03:22:01.315896+00:00,s050_instance_002,1604099,0.010208,1,0.000274658203125,0.0,8.0,12.985069274902344,0.8189582824707031,801.6993064880371
2026-07-27T03:22:31.317652+00:00,s050_instance_002,1604099,30.011965,6,0.5694160461425781,0.0,8.0,12.483840942382812,0.8189582824707031,801.6992645263672
2026-07-27T03:23:01.320532+00:00,s050_instance_002,1604099,60.014844,6,1.0128936767578125,0.0,8.0,12.035709381103516,0.8189582824707031,801.6992607116699
2026-07-27T03:23:31.322320+00:00,s050_instance_002,1604099,90.016632,6,1.1991043090820312,0.0,8.0,11.840084075927734,0.8189582824707031,801.6992454528809
2026-07-27T03:24:01.324035+00:00,s050_instance_002,1604099,120.018348,6,1.211669921875,0.0,8.0,11.825454711914062,0.8189582824707031,801.6992416381836
2026-07-27T03:24:31.325830+00:00,s050_instance_002,1604099,150.020143,6,1.4393348693847656,0.0,8.0,11.602283477783203,0.8189582824707031,801.6992301940918
2026-07-27T03:25:01.327549+00:00,s050_instance_002,1604099,180.021862,6,1.50738525390625,0.0,8.0,11.537425994873047,0.8189582824707031,801.6992263793945
2026-07-27T03:25:31.329418+00:00,s050_instance_002,1604099,210.023731,6,1.6290130615234375,0.0,8.0,11.415294647216797,0.8189582824707031,801.6992149353027
2026-07-27T03:26:01.331214+00:00,s050_instance_002,1604099,240.025527,6,1.6419906616210938,0.0,8.0,11.394599914550781,0.8189582824707031,801.6992111206055
2026-07-27T03:26:31.332987+00:00,s050_instance_002,1604099,270.0273,6,2.069183349609375,0.0,8.0,10.96859359741211,0.8189582824707031,801.6991882324219
2026-07-27T03:27:01.334768+00:00,s050_instance_002,1604099,300.029081,6,3.0779190063476562,0.0,8.0,9.962100982666016,0.8189582824707031,801.6991844177246
2026-07-27T03:27:31.336599+00:00,s050_instance_002,1604099,330.030911,6,3.905345916748047,0.0,8.0,9.133529663085938,0.8189582824707031,801.6991767883301
2026-07-27T03:28:01.338338+00:00,s050_instance_002,1604099,360.03265,6,4.972557067871094,0.0,8.0,8.06723403930664,0.8189582824707031,801.6991729736328
2026-07-27T03:28:31.340389+00:00,s050_instance_002,1604099,390.034702,6,5.918525695800781,0.0,8.0,7.1185455322265625,0.8189582824707031,801.6991653442383
2026-07-27T03:29:01.342288+00:00,s050_instance_002,1604099,420.0366,6,6.732318878173828,0.0,8.0,6.310111999511719,0.8189582824707031,801.7012062072754
2026-07-27T03:29:31.344050+00:00,s050_instance_002,1604099,450.038363,6,7.582340240478516,0.0,8.0,5.458465576171875,0.8189582824707031,801.6999664306641
2026-07-27T03:30:01.345847+00:00,s050_instance_002,1604099,480.04016,6,8.43795394897461,0.0,8.0,4.632598876953125,0.8211555480957031,801.6999664306641
2026-07-27T03:30:01.372269+00:00,s050_instance_003,1606452,0.00158,1,0.00397491455078125,0.0,6.061576843261719,6.1466522216796875,0.8211555480957031,801.6999549865723
2026-07-27T03:30:31.374069+00:00,s050_instance_003,1606452,30.00338,6,0.678985595703125,0.0,6.061576843261719,12.389717102050781,0.8211555480957031,801.6999092102051
2026-07-27T03:31:01.375833+00:00,s050_instance_003,1606452,60.005145,6,1.4195442199707031,0.0,6.061576843261719,11.641483306884766,0.8211555480957031,801.6995849609375
2026-07-27T03:31:31.377643+00:00,s050_instance_003,1606452,90.006955,6,1.6082115173339844,0.0,6.061576843261719,11.449722290039062,0.8211555480957031,801.699577331543
2026-07-27T03:32:01.379421+00:00,s050_instance_003,1606452,120.008732,6,1.6331100463867188,0.0,6.061576843261719,11.432716369628906,0.8211555480957031,801.6995735168457
2026-07-27T03:32:31.381193+00:00,s050_instance_003,1606452,150.010504,6,2.451160430908203,0.0,6.061576843261719,10.61233901977539,0.8211555480957031,801.6995697021484
2026-07-27T03:33:01.382943+00:00,s050_instance_003,1606452,180.012255,6,3.8752479553222656,0.0,6.061576843261719,9.183837890625,0.8211555480957031,801.6995506286621
2026-07-27T03:33:31.384808+00:00,s050_instance_003,1606452,210.01412,6,4.813713073730469,0.0,6.061576843261719,8.212940216064453,0.8211555480957031,801.699535369873
2026-07-27T03:46:26.382749+00:00,s050_instance_001,1613001,0.020559,1,7.62939453125e-06,0.0,12.0,12.961540222167969,0.8209114074707031,801.697925567627
2026-07-27T03:46:56.409711+00:00,s050_instance_001,1613001,30.047519,6,0.6954307556152344,0.0,12.0,12.336742401123047,0.8209114074707031,801.6977462768555
2026-07-27T03:47:26.411449+00:00,s050_instance_001,1613001,60.049258,6,1.29931640625,0.0,12.0,11.734588623046875,0.8209114074707031,801.6978797912598
2026-07-27T03:47:56.413273+00:00,s050_instance_001,1613001,90.051083,6,1.8678092956542969,0.0,12.0,11.136859893798828,0.8209114074707031,801.6978721618652
2026-07-27T03:48:26.415040+00:00,s050_instance_001,1613001,120.052849,6,2.6482086181640625,0.0,12.0,10.35805892944336,0.8209114074707031,801.6978530883789
2026-07-27T03:48:56.416844+00:00,s050_instance_001,1613001,150.054653,6,3.48370361328125,0.0,12.0,9.554500579833984,0.8209114074707031,801.6978530883789
2026-07-27T03:49:26.418642+00:00,s050_instance_001,1613001,180.056451,6,4.301490783691406,0.0,12.0,8.727851867675781,0.8209114074707031,801.6978492736816
2026-07-27T03:49:56.420430+00:00,s050_instance_001,1613001,210.05824,6,5.184635162353516,0.0,12.0,7.841400146484375,0.8209114074707031,801.6978454589844
2026-07-27T03:50:26.422579+00:00,s050_instance_001,1613001,240.060388,6,5.940067291259766,0.0,12.0,7.083168029785156,0.8209114074707031,801.6978187561035
2026-07-27T03:50:56.424331+00:00,s050_instance_001,1613001,270.062141,6,6.651149749755859,0.0,12.0,6.376617431640625,0.8209114074707031,801.6978187561035
2026-07-27T03:51:26.426459+00:00,s050_instance_001,1613001,300.064266,6,7.407524108886719,0.0,12.0,5.616249084472656,0.8209114074707031,801.697811126709
2026-07-27T03:51:56.428296+00:00,s050_instance_001,1613001,330.066106,6,8.094051361083984,0.0,12.0,4.928104400634766,0.8209114074707031,801.697811126709
2026-07-27T03:52:26.430629+00:00,s050_instance_001,1613001,360.068438,6,8.55312728881836,0.0,12.0,4.462566375732422,0.8209114074707031,801.6977996826172
2026-07-27T03:52:56.432447+00:00,s050_instance_001,1613001,390.070257,6,8.580848693847656,0.0,12.0,4.434989929199219,0.8209114074707031,801.6977882385254
2026-07-27T03:53:26.434355+00:00,s050_instance_001,1613001,420.072164,6,8.532726287841797,0.0,12.0,4.481975555419922,0.8209114074707031,801.6977844238281
2026-07-27T03:53:56.436330+00:00,s050_instance_001,1613001,450.074139,6,8.523178100585938,0.0,12.0,4.488563537597656,0.8209114074707031,801.6977653503418
2026-07-27T03:54:26.438143+00:00,s050_instance_001,1613001,480.075953,6,8.523681640625,0.0,12.0,4.490348815917969,0.8209114074707031,801.6977615356445
2026-07-27T03:54:56.439835+00:00,s050_instance_001,1613001,510.077645,6,8.523967742919922,0.0,12.0,4.4891357421875,0.8209114074707031,801.6977577209473
2026-07-27T03:55:26.441615+00:00,s050_instance_001,1613001,540.079424,6,8.524166107177734,0.0,12.0,4.498218536376953,0.8209114074707031,801.6977577209473
2026-07-27T03:55:56.443349+00:00,s050_instance_001,1613001,570.081158,6,8.524600982666016,0.0,12.0,4.490074157714844,0.8209114074707031,801.6977424621582
2026-07-27T03:56:26.445223+00:00,s050_instance_001,1613001,600.083032,6,8.524799346923828,0.0,12.0,4.493049621582031,0.8209114074707031,801.6977157592773
2026-07-27T03:56:56.447126+00:00,s050_instance_001,1613001,630.084934,6,8.52532958984375,0.0,12.0,4.496379852294922,0.8209114074707031,801.6977157592773
2026-07-27T03:57:26.449232+00:00,s050_instance_001,1613001,660.087041,6,8.779022216796875,0.0,12.0,4.242156982421875,0.8209114074707031,801.6977081298828
2026-07-27T03:57:56.451197+00:00,s050_instance_001,1613001,690.089005,6,8.858261108398438,0.0,12.0,4.159309387207031,0.8209114074707031,801.6977081298828
2026-07-27T04:01:16.594487+00:00,s050_instance_002,1618267,0.001691,1,0.00466156005859375,0.0,12.0,12.961780548095703,0.8209114074707031,801.6700477600098
2026-07-27T04:01:46.596146+00:00,s050_instance_002,1618267,30.00335,6,0.5885734558105469,0.0,12.0,12.441535949707031,0.8209114074707031,801.6700172424316
2026-07-27T04:02:16.597948+00:00,s050_instance_002,1618267,60.005151,6,0.9607200622558594,0.0,12.0,12.073455810546875,0.8209114074707031,801.6700096130371
2026-07-27T04:02:46.599665+00:00,s050_instance_002,1618267,90.006869,6,1.1972923278808594,0.0,12.0,11.834819793701172,0.8209114074707031,801.6700096130371
2026-07-27T04:03:16.601654+00:00,s050_instance_002,1618267,120.008858,6,1.2020034790039062,0.0,12.0,11.833621978759766,0.8209114074707031,801.6699867248535
2026-07-27T04:03:46.603493+00:00,s050_instance_002,1618267,150.010697,6,1.4357643127441406,0.0,12.0,11.58926773071289,0.8209114074707031,801.6699867248535
2026-07-27T04:04:16.605386+00:00,s050_instance_002,1618267,180.01259,6,1.461395263671875,0.0,12.0,11.574581146240234,0.8209114074707031,801.6699867248535
2026-07-27T04:04:46.607226+00:00,s050_instance_002,1618267,210.01443,6,1.4944114685058594,0.0,12.0,11.532917022705078,0.8209114074707031,801.6699829101562
2026-07-27T04:05:16.608947+00:00,s050_instance_002,1618267,240.016151,6,1.4064865112304688,0.0,12.0,11.623741149902344,0.8209114074707031,801.669979095459
2026-07-27T04:05:46.610777+00:00,s050_instance_002,1618267,270.01798,6,1.5162849426269531,0.0,12.0,11.504417419433594,0.8209114074707031,801.6699600219727
2026-07-27T04:06:16.612557+00:00,s050_instance_002,1618267,300.019761,6,2.506237030029297,0.0,12.0,10.523353576660156,0.8209114074707031,801.6699562072754
2026-07-27T04:06:46.614462+00:00,s050_instance_002,1618267,330.021666,6,3.382671356201172,0.0,12.0,9.643047332763672,0.8209114074707031,801.6699485778809
2026-07-27T04:07:16.616327+00:00,s050_instance_002,1618267,360.02353,6,4.3264923095703125,0.0,12.0,8.64822769165039,0.8091926574707031,801.6699485778809
2026-07-27T04:07:46.618197+00:00,s050_instance_002,1618267,390.0254,6,5.187736511230469,0.0,12.0,7.778167724609375,0.8091926574707031,801.6699409484863
2026-07-27T04:08:16.619966+00:00,s050_instance_002,1618267,420.027171,6,5.9903106689453125,0.0,12.0,6.976016998291016,0.8091926574707031,801.6699295043945
2026-07-27T04:08:46.621909+00:00,s050_instance_002,1618267,450.029113,6,7.059303283691406,0.0,12.0,5.927825927734375,0.8091926574707031,801.6699295043945
2026-07-27T04:09:16.623633+00:00,s050_instance_002,1618267,480.030837,6,8.081138610839844,0.0,12.0,4.923236846923828,0.8094367980957031,801.669849395752
2026-07-27T04:09:46.626457+00:00,s050_instance_002,1618267,510.033659,6,9.862663269042969,0.0,12.0,3.2770233154296875,0.9168739318847656,801.6697463989258
2026-07-27T04:10:16.629377+00:00,s050_instance_002,1618267,540.036581,6,10.150684356689453,0.0,12.0,2.963550567626953,0.9210472106933594,801.6695976257324
2026-07-27T04:10:46.631171+00:00,s050_instance_002,1618267,570.038375,6,10.159435272216797,0.0,12.0,2.9793243408203125,0.9222679138183594,801.6696739196777
2026-07-27T04:11:16.644075+00:00,s050_instance_002,1618267,600.051279,6,10.170612335205078,0.0,12.0,2.9590797424316406,0.9230079650878906,801.6696090698242
2026-07-27T04:11:46.645900+00:00,s050_instance_002,1618267,630.053104,6,10.179264068603516,0.0,12.0,2.953296661376953,0.9232521057128906,801.669605255127
2026-07-27T04:12:16.647847+00:00,s050_instance_002,1618267,660.055051,6,10.18887710571289,0.0,12.0,2.945770263671875,0.9232521057128906,801.6694488525391
2026-07-27T04:12:46.649687+00:00,s050_instance_002,1618267,690.056891,6,10.196971893310547,0.0,12.0,2.9349136352539062,0.9232521057128906,801.6693801879883
2026-07-27T04:13:16.651614+00:00,s050_instance_002,1618267,720.058817,6,10.205623626708984,0.0,12.0,2.9323081970214844,0.9234962463378906,801.6693801879883
2026-07-27T04:13:46.653412+00:00,s050_instance_002,1618267,750.060615,6,10.216197967529297,0.0,12.0,2.9259796142578125,0.9234962463378906,801.669361114502
2026-07-27T04:14:16.655355+00:00,s050_instance_002,1618267,780.062558,6,10.224990844726562,0.0,12.0,2.917194366455078,0.9234962463378906,801.6693572998047
2026-07-27T04:14:46.657103+00:00,s050_instance_002,1618267,810.064307,6,10.236087799072266,0.0,12.0,2.899829864501953,0.9239845275878906,801.6693382263184
2026-07-27T04:15:16.658932+00:00,s050_instance_002,1618267,840.066136,6,10.246601104736328,0.0,12.0,2.894977569580078,0.9239845275878906,801.6693267822266
2026-07-27T04:15:46.660721+00:00,s050_instance_002,1618267,870.067925,6,10.256221771240234,0.0,12.0,2.8854827880859375,0.9239845275878906,801.6693229675293
